ajax |AJAX |Ajax ,245.0
page |page |Page |pages ,63.0
application |application |applications |Applications ,47.0
javascript |JavaScript ,40.0
browser |Browser |browsers |browser ,30.0
xml |XML ,25.0
xmlhttprequest |XMLHttpRequest |XMLHTTPRequest ,25.0
user |user ,24.0
use |use |Use ,23.0
request |requests |request ,22.0
football club |football club ,22.0
content |content |Contents ,18.0
server |server ,18.0
microsoft |Microsoft ,17.0
web |Web |web ,16.0
xhr |xhr ,16.0
web application |Web Applications |Web applications |Web application ,16.0
archived |Archived ,16.0
original |original ,16.0
view |View |views ,15.0
programming |programming ,14.0
technique |technique |techniques ,14.0
html |HTML ,14.0
link |link |links ,14.0
get |GET |Get ,12.0
php |php ,12.0
xmlhttprequest object |XMLHttpRequest object |XMLHttpRequest Object ,12.0
state |state ,12.0
text |text ,10.0
information |information ,10.0
google |Google ,10.0
article |articles |article ,10.0
example |example ,9.0
definition |definition |Definitions ,9.0
term ajax |term Ajax ,8.0
ibm |IBM ,8.0
dynamically |dynamically ,8.0
united state |United States ,8.0
method |Methods |method ,8.0
internet explorer |Internet Explorer ,8.0
asynchronous javascript |asynchronous JavaScript |Asynchronous JavaScript ,8.0
town |town ,8.0
background |background ,7.0
javascript and xml |JavaScript and XML ,7.0
jesse james garrett |Jesse James Garrett ,7.0
email |Email |email ,7.0
cloud |cloud ,7.0
town ajax |town Ajax ,6.0
history |History ,6.0
change |changes ,6.0
tool |tools ,6.0
interchange |interchange ,6.0
display |display ,6.0
functionality |functionality ,6.0
approach |Approach ,6.0
ajax asynchronous javascript |Ajax Asynchronous JavaScript ,6.0
problem |problem ,6.0
load |load ,6.0
xmlhttp |XMLHTTP ,6.0
url |URL ,6.0
iframe |iframe ,6.0
json |JSON ,6.0
alert |alert ,6.0
character |character ,6.0
password |Password |password ,6.0
web page |Web pages |Web page ,6.0
group |group ,6.0
techtarget |TechTarget ,6.0
engine |engine ,5.0
developer |Developers |developers ,5.0
news |News ,5.0
ajax application |Ajax application |Ajax applications ,5.0
salamina |Salamina ,4.0
alex |Alex ,4.0
behavior |behavior ,4.0
workaround |workaround ,4.0
id digdeeperviewall |id digDeeperViewAll ,4.0
url fragment identifier |URL fragment identifier ,4.0
jax |Jax ,4.0
thing |thing ,4.0
draft |draft ,4.0
support |support ,4.0
son |son ,4.0
javascript object notation |JavaScript Object Notation ,4.0
client-side |client-side ,4.0
wikipedia |Wikipedia ,4.0
hopmann |Hopmann ,4.0
windows presentation foundation |Windows Presentation Foundation ,4.0
netherlands |Netherlands ,4.0
world wide web consortium |World Wide Web Consortium ,4.0
dom |DOM ,4.0
disney |Disney ,4.0
xslt |XSLT ,4.0
orlando |Orlando ,4.0
canada |Canada ,4.0
encyclopedia jump |encyclopedia Jump ,4.0
song |song ,4.0
data interchange |data interchange ,4.0
ontario |Ontario ,4.0
manipulation |manipulation ,4.0
trojan war |Trojan War ,4.0
ajax technique |Ajax techniques ,4.0
email address |email address |Email Address ,4.0
ship |ships ,4.0
floppy disk controller |floppy disk controller ,4.0
returned text |returned text ,4.0
title |title ,4.0
framework |framework ,4.0
ajax-enabled page |Ajax-enabled page ,4.0
process |process ,4.0
xhr status |xhr status ,4.0
send |Send ,4.0
function |function ,4.0
web crawler |Web crawlers ,4.0
page state |page state |page states ,4.0
solution |Solutions |solution ,4.0
button class button black-button |button class button black-button ,4.0
full page |full page ,4.0
ruler |ruler ,4.0
web site |Web sites ,4.0
partner |partners ,3.0
googlead |googleads ,3.0
code |code ,3.0
border |border ,3.0
technology |technology ,3.0
img height |img height ,3.0
whati |WhatIs ,3.0
navigation |navigation ,3.0
case |cases |case ,3.0
combination |combination ,3.0
api |API ,3.0
nexawebajaxcharacteristic |NexawebAjaxCharacteristics ,3.0
book |book ,3.0
document object model |Document Object Model ,2.0
ajax term |AJAX term ,2.0
text plain |text plain ,2.0
default page |default page ,2.0
en wikipedia |en wikipedia ,2.0
continued |Continued ,2.0
lesser |Lesser ,2.0
content type header content-type |content type header Content-Type ,2.0
story |Story ,2.0
search |search ,2.0
official web standard |official Web standard ,2.0
operation ajax |Operation Ajax ,2.0
browser and server |browser and server ,2.0
v t e cloud computing applications google app |v t e Cloud computing Applications Google Apps ,2.0
french champion racehorse ajax ii b |French Champion racehorse Ajax II b ,2.0
google page |Google pages ,2.0
asynchronous web application |asynchronous Web applications ,2.0
number |number ,2.0
programming tool |programming tools ,2.0
ajax aias salamina f c |Ajax Aias Salamina F C ,2.0
marvel universe ajak |Marvel Universe Ajak ,2.0
additional load |additional load ,2.0
explicit |Explicit ,2.0
danish handball team |Danish handball team ,2.0
technologies edit |Technologies edit ,2.0
natchitoches parish ajax |Natchitoches Parish Ajax ,2.0
first component xmlhttp |first component XMLHTTP ,2.0
wikidata article |Wikidata Articles ,2.0
server-side script |server-side script ,2.0
use dmy date |Use dmy dates ,2.0
dynamic page update |dynamic page updates ,2.0
activex version |ActiveX version ,2.0
isbn |ISBN ,2.0
domain |domains ,2.0
preformatted html or plain text |preformatted HTML or plain text ,2.0
single technology |single technology ,2.0
microsoft outlook web app team |Microsoft Outlook Web App team ,2.0
alex hopmann s blog |Alex Hopmann s Blog ,2.0
member |member ,2.0
invisible iframe |invisible iframes ,2.0
louisiana |Louisiana ,2.0
wikibook |Wikibooks ,2.0
looney tune |Looney Tunes ,2.0
leiden |Leiden ,2.0
brazil |Brazil ,2.0
utility |utility ,2.0
screenreader |Screenreaders ,2.0
locri |Locris ,2.0
selenium documentation |Selenium documentation ,2.0
search field |search field ,2.0
application design |application design ,2.0
file system |file system ,2.0
humor device |humor device ,2.0
eight south devon railway dido class steam locomotive |eight South Devon Railway Dido class steam locomotives ,2.0
dmoz link |DMOZ links ,2.0
canada ajax go station |Canada Ajax GO Station ,2.0
pda |PDAs ,2.0
example edit |Example edit ,2.0
go transit network |GO Transit network ,2.0
existing page |existing page ,2.0
site-wide failover netapp |Site-Wide Failover NetApp ,2.0
station |station ,2.0
suevi |Suevi ,2.0
open hearth furnace |open hearth furnace ,2.0
jaw |JAWS ,2.0
u s hms ajax |U S HMS Ajax ,2.0
native xmlhttprequest model |native XMLHttpRequest model ,2.0
hudson landry music edit ajax band |Hudson Landry Music edit Ajax band ,2.0
web application development ajax framework |web application development Ajax framework ,2.0
popular javascript library jquery |popular JavaScript library jQuery ,2.0
q a ajax programming |Q A Ajax programming ,2.0
salami |Salamis ,2.0
javascript code |JavaScript code ,2.0
html and cs |HTML and CSS ,2.0
york city ajax dj |York City Ajax DJ ,2.0
cross-site request |Cross-Site Requests ,2.0
dynamic html |Dynamic HTML ,2.0
andrea |Andreas ,2.0
tante leen videogames edit |Tante Leen Videogames edit ,2.0
div style display inline |div style display inline ,2.0
keyboardist |keyboardist ,2.0
internal link |internal link ,2.0
cuthbertson |Cuthbertson ,2.0
complete page |complete page ,2.0
telamon |Telamon ,2.0
ghost town ajax |ghost town Ajax ,2.0
client view |Client View ,2.0
ancient greek tragedian sophocles ajax |ancient Greek tragedian Sophocles Ajax ,2.0
ajax-based app |Ajax-based Apps ,2.0
eternal |Eternals ,2.0
disney equivalent |Disney equivalent ,2.0
b c jesse james garrett |b c Jesse James Garrett ,2.0
implicit wait |Implicit Waits ,2.0
american anti-aircraft missile literature and fiction edit ajax sophocles |American anti-aircraft missile Literature and fiction edit Ajax Sophocles ,2.0
ajax learning guide |Ajax Learning Guide ,2.0
internet connection |internet connection ,2.0
south korean boy band ajax |South Korean boy band AjaX ,2.0
west virginia aspen mountain colorado |West Virginia Aspen Mountain Colorado ,2.0
stock quote |stock quotes ,2.0
wai-aria overview |WAI-ARIA Overview ,2.0
interrelated web development technique |interrelated Web development techniques ,2.0
australian champion racehorse vehicles edit |Australian Champion racehorse Vehicles edit ,2.0
disaster strike |Disaster Strikes ,2.0
public beta release |public beta release ,2.0
apache org |Apache org ,2.0
town ajax high school |town Ajax High School ,2.0
quinsey |Quinsey ,2.0
florida ajax sportman combinatie asc |Florida Ajax Sportman Combinatie ASC ,2.0
reverse ajax rich internet application websocket actionscript references edit |Reverse Ajax Rich Internet application WebSocket ActionScript References edit ,2.0
inconvenient |inconvenient ,2.0
xmlhttprequest javascript object |XMLHttpRequest JavaScript object ,2.0
delivery |delivery ,2.0
development |developments ,2.0
dmoz ajax tutorial |DMOZ Ajax Tutorial ,2.0
client script |client script ,2.0
client-side script |client-side script ,2.0
x html fragment |X HTML fragments ,2.0
user experience |user experience ,2.0
electronic band |electronic band ,2.0
first large-scale e-commerce |first large-scale e-commerce ,2.0
search engine |search engines ,2.0
intended article |intended article ,2.0
pen |pen ,2.0
xhtml and cs |XHTML and CSS ,2.0
cricket and football club |cricket and football club ,2.0
smartphones and pda |smartphones and PDAs ,2.0
dynamic display |dynamic display ,2.0
portal site |portal sites ,2.0
dynamic web page update |Dynamic Web page updates ,2.0
searchsoa |SearchSOA ,2.0
maltese football club uni n jax |Maltese football club Uni n jax ,2.0
partial change |partial change ,2.0
ahah |AHAH ,2.0
asynchronous html and http ahah |Asynchronous HTML and HTTP AHAH ,2.0
ajax mountain kanichee mine |Ajax Mountain Kanichee Mine ,2.0
oldest preserved steam locomotive |oldest preserved steam locomotive ,2.0
plain text |plain text ,2.0
alternative format |alternative format ,2.0
type |type ,2.0
mobile applications blackberry |Mobile Applications BlackBerry ,2.0
interactive application |interactive applications ,2.0
adaptivepath |AdaptivePath ,2.0
ajax mine other edit |Ajax Mine Other edit ,2.0
special cross domain communications channel |special Cross Domain Communications channel ,2.0
preformatted html |preformatted HTML ,2.0
ullman |Ullman ,2.0
football edit |Football edit ,2.0
hero |hero ,2.0
intuit |Intuit ,2.0
peter |Peter ,2.0
ajax technique ajax floppy disk controller |Ajax technique Ajax floppy disk controller ,2.0
extensive api standard |extensive API standard ,2.0
docker |Docker ,2.0
paul |Paul ,2.0
synchronous replication |Synchronous Replication ,2.0
american soccer team |American soccer team ,2.0
style information |style information ,2.0
public high school |public high school ,2.0
unstable internet connection |unstable Internet connection ,2.0
pop culture suicides ajax song |Pop Culture Suicides Ajax song ,2.0
kayak user interface |Kayak User Interface ,2.0
edit ajax framework list |edit Ajax framework List ,2.0
ajax and screenreader |Ajax and Screenreaders ,2.0
play |play ,2.0
hint |hints ,2.0
user interaction |user interactions ,2.0
fine-grained tracking |fine-grained tracking ,2.0
successive ajax request |successive Ajax requests ,2.0
performance problem |performance problems ,2.0
ajax ajax |AJAX Ajax ,2.0
en wikipedia org w index php title ajax programming |en wikipedia org w index php title Ajax programming ,2.0
guide |Guides ,2.0
web applications article |Web Applications Article ,2.0
sitepoint |sitepoint ,2.0
get method |GET method ,2.0
e-mail |E-Mail ,2.0
united states navy ajax locomotive |United States Navy Ajax locomotive ,2.0
amsterdam |Amsterdam ,2.0
locrian contingent |Locrian contingent ,2.0
security feature |security feature ,2.0
microsoft object |Microsoft object ,2.0
tat ajax furnace |tat AJAX furnace ,2.0
process user request |process user requests ,2.0
asynchronous html |Asynchronous HTML ,2.0
nature |nature ,2.0
communicate |communicates ,2.0
year |years ,2.0
congolese football club ajax futebol clube |Congolese football club Ajax Futebol Clube ,2.0
ajax request var xhr |Ajax request var xhr ,2.0
alternative mean |alternative means ,2.0
prokoph |Prokoph ,2.0
programming cloud standard |programming Cloud standards ,2.0
american anti-aircraft missile literature |American anti-aircraft missile Literature ,2.0
standards-compliant cross browser ajax |standards-compliant cross browser Ajax ,2.0
aaron swartz |Aaron Swartz ,2.0
complex code |complex code ,2.0
user action |user action ,2.0
architecture journal msdn |Architecture Journal MSDN ,2.0
fictional business |fictional businesses ,2.0
complete html page |complete HTML pages ,2.0
cloud price cut |cloud price cuts ,2.0
cloud service system |cloud service system |cloud service systems ,2.0
microsoft object xmlhttprequest |Microsoft object XMLHttpRequest ,2.0
xhtml |XHTML ,2.0
cleaning product |cleaning products ,2.0
article disambiguation page |article disambiguation pages ,2.0
origin policy |origin policy ,2.0
oracle com arungupta entry ajax vs ajax ajax ofcourse |oracle com arungupta entry ajax vs ajax ajax ofcourse ,2.0
european mainland ajax |European mainland Ajax ,2.0
radio comedy skit |radio comedy skits ,2.0
problem solve |Problem Solve ,2.0
current state |current state ,2.0
mozilla |Mozilla ,2.0
xhr send null |xhr send null ,2.0
local link |local link ,2.0
fiction edit ajax sophocles |fiction edit Ajax Sophocles ,2.0
full page reload |full page reloads ,2.0
edward |Edwards ,2.0
part |part ,2.0
infrastructure |infrastructure ,2.0
javascript dynamic html |JavaScript dynamic HTML ,2.0
asynchronous communication javascript |asynchronous communication JavaScript ,2.0
ajax cleanser |Ajax cleanser ,2.0
afc ajax |AFC Ajax ,2.0
animated television series duckman martian manhunter |animated television series Duckman Martian Manhunter ,2.0
microservice |microservices ,2.0
style sheet |style sheets ,2.0
instance |instance ,2.0
msn |MSN ,2.0
display and behavior |display and behavior ,2.0
christianity c |Christianity c ,2.0
screen reader |Screen readers ,2.0
office winform |Office WinForms ,2.0
simple ajax request |simple Ajax request ,2.0
temagami |Temagami ,2.0
external links edit |External links edit ,2.0
english |English ,2.0
attempt |attempt ,2.0
wiktionary |Wiktionary ,2.0
brazilian football club ajax kenitra |Brazilian football club Ajax Kenitra ,2.0
arcade game places edit ajax |arcade game Places edit Ajax ,2.0
greater ajax |Greater Ajax ,2.0
javascript or xmlhttprequest |JavaScript or XMLHttpRequest ,2.0
ajaj variant |AJAJ variant ,2.0
wide deployment |wide deployment ,2.0
excessive bandwidth |excessive bandwidth ,2.0
business transformation strategy |business transformation strategy ,2.0
drawbacks edit |Drawbacks edit ,2.0
fictional company |fictional company ,2.0
official kayak |OFFICIAL KAYAK ,2.0
xhr open get send-ajax-data php |xhr open get send-ajax-data php ,2.0
wpf using search engine |WPF Using search engines ,2.0
comic superhero |comic superhero ,2.0
atari ste sports edit |Atari STE Sports edit ,2.0
jsonp |JSONP ,2.0
device |Devices ,2.0
soviet top secret aerospacecraft project nike ajax |Soviet top secret aerospacecraft project Nike Ajax ,2.0
xml example |XML examples ,2.0
best-known football club |best-known football club ,2.0
netherlands fc ajax lasnam e |Netherlands FC Ajax Lasnam e ,2.0
wikimedia common |Wikimedia Commons ,2.0
webdriver |WebDriver ,2.0
asynchronous programming |asynchronous programming ,2.0
cursor |cursor ,2.0
tim |Tim ,2.0
news stories and stock quote |news stories and stock quotes ,2.0
earlier state |earlier state ,2.0
xhr readystate |xhr readyState ,2.0
topic |topic ,2.0
broad group |broad group ,2.0
form |forms ,2.0
estonian football club rabat ajax f c |Estonian football club Rabat Ajax F C ,2.0
cricket |cricket ,2.0
full scale |full scale ,2.0
xml http thing |xml http thing ,2.0
fictional character |fictional characters ,2.0
wpf setting default |WPF Setting defaults ,2.0
request xhr onreadystatechange |request xhr onreadystatechange ,2.0
secure cross-domain communication |Secure Cross-Domain Communication ,2.0
moroccan futsal indoor football club ajax orlando prospect |Moroccan futsal indoor football club Ajax Orlando Prospects ,2.0
query |query ,2.0
popup list |popup list ,2.0
marvel comics character |Marvel Comics character ,2.0
web browser |Web browser ,2.0
first draft specification |first draft specification ,2.0
emperor ferdinand northern railway |Emperor Ferdinand Northern Railway ,2.0
jquery example |jQuery example ,2.0
navigation search |navigation search ,2.0
opera |Opera ,2.0
ajax frameworks ajax service bus comet programming |Ajax frameworks AJAX Service Bus Comet programming ,2.0
unincorporated community |unincorporated community ,2.0
non-javascript method |non-JavaScript methods ,2.0
post |POST ,2.0
dictionary |dictionary ,2.0
ajax engine |Ajax engine ,2.0
shiflett |shiflett ,2.0
iframe technology |iframe technology ,2.0
utah |Utah ,2.0
brand |brand ,2.0
peakcolo netapp |PeakColo NetApp ,2.0
null value |null values ,2.0
smartphone |smartphones ,2.0
get-ajax-data j |get-ajax-data js ,2.0
u s ajax american automobile |U S Ajax American automobile ,2.0
home microsoft |Home microsoft ,2.0
xmlhttp activex control |XMLHTTP ActiveX control ,2.0
javascript object notation json |JavaScript Object Notation JSON ,2.0
vendor resources developer |Vendor Resources Developer ,2.0
access control |Access Control ,2.0
nash motor |Nash Motors ,2.0
safari |Safari ,2.0
links and form |links and forms ,2.0
iframe tag |iframe tag ,2.0
south african football club ajax de ouenz |South African football club Ajax de Ouenz ,2.0
child elements load |child elements Load ,2.0
royal navy uss ajax |Royal Navy USS Ajax ,2.0
data xml |data XML ,2.0
gfxmonk net |gfxmonk net ,2.0
north american record company a-jax band |North American record company A-Jax band ,2.0
format |formats ,2.0
search completion |search completions ,2.0
presentation |presentation ,2.0
search completion popup |search completion popup ,2.0
e d k |e d ks ,2.0
honduras handball edit ajax hero |Honduras Handball edit Ajax Heroes ,2.0
oileu |Oileus ,2.0
ride |ride ,2.0
trojan war people edit ajax missionary arian missionary |Trojan War People edit Ajax missionary Arian missionary ,2.0
state change |state changes ,2.0
lms royal scot class express locomotive |LMS Royal Scot Class express locomotive ,2.0
devx |DevX ,2.0
ajax or ajax |Ajax or AJAX ,2.0
wrox |wrox ,2.0
page content |page content ,2.0
leader |leader ,2.0
greece birthplace |Greece birthplace ,2.0
user-proofing ajax |User-proofing Ajax ,2.0
chri |Chris ,2.0
data source |data sources ,2.0
wai-aria standard |WAI-ARIA standards ,2.0
trujillo |Trujillo ,2.0
ajax programming |AJAX programming ,2.0
coined the term ajax |coined the term Ajax ,2.0
div style |div style ,2.0
deep linking |Deep Linking ,2.0
asynchronous callback-style |asynchronous callback-style ,2.0
successful return |successful return ,2.0
first |first ,2.0
seleniumhq org |seleniumhq org ,2.0
application integration and development application integration middleware platform |application integration and development Application integration middleware platforms ,1.0
well-known application |well-known application ,1.0
office winforms architecture view |Office WinForms Architecture View ,1.0
searchwindevelopment search |SearchWinDevelopment Search ,1.0
expression topics archive view |Expression Topics Archive View ,1.0
role |role ,1.0
creating managing |creating managing ,1.0
current approach |current approach ,1.0
user type |user types ,1.0
editor |Editors ,1.0
wrong requirement |wrong requirements ,1.0
extensible markup language xml |Extensible Markup Language XML ,1.0
lisa crispin |Lisa Crispin ,1.0
java applications software tester |Java applications Software testers ,1.0
important almost inevitable task |important almost inevitable task ,1.0
side |side ,1.0
map |map ,1.0
big data processing |big data processing ,1.0
application integration |application integration ,1.0
theserverside going |TheServerSide Going ,1.0
independent disk |independent disks ,1.0
agile success quality time columnist jennifer lent |Agile success Quality Time columnist Jennifer Lent ,1.0
e-mail address |e-mail address ,1.0
java app |Java apps ,1.0
javascript call |JavaScript call ,1.0
modeling tool |Modeling tool ,1.0
liferay portal |Liferay Portal ,1.0
component |component ,1.0
technologies ajax |TECHNOLOGIES AJAX ,1.0
development application integration middleware platform |development Application integration middleware platforms ,1.0
pages or edit |pages or edit ,1.0
microservices wave |microservices wave ,1.0
api versioning decision |API versioning decisions ,1.0
margaret rouse |Margaret Rouse ,1.0
law |law ,1.0
big data understanding big data solution |big data understanding Big data solutions ,1.0
edit |edit ,1.0
methodology |methodology ,1.0
advantage |advantage ,1.0
consultancy firm adaptive path |consultancy firm Adaptive Path ,1.0
lotus notes domino searchdomino javascript hijacking |Lotus Notes Domino SearchDomino JavaScript hijacking ,1.0
manner |manner ,1.0
oldest newest register |Oldest Newest Register ,1.0
plug-in |plug-in ,1.0
cloud portability integration issue |cloud portability integration issues ,1.0
client asp net skills section |Client ASP NET Skills Section ,1.0
ajax aplenty |Ajax Aplenty ,1.0
privacy load |Privacy Load ,1.0
privacy policy term |Privacy Policy Terms ,1.0
email communication |email communications ,1.0
wrong requirements and tool |wrong requirements and tools ,1.0
www openajax org member wiki nexawebajaxcharacteristic |www openajax org member wiki NexawebAjaxCharacteristics ,1.0
delay |delay ,1.0
local condition |local conditions ,1.0
quiz |quiz ,1.0
application cloudification cloud migration |application cloudification Cloud migrations ,1.0
early application |early applications ,1.0
javascript ibm close |JavaScript IBM Close ,1.0
vendor |Vendors ,1.0
unlimited access |unlimited access ,1.0
searchsoftwarequality learning culture |SearchSoftwareQuality Learning culture ,1.0
resemblance |resemblance ,1.0
ajax news and trend |Ajax news and trends ,1.0
memberwiki nexawebajaxcharacteristic |MemberWiki NexawebAjaxCharacteristics ,1.0
level |levels ,1.0
office windows presentation foundation winforms asp net view |Office Windows Presentation Foundation WinForms ASP NET View ,1.0
action |action ,1.0
user input or clicking |User input or clicking ,1.0
digdeeperviewall news view |digDeeperViewAll NEWS View ,1.0
google map |Google Maps ,1.0
searchsecurity ajax asynchronous javascript |SearchSecurity Ajax Asynchronous JavaScript ,1.0
central station visual studio net |Central Station Visual Studio NET ,1.0
grip |grip ,1.0
memberwiki disclaimer |MemberWiki Disclaimers ,1.0
real |real ,1.0
user input |User input ,1.0
compute |compute ,1.0
memberwiki jump |MemberWiki Jump ,1.0
href http searchwindevelopment techtarget com info getstarted windows-presentation-foundation |href http searchwindevelopment techtarget com info getstarted Windows-Presentation-Foundation ,1.0
clicking |clicking ,1.0
interface |interface ,1.0
digdeeperviewall get started view |digDeeperViewAll GET STARTED View ,1.0
returns security information |returns security information ,1.0
amazon |Amazon ,1.0
technology-based business transformation strategy |technology-based business transformation strategy ,1.0
web service |Web services ,1.0
web giant |Web giants ,1.0
wpf apps windows development |WPF apps Windows Developments ,1.0
ajax use |Ajax use ,1.0
installation |installation ,1.0
view all button |View All button ,1.0
ajaxian |Ajaxian ,1.0
intermediary |intermediary ,1.0
trend |trends ,1.0
views page discussion personal tool |Views Page Discussion Personal tools ,1.0
javascript ibm related content ajax learning guide searchdomino ajax |JavaScript IBM Related Content Ajax Learning Guide SearchDomino Ajax ,1.0
complete definition dig deeper |complete definition Dig deeper ,1.0
ibm partner |IBM partners ,1.0
microsoft programming model and methodology |Microsoft programming model and methodology ,1.0
rights reserved |Rights Reserved ,1.0
business leader |business leaders ,1.0
massive amount |massive amounts ,1.0
challenge |challenge ,1.0
database office |Database Office ,1.0
freeware version |freeware version ,1.0
portal-based platform |portal-based platform ,1.0
traditional web page |traditional Web page ,1.0
page title |page title ,1.0
navigation main page community portal current event |Navigation Main Page Community portal Current events ,1.0
weather forecasting site |weather forecasting site ,1.0
shorthand |shorthand ,1.0
file special pages printable version privacy policy |file Special pages Printable version Privacy policy ,1.0
compute and storage take |compute and storage takes ,1.0
login |login ,1.0
certification vb code download |Certification VB Code Downloads ,1.0
geek glossary |Geek Glossary ,1.0
cost |cost ,1.0
product news |Product news ,1.0
fully automated |fully automated ,1.0
packaged product |packaged product ,1.0
result |results ,1.0
net community jobs tutorial |NET Community Jobs Tutorials ,1.0
search toolbox |Search Toolbox ,1.0
docker bandwagon |Docker bandwagon ,1.0
bi tool |BI tools ,1.0
sharing document |sharing documents ,1.0
variety |variety ,1.0
test your knowledge |Test your knowledge ,1.0
db programming xml |DB Programming XML ,1.0
no problem |No problem ,1.0
storage take |storage takes ,1.0
javascript dynamic html dhtml |JavaScript dynamic HTML DHTML ,1.0
deep front end knowledge |Deep front end knowledge ,1.0
digdeeperviewall problem solve view |digDeeperViewAll PROBLEM SOLVE View ,1.0
amazon and microsoft |Amazon and Microsoft ,1.0
creating managing and sharing document |creating managing and sharing documents ,1.0
no text |no text ,1.0
easier access |easier access ,1.0
login e-mail username password password |Login E-Mail Username Password Password ,1.0
customized web |customized Web ,1.0
leg |leg ,1.0
cloud portability concern |Cloud portability concerns ,1.0
zip code |zip code ,1.0
continuous development |continuous development ,1.0
web developer |Web developers ,1.0
terms linq language integrated query linq language integrated query |Terms LINQ Language Integrated Query LINQ Language Integrated Query ,1.0
sister site |sister site ,1.0
mobile delivery |mobile delivery ,1.0
manage problem solve sponsored communities search |Manage Problem Solve Sponsored Communities Search ,1.0
enterprise |enterprises ,1.0
mark |mark ,1.0
five year |five years ,1.0
importance |Importance ,1.0
proprietary technology |proprietary technology ,1.0
-ads by google file extension |-ADS BY GOOGLE File Extensions ,1.0
blog |blog ,1.0
web development |web development ,1.0
special section |special section ,1.0
linq office |LINQ Office ,1.0
quick reference guide download |Quick Reference Guide Download ,1.0
category architecture net development |category Architecture NET Development ,1.0
ajax news |Ajax news ,1.0
learning culture |learning culture ,1.0
microsoft programming model |Microsoft programming model ,1.0
janet gregory |Janet Gregory ,1.0
