object-oriented programming |object-oriented programming |Object-Oriented Programming |Object-oriented programming ,107.54864199289761
object |Objects |object |objects |Object ,105.53395447807513
object-oriented design |object-oriented design |Object-Oriented Design |Object-oriented design ,80.73793787523688
use case |use cases |use case |Use case |Use cases ,46.74033398459105
programming language |Programming Languages |programming languages |programming language ,43.88596244354732
design |designs |design |Design ,37.721800015398834
object-oriented analysis |Object-oriented Analysis |Object-Oriented Analysis |object-oriented analysis ,31.041290508850544
design pattern |Design Patterns |design pattern |design patterns |Design pattern ,30.80342621376357
programming |Programming |programming ,27.80279582489216
object-oriented software construction |Object-oriented software construction |Object-Oriented Software Construction ,26.116291447992207
class |classes |Classes |Class |class ,24.599380398863374
analysis and design |analysis and design ,24.484023232492696
object-oriented modeling |object-oriented modeling |Object-Oriented Modeling |Object-oriented modeling ,22.74577321769221
language |languages |Language |language |Languages ,22.60989314052853
pattern |Patterns |patterns |pattern ,21.609622408935866
software |Software |software ,21.030255915414592
system |systems |system ,17.66711941514317
main article |Main articles |Main article ,17.12622924626237
software development |software development |Software Development ,17.12622924626237
object-oriented |object-oriented |Object-Oriented ,16.896210019704853
object-oriented analysis and design |Object-Oriented Analysis and Design |object-oriented analysis and design ,16.28499127784577
object oriented software engineering |Object Oriented Software Engineering ,16.28499127784577
oop language |OOP languages |OOP language ,14.985450590479573
object-oriented language |object-oriented language |Object-Oriented Languages |object-oriented languages ,14.985450590479573
prentice hall |Prentice Hall ,14.985450590479573
abstract data type |abstract data types |abstract data type ,14.690413939495617
computer science |Computer Science |computer science ,14.450255926533874
oop |OOP ,14.317554410461984
edit |edit ,13.47253913313139
addison-wesley acm press |Addison-Wesley ACM Press ,13.058145723996104
object-oriented programming language |object-oriented programming languages ,13.058145723996104
encyclopedia jump |encyclopedia Jump ,12.844671934696777
low coupling |low coupling |Low Coupling ,12.844671934696777
information expert |Information Expert ,12.844671934696777
object-oriented paradigm |object-oriented paradigm ,12.844671934696777
high cohesion |High cohesion |high cohesion |High Cohesion ,12.844671934696777
software engineering |software engineering |Software Engineering ,12.309477270751078
object orientation |Object orientation |object orientation |Object Orientation ,11.774282606805379
model |models |model ,11.739363340150703
object oriented programming |Object Oriented Programming |Object oriented programming ,11.42587750849659
bertrand meyer |Bertrand Meyer ,10.70389327891398
real world |real world ,10.70389327891398
object-oriented approach |object-oriented approach ,10.70389327891398
unified process |Unified Process ,10.70389327891398
robert c martin uncle bob objectmentor |Robert C Martin Uncle Bob objectmentor ,10.435236970702096
liskov substitution principle |Liskov substitution principle |Liskov Substitution Principle ,9.793609292997077
system sequence diagram |System sequence diagram |system sequence diagram ,9.793609292997077
object-oriented design edit |Object-oriented design edit |object-oriented design edit ,9.793609292997077
relational data model |relational data model |Relational data model ,9.793609292997077
method |methods |Method |Methods |method ,9.724554762981516
analysis |analysis ,9.199640517555176
article |articles |article |Articles ,8.747339549322788
waterfall model |Waterfall Model |waterfall model |waterfall models ,8.563114623131185
patrik jonsson |Patrik Jonsson ,8.563114623131185
unsourced statement |unsourced statements ,8.563114623131185
magnus christerson |Magnus Christerson ,8.563114623131185
relational database |relational database |relational databases ,8.563114623131185
protected variation |Protected Variations ,8.563114623131185
object-oriented system |object-oriented system ,8.563114623131185
conceptual model |conceptual model |conceptual models |Conceptual model ,8.563114623131185
analysis model |analysis model |analysis models ,8.563114623131185
concept |Concepts |concept |concepts ,8.348428227674626
robert c martin |Robert C Martin ,8.161341077497564
object-oriented programming and design |object-oriented programming and design ,8.142495638922885
object oriented analysis design |Object Oriented Analysis Design ,8.142495638922885
unified modeling language uml |Unified Modeling Language UML ,8.142495638922885
en wikipedia |en wikipedia ,7.4927252952397865
principle |principle |Principles |principles ,7.0564308324398475
example |Examples |example |examples ,6.737672663746816
instance |Instances |instances |instance ,6.531417378121914
functional programming language |functional programming languages |functional programming language ,6.529072861998052
reusable object-oriented software |Reusable Object-Oriented Software ,6.529072861998052
single responsibility principle |Single responsibility principle |Single Responsibility Principle ,6.529072861998052
open closed principle |open closed principle |Open Closed Principle ,6.529072861998052
code and testing |code and testing ,6.529072861998052
artificial intelligence group |artificial intelligence group |Artificial Intelligence Group ,6.529072861998052
object-relational impedance mismatch |Object-relational impedance mismatch |object-relational impedance mismatch ,6.529072861998052
uml and pattern |UML and Patterns ,6.529072861998052
polymorphism and inheritance |polymorphism and inheritance ,6.529072861998052
external links edit |External links edit ,6.529072861998052
first five principle |first five principles ,6.529072861998052
object-oriented programming constructor |object-oriented programming Constructor ,6.529072861998052
four design pattern |Four design patterns ,6.529072861998052
potentially dated statement |potentially dated statements ,6.529072861998052
ooa and ood |OOA and OOD ,6.529072861998052
discrete event simulation |discrete event simulation ,6.529072861998052
modern software engineering |modern software engineering ,6.529072861998052
iterative and incremental |iterative and incremental ,6.529072861998052
use case diagram |Use case diagrams |use case diagrams ,6.529072861998052
defined stable interface |defined stable interface ,6.529072861998052
john wiley son |John Wiley Sons ,6.529072861998052
software life cycle |software life cycle ,6.529072861998052
commonly occurring problem |commonly occurring problems |commonly occurring problem ,6.529072861998052
object and instance |object and instance ,6.529072861998052
eric s raymond |Eric S Raymond ,6.529072861998052
dependency inversion principle |Dependency inversion principle |Dependency Inversion Principle ,6.529072861998052
data structure |data structures ,6.422335967348388
dynamic language |dynamic languages ,6.422335967348388
behavioral subtyping |behavioral subtyping |Behavioral subtyping ,6.422335967348388
object database |Object database |object database ,6.422335967348388
system event |system events |system event ,6.422335967348388
mutable object |mutable objects ,6.422335967348388
niklaus wirth |Niklaus Wirth ,6.422335967348388
dynamic dispatch |Dynamic dispatch |dynamic dispatch ,6.422335967348388
grady booch |Grady Booch ,6.422335967348388
object-relational mapping |Object-relational mapping |object-relational mapping ,6.422335967348388
object-oriented development |object-oriented development |Object-Oriented Development ,6.422335967348388
computer programming |computer programming ,6.422335967348388
iterative model |iterative models ,6.422335967348388
fundamental feature |Fundamental features |fundamental features ,6.422335967348388
object-oriented feature |Object-oriented features |object-oriented features ,6.422335967348388
formal semantics |Formal semantics ,6.422335967348388
subtype polymorphism |subtype polymorphism |Subtype polymorphism ,6.422335967348388
implementation constraint |implementation constraints ,6.422335967348388
object technology |object technology ,6.422335967348388
class diagram |class diagram |Class diagram ,6.422335967348388
control flow |control flow ,6.422335967348388
pure fabrication |Pure Fabrication ,6.422335967348388
search general responsibility assignment software patterns or principle |search General Responsibility Assignment Software Patterns or Principles ,6.035843815994525
adaptive software development agile programming code reuse computer |Adaptive Software Development Agile programming Code reuse Computer ,6.035843815994525
aspect-oriented role-oriented subject-oriented class-based prototype-based recursive value-level contrast |Aspect-oriented Role-oriented Subject-oriented Class-based Prototype-based Recursive Value-level contrast ,6.035843815994525
specific computer aided software engineering case tool vendor |specific Computer Aided Software Engineering CASE tool vendors ,6.035843815994525
automata-based concurrent computing relativistic programming data-driven declarative contrast |Automata-based Concurrent computing Relativistic programming Data-driven Declarative contrast ,6.035843815994525
solid structured programming visual foxpro zzt-oop references edit |SOLID Structured programming Visual FoxPro ZZT-oop References edit ,6.035843815994525
atlas transformation language atl class-responsibility-collaboration card crc card |ATLAS Transformation Language ATL Class-Responsibility-Collaboration card CRC cards ,6.035843815994525
domain-driven design domain specific language dsl domain-specific |Domain-driven design Domain Specific Language DSL Domain-specific ,5.65563804923464
object oriented software design article object-oriented analysis |Object Oriented Software Design Article Object-Oriented Analysis ,5.65563804923464
vb net and c support cross-language inheritance |VB NET and C support cross-language inheritance ,5.65563804923464
search software development process core activities requirement |search Software development process Core activities Requirements ,5.65563804923464
code |codes |code ,5.481807146830743
uml |UML ,5.39701330718495
feature |features |feature ,5.390138130997453
atomic symbol |atomic symbols |atomic symbol ,5.35194663945699
static structure |static structure |static structures ,5.35194663945699
alan kay |Alan Kay ,5.35194663945699
functional programming |functional programming ,5.35194663945699
interface |Interface |interfaces |interface ,5.299174261439804
type |Types |types |type ,5.242321842966272
search general responsibility assignment software pattern |search General Responsibility Assignment Software Patterns ,5.217618485351048
simscript and c a r tony |SIMSCRIPT and C A R Tony ,5.217618485351048
b design principles and design pattern |b Design Principles and Design Patterns ,5.217618485351048
www informit com store product aspx |www informit com store product aspx ,5.217618485351048
constraint logic functional logic inductive logic |Constraint logic Functional logic Inductive logic ,5.217618485351048
unified modeling language uml and sysml |Unified Modeling Language UML and SysML ,5.217618485351048
oop intelblog v t e type |OOP intelblog v t e Types ,5.217618485351048
robert c martin uncle bob butunclebob |Robert C Martin Uncle BOB butunclebob ,5.217618485351048
four design patterns edit main article |Four design patterns edit Main article ,5.217618485351048
unix programmer and open-source software advocate |Unix programmer and open-source software advocate ,5.217618485351048
uml terms rational unified process comparison |UML terms Rational Unified Process Comparison ,5.217618485351048
information system logical architecture creator edit |information system logical architecture Creator edit ,5.217618485351048
object-oriented programming accesses and data pattern |object-oriented programming accesses and data patterns ,5.217618485351048
visitor pattern object-orientation and databases edit |Visitor pattern Object-orientation and databases edit ,5.217618485351048
object-oriented design topics edit input source |Object-oriented design topics edit Input sources ,5.217618485351048
software design and modeling data object |software design and modeling data objects ,5.217618485351048
edit anemic domain model design pattern |edit Anemic Domain Model Design pattern ,5.217618485351048
problem |problems |problem ,4.969770215533366
inheritance |Inheritance |inheritance ,4.9626271753385645
michael lee scott |Michael Lee Scott ,4.896804646498539
john c mitchell |John C Mitchell ,4.896804646498539
programming language pragmatics |Programming Language Pragmatics |Programming language pragmatics ,4.896804646498539
process |processes |process ,4.892833720101855
m i t computation center |M I T Computation Center ,4.700994494168267
business processes and use case |business processes and use cases ,4.700994494168267
object-oriented processes analysis and design |object-oriented processes analysis and design ,4.700994494168267
closely related dynamic gui library |closely related dynamic GUI library ,4.700994494168267
rational unified process best practice |Rational Unified Process Best Practices ,4.700994494168267
structured programming and divides system |structured programming and divides systems ,4.700994494168267
incremental process guide and framework |incremental process guide and framework ,4.700994494168267
protected variations edit main article |Protected Variations edit Main article ,4.700994494168267
inheritance and behavioral subtyping edit |Inheritance and behavioral subtyping edit ,4.700994494168267
architectural patterns and design pattern |architectural patterns and design patterns ,4.700994494168267
l w c nirosh discussion |L W C Nirosh Discussion ,4.700994494168267
low coupling and reuse potential |low coupling and reuse potential ,4.700994494168267
software engineering and computer science |software engineering and computer science ,4.700994494168267
interface segregation and dependency inversion |Interface segregation and Dependency inversion ,4.700994494168267
local m i t patois |local M I T patois ,4.700994494168267
functional programming and object-oriented programming |functional programming and object-oriented programming ,4.700994494168267
low coupling edit main article |Low Coupling edit Main article ,4.700994494168267
object oriented programming concepts oop |Object Oriented Programming Concepts OOP ,4.700994494168267
popular methodology and reference model |popular methodology and reference model ,4.700994494168267
object oriented programming object-oriented programming |Object Oriented Programming Object-oriented programming ,4.700994494168267
fundamental features and concepts edit |Fundamental features and concepts edit ,4.700994494168267
significantly different yet analogous terminology |significantly different yet analogous terminology ,4.700994494168267
oop and control flow edit |OOP and control flow edit ,4.700994494168267
different situations and or application |different situations and or applications ,4.700994494168267
consistent terms and process guide |consistent terms and process guides ,4.700994494168267
manifesto object-relational mapping procedural programming |Manifesto Object-relational mapping Procedural programming ,4.700994494168267
abstract data type or module |abstract data type or module ,4.700994494168267
flow charts or structure chart |flow charts or structure charts ,4.700994494168267
structured array nondeterministic parallel computing |Structured Array Nondeterministic Parallel computing ,4.700994494168267
visual basic net vb net |Visual Basic NET VB NET ,4.700994494168267
map data structures or array |map data structures or arrays ,4.700994494168267
search solid principles single responsibility |search SOLID Principles Single responsibility ,4.700994494168267
stakeholder communication and product quality |stakeholder communication and product quality ,4.700994494168267
bridge pattern and adapter pattern |bridge pattern and adapter pattern ,4.700994494168267
software design object-oriented programming programming |Software design Object-oriented programming Programming ,4.700994494168267
separate subtype polymorphism object inheritance |separate Subtype polymorphism Object inheritance ,4.700994494168267
dmoz links use dmy date |DMOZ links Use dmy dates ,4.700994494168267
final application classes or object |final application classes or objects ,4.700994494168267
real-world modeling and relationships edit |Real-world modeling and relationships edit ,4.700994494168267
specific business goal or function |specific business goal or function ,4.700994494168267
concrete and complex source code |concrete and complex source code ,4.700994494168267
approach |approach |approaches ,4.688870159872784
isbn |ISBN ,4.675119807497791
polymorphism |polymorphism |Polymorphism ,4.5926176932478295
earliest stage |earliest stages ,4.281557311565592
design principle |design principles ,4.281557311565592
implementation detail |Implementation details |implementation details ,4.281557311565592
evaluative pattern |evaluative pattern ,4.281557311565592
software design |software design ,4.281557311565592
oop concept |OOP concepts ,4.281557311565592
deprecated parameter |deprecated parameters ,4.281557311565592
common use |common use ,4.281557311565592
in-text citation |in-text citations ,4.281557311565592
output deliverable |Output deliverables ,4.281557311565592
interface segregation |Interface segregation ,4.281557311565592
low cohesion |low cohesion ,4.281557311565592
analysis phase |analysis phase ,4.281557311565592
james rumbaugh |James Rumbaugh ,4.281557311565592
addison wesley |Addison Wesley ,4.281557311565592
large amount |large amount |large amounts ,4.281557311565592
design issue |design issue |design issues ,4.281557311565592
data-driven design |data-driven design ,4.281557311565592
spiral model |Spiral Model ,4.281557311565592
reuse potential |reuse potential ,4.281557311565592
given element |given element ,4.281557311565592
prototype-based programming |prototype-based programming ,4.281557311565592
package c |package C ,4.281557311565592
common approach |common approaches |common approach ,4.281557311565592
vb net |VB NET ,4.281557311565592
coding issue |coding issue |coding issues ,4.281557311565592
method body |method body ,4.281557311565592
called object |called objects ,4.281557311565592
rebecca wirfs-brock |Rebecca Wirfs-Brock ,4.281557311565592
ivar jacobson |Ivar Jacobson ,4.281557311565592
additional reference |additional references ,4.281557311565592
shopping system |shopping system ,4.281557311565592
software problem |software problem ,4.281557311565592
data model |data model ,4.281557311565592
problem domain |problem domain ,4.281557311565592
class-based programming |class-based programming ,4.281557311565592
steve yegge |Steve Yegge ,4.281557311565592
abstract description |abstract descriptions ,4.281557311565592
delegation pattern |Delegation pattern ,4.281557311565592
learning material |learning materials ,4.281557311565592
rational software |Rational Software ,4.281557311565592
computer |computer |Computer ,4.241454847978765
modeling |modeling ,4.197901695659781
application |application |Applications |applications ,4.146260100767272
abstract and accessible description |abstract and accessible descriptions ,4.071247819461442
commercially-important recent object-oriented language |commercially-important recent object-oriented languages ,4.071247819461442
design object-relational impedance mismatch |design Object-relational impedance mismatch ,4.071247819461442
behaviors processes and state |behaviors processes and states ,4.071247819461442
different patterns and principle |different patterns and principles ,4.071247819461442
parametric polymorphism generics attempt |parametric polymorphism generics Attempts ,4.071247819461442
abstract data type support |abstract data type support ,4.071247819461442
rational unified process rup |Rational Unified Process RUP ,4.071247819461442
greater or lesser degree |greater or lesser degree ,4.071247819461442
iterative and incremental manner |iterative and incremental manner ,4.071247819461442
python ruby and groovy |Python Ruby and Groovy ,4.071247819461442
java tutorials intel blog |Java Tutorials Intel blog ,4.071247819461442
object-oriented modeling typically divide |Object-oriented modeling typically divides ,4.071247819461442
agile and adaptive programming |agile and adaptive programming ,4.071247819461442
prentice hall international series |Prentice Hall International Series ,4.071247819461442
abstraction decoupling edit decoupling |Abstraction Decoupling edit Decoupling ,4.071247819461442
designing object oriented software |Designing Object Oriented Software ,4.071247819461442
walker royce eldest son |Walker Royce eldest son ,4.071247819461442
potentially dated statements article |potentially dated statements Articles ,4.071247819461442
responsibility-driven design defines class |Responsibility-driven design defines classes ,4.071247819461442
popular guide unified process |popular guide Unified Process ,4.071247819461442
navigation search object-oriented redirect |navigation search Object-oriented redirects ,4.071247819461442
portal aspect-oriented programming cade |portal Aspect-oriented programming CADES ,4.071247819461442
value-level generic imperative contrast |Value-level Generic Imperative contrast ,4.071247819461442
concurrency or data storage |concurrency or data storage ,4.071247819461442
in-text citations commons category |in-text citations Commons category ,4.071247819461442
consensus definition or theory |consensus definition or theory ,4.071247819461442
tight coupling or association |tight coupling or association ,4.071247819461442
elements objects systems subsystem |elements objects systems subsystems ,4.071247819461442
strategies edit dependency injection |strategies edit Dependency injection ,4.071247819461442
pearson education inc isbn |Pearson Education Inc ISBN ,4.071247819461442
system requirements and design |system requirements and designs ,4.071247819461442
software design programming principle |Software design Programming principles ,4.071247819461442
non-structured block-structured modular contrast |Non-structured Block-structured Modular contrast ,4.071247819461442
polymorphism edit main article |Polymorphism edit Main article ,4.071247819461442
separate use case controller |separate use case controllers ,4.071247819461442
wikiproject computer science stub |WikiProject Computer science stubs ,4.071247819461442
persistent storage and transaction |persistent storage and transaction ,4.071247819461442
entire development life cycle |entire development life cycles ,4.071247819461442
hardware and software platform |hardware and software platforms ,4.071247819461442
class extension and modification |class extension and modification ,4.071247819461442
encapsulation and information hiding |encapsulation and information hiding ,4.071247819461442
state and dynamic model |state and dynamic models ,4.071247819461442
eiffel software development method |Eiffel software development method ,4.071247819461442
popular javascript ecmascript language |popular JavaScript ECMAScript language ,4.071247819461442
popular international standard language |popular international standard languages ,4.071247819461442
classes and subclasses correspond |classes and subclasses correspond ,4.071247819461442
functions or methods signature |functions or methods signatures ,4.071247819461442
java software solutions foundation |Java Software Solutions Foundations ,4.071247819461442
following concepts and construct |following concepts and constructs ,4.071247819461442
user-interface mockups or prototype |User-interface mockups or prototypes ,4.071247819461442
object-oriented programming language redirect |Object-oriented programming language redirects ,4.071247819461442
prentise hall international series |Prentise Hall International Series ,4.071247819461442
detailed designs and code |detailed designs and codes ,4.071247819461442
computer scientist craig larman |Computer scientist Craig Larman ,4.071247819461442
technically and commercially successful |technically and commercially successful ,4.071247819461442
object oriented language redirect |Object oriented language redirects ,4.071247819461442
object-oriented dynamic messaging extension |object-oriented dynamic messaging extension ,4.071247819461442
dynamic dispatch recursive type |dynamic dispatch recursive types ,4.071247819461442
object-oriented programming object-oriented analysis |Object-oriented programming Object-oriented analysis ,4.071247819461442
oose and booch method |OOSE and Booch method ,4.071247819461442
class relations e g |class relations e g ,4.071247819461442
ooa d iterative development |OOA D Iterative Development ,4.071247819461442
objects classes methods inheritance |objects classes methods inheritance ,4.071247819461442
different processes or object |different processes or objects ,4.071247819461442
information hiding information expert |Information hiding Information Expert ,4.071247819461442
agreed-upon and rigorous definition |agreed-upon and rigorous definition ,4.071247819461442
date help boehm b |date help Boehm B ,4.071247819461442
widely used programming language |widely used programming languages ,4.071247819461442
common lisp object system |Common Lisp Object System ,4.071247819461442
sandi metz duke university |Sandi Metz Duke University ,4.071247819461442
ooa and design model |OOA and design models ,4.071247819461442
topic object-oriented programming wikibook |Topic Object-Oriented Programming Wikibooks ,4.071247819461442
software development and enhancement |Software Development and Enhancement ,4.071247819461442
state data and behavior |state data and behavior ,4.071247819461442
object-oriented programming integrates code |Object-oriented programming integrates code ,4.071247819461442
prototype-based programming and class-based |prototype-based programming and class-based ,4.071247819461442
support |support ,3.7518818623196553
behavior |behavior |behaviors ,3.7125951412482454
module |module |modules ,3.5750916174983107
book |Book |books |book ,3.529257109581666
document object model |Document Object Model ,3.264536430999026
gamma et al |Gamma et al ,3.264536430999026
non-oop modular programming |non-OOP modular programming ,3.264536430999026
object-oriented thought process |Object-Oriented Thought Process ,3.264536430999026
interface segregation principle |Interface Segregation Principle ,3.264536430999026
overly simplistic model |overly simplistic models ,3.264536430999026
good code modularity |good code modularity ,3.264536430999026
significant object-oriented language |Significant object-oriented languages ,3.264536430999026
objects object constructor |objects object constructors ,3.264536430999026
distinctly original form |distinctly original form ,3.264536430999026
classes or object |classes or objects ,3.264536430999026
related topics edit |related topics edit ,3.264536430999026
mit algol version |MIT ALGOL version ,3.264536430999026
popular technical approach |popular technical approach ,3.264536430999026
user-defined data type |user-defined data types ,3.264536430999026
pure oo language |pure OO languages ,3.264536430999026
processes and object |processes and objects ,3.264536430999026
additional features edit |Additional features edit ,3.264536430999026
effective communication user |effective communication Users ,3.264536430999026
five basic concept |five basic concepts ,3.264536430999026
explicit programming paradigm |explicit programming paradigm ,3.264536430999026
unified process family |Unified Process family ,3.264536430999026
direct real-world mapping |direct real-world mapping ,3.264536430999026
software requirement analysis |Software Requirement Analysis ,3.264536430999026
contrast kiss principle |contrast KISS principle ,3.264536430999026
separate code module |separate code modules ,3.264536430999026
object-oriented concepts edit |Object-oriented concepts edit ,3.264536430999026
structure and method |structure and methods ,3.264536430999026
building web application |Building Web Applications ,3.264536430999026
five basic principle |five basic principles ,3.264536430999026
coupling low coupling |coupling Low Coupling ,3.264536430999026
solid single responsibility |SOLID Single responsibility ,3.264536430999026
graphical user interface |graphical user interfaces ,3.264536430999026
called object-based language |called object-based languages ,3.264536430999026
story driven modeling |Story Driven Modeling ,3.264536430999026
c j date |C J Date ,3.264536430999026
additional references article |additional references Articles ,3.264536430999026
oop languages edit |OOP languages edit ,3.264536430999026
packages or component |packages or components ,3.264536430999026
acyclic dependencies principle |Acyclic dependencies principle ,3.264536430999026
classes and subsystem |classes and subsystems ,3.264536430999026
general repeatable solution |general repeatable solution ,3.264536430999026
entire software lifecycle |entire software lifecycle ,3.264536430999026
fixed static implementation |fixed static implementation ,3.264536430999026
designing concepts edit |Designing concepts edit ,3.264536430999026
corba dcom design |CORBA DCOM Design ,3.264536430999026
uml and rup |UML and RUP ,3.264536430999026
incorporate object-based technique |incorporate object-based techniques ,3.264536430999026
data and procedure |data and procedures ,3.264536430999026
date and darwen |Date and Darwen ,3.264536430999026
directed acyclic graph |directed acyclic graph ,3.264536430999026
automatic garbage collection |automatic garbage collection ,3.264536430999026
dynamic languages edit |dynamic languages edit ,3.264536430999026
formal modelling language |formal modelling languages ,3.264536430999026
use design pattern |Use design patterns ,3.264536430999026
classes and interface |classes and interfaces ,3.264536430999026
norwegian computing center |Norwegian Computing Center ,3.264536430999026
transparent control flow |transparent control flow ,3.264536430999026
object-oriented programming occam |object-oriented programming Occam ,3.264536430999026
multi-paradigm programming language |multi-paradigm programming languages ,3.264536430999026
strictly prioritizing thing |strictly prioritizing things ,3.264536430999026
information expert edit |Information Expert edit ,3.264536430999026
object-oriented modeling oom |Object-oriented modeling OOM ,3.264536430999026
reusability and maintainability |reusability and maintainability ,3.264536430999026
sequence diagram show |sequence diagram shows ,3.264536430999026
higher abstraction level |higher abstraction levels ,3.264536430999026
service systems architecture |Service systems architecture ,3.264536430999026
formal programming concept |formal programming concept ,3.264536430999026
use case scenario |use case scenario ,3.264536430999026
benjamin c pierce |Benjamin C Pierce ,3.264536430999026
article object-oriented analysis |Article Object-Oriented Analysis ,3.264536430999026
object-oriented design ood |object-oriented design OOD ,3.264536430999026
insufficient inline citation |insufficient inline citations ,3.264536430999026
strangely skewed perspective |strangely skewed perspective ,3.264536430999026
important information representation |important information representation ,3.264536430999026
modularity and re-usability |modularity and re-usability ,3.264536430999026
distinct abstract level |distinct abstract levels ,3.264536430999026
information expert pattern |Information Expert pattern ,3.264536430999026
valuable development asset |valuable development assets ,3.264536430999026
functions and pointer |functions and pointers ,3.264536430999026
non-user interface object |non-user interface object ,3.264536430999026
no significant difference |no significant difference ,3.264536430999026
previously existing language |previously existing languages ,3.264536430999026
pure fabrication edit |Pure Fabrication edit ,3.264536430999026
object-oriented programming term |object-oriented programming terms ,3.264536430999026
standard domain function |standard domain functions ,3.264536430999026
use case actor |Use case actors ,3.264536430999026
software development project |software development project ,3.264536430999026
support multiple paradigm |support multiple paradigms ,3.264536430999026
stage impact issue |stage impact issues ,3.264536430999026
customizable type system |customizable type system ,3.264536430999026
object-oriented design pattern |Object-oriented design patterns ,3.264536430999026
shape object-oriented programming |shape Object-oriented programming ,3.264536430999026
object-oriented programming access |object-oriented programming accesses ,3.264536430999026
references or source |references or sources ,3.264536430999026
four main feature |four main features ,3.264536430999026
loops and flavor |LOOPS and Flavors ,3.264536430999026
term design pattern |term design patterns ,3.264536430999026
abstract factory pattern |Abstract factory pattern ,3.264536430999026
messages and class |messages and classes ,3.264536430999026
prentice hall ptr |Prentice Hall PTR ,3.264536430999026
typical input artifact |typical input artifacts ,3.264536430999026
define application framework |Define application framework ,3.264536430999026
software silver bullet |software silver bullet ,3.264536430999026
parallel vertical line |parallel vertical lines ,3.264536430999026
perl and php |Perl and PHP ,3.264536430999026
no general solution |no general solution ,3.264536430999026
v t e |v t e ,3.264536430999026
specific operating system |specific operating system ,3.264536430999026
object-oriented programming comparison |object-oriented programming Comparison ,3.264536430999026
reusable object model |Reusable Object Models ,3.264536430999026
purely object-oriented language |purely object-oriented languages ,3.264536430999026
object-oriented programming inheritance |Object-oriented programming Inheritance ,3.264536430999026
historically procedural language |historically procedural languages ,3.264536430999026
global class diagram |global class diagram ,3.264536430999026
short feedback cycle |short feedback cycle ,3.264536430999026
concept s srp |Concept S SRP ,3.264536430999026
no standard notation |No standard notations ,3.264536430999026
user interface documentation |User interface documentations ,3.264536430999026
bind processing function |bind processing functions ,3.264536430999026
software development team |Software Development Teams ,3.264536430999026
critical design tool |critical design tool ,3.264536430999026
no unique strength |no unique strengths ,3.264536430999026
prototype-based programming language |prototype-based programming language ,3.264536430999026
prototype-based object model |prototype-based object model ,3.264536430999026
subsequent design phase |subsequent design phase ,3.264536430999026
incorporate essential feature |incorporate essential features ,3.264536430999026
requirements and structure |requirements and structure ,3.264536430999026
implications and solution |implications and solutions ,3.264536430999026
public or private |public or private ,3.264536430999026
deborah j armstrong |Deborah J Armstrong ,3.264536430999026
simulating system behaviour |simulating system behaviour ,3.264536430999026
software today update |software today update ,3.264536430999026
encapsulation or multi-method |Encapsulation or multi-methods ,3.264536430999026
characters and punctuation |characters and punctuation ,3.264536430999026
high level class |high level classes ,3.264536430999026
map data structure |map data structures ,3.264536430999026
search object-oriented design |search Object-oriented design ,3.264536430999026
oo design process |OO design process ,3.264536430999026
extension e g |extension e g ,3.264536430999026
programming languages object |programming languages Objects ,3.264536430999026
edition object-oriented analysis |Edition Object-Oriented Analysis ,3.264536430999026
object-oriented programming technique |object-oriented programming techniques ,3.264536430999026
albert z ndorf |Albert Z ndorf ,3.264536430999026
libraries or class |libraries or classes ,3.264536430999026
python and ruby |Python and Ruby ,3.264536430999026
terminology invoking object |Terminology invoking objects ,3.264536430999026
article lawrence krubner |article Lawrence Krubner ,3.264536430999026
christopher j date |Christopher J Date ,3.264536430999026
iterative software development |iterative software development ,3.264536430999026
methods or function |methods or functions ,3.264536430999026
class o ocp |class O OCP ,3.264536430999026
tried-and-tested programming principle |tried-and-tested programming principles ,3.264536430999026
data-driven design edit |data-driven design edit ,3.264536430999026
b design principle |b Design Principles ,3.264536430999026
hybrid object system |hybrid object system ,3.264536430999026
final application class |final application classes ,3.264536430999026
delphi object pascal |Delphi Object Pascal ,3.264536430999026
delegation open recursion |delegation Open recursion ,3.264536430999026
model view controller |Model view controller ,3.264536430999026
span multiple type |span multiple types ,3.264536430999026
classes and instance |classes and instances ,3.264536430999026
object-oriented design principle |object-oriented design principles ,3.264536430999026
eth z rich |ETH Z rich ,3.264536430999026
real world object |real world objects ,3.264536430999026
cohesion computer science |Cohesion computer science ,3.264536430999026
object-oriented modeling edit |Object-oriented modeling edit ,3.264536430999026
display-authors wikipedia article |display-authors Wikipedia articles ,3.264536430999026
users and stakeholder |users and stakeholders ,3.264536430999026
planning and implementation |Planning and Implementation ,3.264536430999026
industry best practice |industry best practices ,3.264536430999026
imperative procedural programming |imperative procedural programming ,3.264536430999026
compositely aggregate instance |compositely aggregate instances ,3.264536430999026
error to work |error to work ,3.264536430999026
accessing and managing |accessing and managing ,3.264536430999026
model complex system |model complex systems ,3.264536430999026
monolithic object-oriented oop |Monolithic Object-oriented OOP ,3.264536430999026
pat and jan |Pat and Jan ,3.264536430999026
b design pattern |b Design Patterns ,3.264536430999026
objects and message |objects and messages ,3.264536430999026
object-oriented analysis design |Object-Oriented Analysis Design ,3.264536430999026
classes and component |classes and components ,3.264536430999026
b record instance |B record instances ,3.264536430999026
title object-oriented analysis |title Object-oriented analysis ,3.264536430999026
mac os x |Mac OS X ,3.264536430999026
fully dynamic system |fully dynamic system ,3.264536430999026
wirfs-brock and wilkerson |Wirfs-Brock and Wilkerson ,3.264536430999026
object-oriented information system |Object-Oriented Information Systems ,3.264536430999026
development life cycle |development life cycles ,3.264536430999026
implementation level feature |implementation level features ,3.264536430999026
early mit example |early MIT example ,3.264536430999026
ood and notation |OOD and notations ,3.264536430999026
object-oriented analysis edit |Object-oriented analysis edit ,3.264536430999026
dynamic programming language |dynamic programming languages ,3.264536430999026
c programming language |C programming language ,3.264536430999026
essence and accident |Essence and Accidents ,3.264536430999026
logical and physical |logical and physical ,3.264536430999026
present object-oriented programming |present object-oriented programming ,3.264536430999026
object-oriented programming oop |Object-oriented programming OOP ,3.264536430999026
dominant programming methodology |dominant programming methodology ,3.264536430999026
references edit larman |References edit Larman ,3.264536430999026
potok et al |Potok et al ,3.264536430999026
visual model diagram |Visual model diagrams ,3.264536430999026
application service layer |application service layer ,3.264536430999026
template method pattern |Template method pattern ,3.264536430999026
capabilities and pitfall |capabilities and pitfalls ,3.264536430999026
high cohesion edit |High Cohesion edit ,3.264536430999026
java data object |Java Data Objects ,3.264536430999026
relationships and interaction |relationships and interactions ,3.264536430999026
full frankness exposing |Full Frankness Exposing ,3.264536430999026
compatibility and maintainability |compatibility and maintainability ,3.264536430999026
composite reuse principle |Composite reuse principle ,3.264536430999026
manageable and understandable |manageable and understandable ,3.264536430999026
online shopping system |online shopping system ,3.264536430999026
object relation mapping |object relation mapping ,3.264536430999026
technology and budget |technology and budget ,3.264536430999026
modular component development |modular component development ,3.264536430999026
higher reuse potential |higher reuse potential ,3.264536430999026
insights and experience |insights and experiences ,3.264536430999026
object-oriented design artifact |object-oriented design artifacts ,3.264536430999026
stable abstraction modeling |stable abstraction Modeling ,3.264536430999026
luca cardelli |Luca Cardelli ,3.211167983674194
ralph johnson |Ralph Johnson ,3.211167983674194
john vlisside |John Vlissides ,3.211167983674194
ole-johan dahl |Ole-Johan Dahl ,3.211167983674194
kristen nygaard |Kristen Nygaard ,3.211167983674194
richard helm |Richard Helm ,3.211167983674194
software quality |software quality ,3.211167983674194
computer program |computer programs |Computer Programs ,3.211167983674194
information hiding |Information hiding |information hiding ,3.211167983674194
mit press |MIT Press ,3.211167983674194
member function |member functions |Member Functions ,3.211167983674194
dependency inversion |Dependency inversion ,3.211167983674194
world |worlds |world ,3.02507752249857
multicore programming multiprocessing visual c class design guideline |Multicore Programming Multiprocessing Visual C Class Design Guidelines ,3.0179219079972626
base library b genericity versus inheritance c principle |Base library B Genericity versus inheritance C Principles ,3.0179219079972626
responsibility |responsibility ,2.9907016415610865
case |cases |case ,2.9700761129985964
program |programs |program ,2.8895383348022055
user |users |user ,2.8875739987486355
major o-o languages and environments part g |major O-O languages and environments Part G ,2.82781902461732
defense technical information center stinet dtic mil |Defense Technical Information Center stinet dtic mil ,2.82781902461732
object technology e bibliography index notation edit |object technology E Bibliography Index Notation edit ,2.82781902461732
structure |structure |Structure ,2.7959049829153453
controller |Controller |controller ,2.7500704749987004
source |source |sources ,2.7500704749987004
smalltalk |Smalltalk ,2.7500704749987004
section |sections |section ,2.7500704749987004
function |functions |function ,2.7347923056931522
part |part |Part ,2.7225697702487133
information |information ,2.712569513975991
graphical interactive applications part f applying |graphical interactive applications Part F Applying ,2.608809242675524
issue |issue |issues ,2.5575655417487915
diagram |diagram ,2.5361761047210236
simula |Simula ,2.4750634274988306
wikipedia |Wikipedia ,2.406311665623863
object-oriented and classical software engineering |Object-Oriented and Classical Software Engineering ,2.3504972470841334
correctness robustness extendibility and reusability |correctness robustness extendibility and reusability ,2.3504972470841334
java |Java ,2.3375599037488954
work |work |Work ,2.3375599037488954
encapsulation |encapsulation |Encapsulation ,2.3375599037488954
meyer |Meyer ,2.3375599037488954
change |change |changes ,2.2000563799989603
element |Elements |elements ,2.2000563799989603
content |content |contents |Contents ,2.2000563799989603
peter coad |Peter Coad ,2.140778655782796
program compiler |program compiler ,2.140778655782796
good idea |Good Ideas ,2.140778655782796
solution domain |solution domain ,2.140778655782796
comprehensive document |comprehensive documents ,2.140778655782796
oo programming |OO programming ,2.140778655782796
remote object |remote objects ,2.140778655782796
additional concept |Additional concepts ,2.140778655782796
grasp controller |GRASP Controller ,2.140778655782796
place order |place order ,2.140778655782796
design begun |design begun ,2.140778655782796
computation algorithm |computation algorithms ,2.140778655782796
requirements acquisition |requirements acquisition ,2.140778655782796
ieee computer |IEEE Computer ,2.140778655782796
attached object |attached objects ,2.140778655782796
abstract requirement |abstract requirements ,2.140778655782796
software architecture |software architectures ,2.140778655782796
brian wilkerson |Brian Wilkerson ,2.140778655782796
fred p |Fred P ,2.140778655782796
detailed description |detailed description ,2.140778655782796
observer pattern |Observer pattern ,2.140778655782796
careful control |careful controls ,2.140778655782796
real problem |real problems ,2.140778655782796
composite pattern |Composite pattern ,2.140778655782796
term waterfall |term waterfall ,2.140778655782796
lisp machine |Lisp machine ,2.140778655782796
separate function |separate function ,2.140778655782796
ulrich norbisrath |Ulrich Norbisrath ,2.140778655782796
smalltalk language |Smalltalk language ,2.140778655782796
entire jungle |entire jungle ,2.140778655782796
cleanup cleanup |cleanup Cleanup ,2.140778655782796
analysis activity |analysis activity ,2.140778655782796
standardized way |standardized ways ,2.140778655782796
modular object |modular objects ,2.140778655782796
uml tool |UML tools ,2.140778655782796
important aspect |important aspects ,2.140778655782796
abbreviated grasp |abbreviated GRASP ,2.140778655782796
alexander stepanov |Alexander Stepanov ,2.140778655782796
pervasive use |pervasive use ,2.140778655782796
natural language |natural languages ,2.140778655782796
detailed design |detailed designs ,2.140778655782796
major concern |major concerns ,2.140778655782796
true solution |True Solution ,2.140778655782796
everyday business |everyday business ,2.140778655782796
class contrast |class contrast ,2.140778655782796
representation view |representation view ,2.140778655782796
identified item |identified items ,2.140778655782796
flyweight pattern |Flyweight pattern ,2.140778655782796
software system |software systems ,2.140778655782796
design model |design model |design models ,2.140778655782796
abstract definition |abstract definitions ,2.140778655782796
eiffel language |Eiffel language ,2.140778655782796
primary feature |primary features ,2.140778655782796
principal inventor |principal inventor ,2.140778655782796
mediocre programmer |mediocre programmers ,2.140778655782796
procedural code |procedural code ,2.140778655782796
architectural pattern |architectural patterns ,2.140778655782796
prototype-based approach |prototype-based approaches ,2.140778655782796
instancing class |instancing classes ,2.140778655782796
visual modeling |visual modeling ,2.140778655782796
common error |common errors ,2.140778655782796
michael feather |Michael Feathers ,2.140778655782796
object interface |object interface ,2.140778655782796
small number |small number ,2.140778655782796
parallel hardware |parallel hardware ,2.140778655782796
waterfall description |waterfall descriptions ,2.140778655782796
business process |business processes ,2.140778655782796
explicit distinction |explicit distinction ,2.140778655782796
fundamental concept |fundamental concepts ,2.140778655782796
cd player |CD Player ,2.140778655782796
winston royce |Winston Royce ,2.140778655782796
procedural programming |procedural programming ,2.140778655782796
so-called subclass |so-called subclass ,2.140778655782796
object model |object models |Object models ,2.140778655782796
sun microsystem |Sun Microsystems ,2.140778655782796
industry leader |industry leaders ,2.140778655782796
existing component |existing components ,2.140778655782796
key idea |key ideas ,2.140778655782796
design level |design level ,2.140778655782796
real-world mapping |real-world mapping ,2.140778655782796
analysis pattern |Analysis Patterns ,2.140778655782796
class pass |class pass ,2.140778655782796
language code |language codes ,2.140778655782796
dmoz introduction |DMOZ Introduction ,2.140778655782796
talk page |talk page ,2.140778655782796
developers feedback |developers feedback ,2.140778655782796
prototype pattern |Prototype pattern ,2.140778655782796
dates article |dates Articles ,2.140778655782796
greatest strength |greatest strength ,2.140778655782796
convoluted solution |convoluted solutions ,2.140778655782796
principal limitation |principal limitations ,2.140778655782796
mediator pattern |Mediator pattern ,2.140778655782796
d dip |D DIP ,2.140778655782796
application layer |Application Layer ,2.140778655782796
unix programming |Unix Programming ,2.140778655782796
key factor |key factors ,2.140778655782796
canonical example |canonical example ,2.140778655782796
oop code |OOP code ,2.140778655782796
paul w |Paul W ,2.140778655782796
rising popularity |rising popularity ,2.140778655782796
paul graham |Paul Graham ,2.140778655782796
live simultaneously |live simultaneously ,2.140778655782796
modularity encapsulation |modularity Encapsulation ,2.140778655782796
cargo port |cargo ports ,2.140778655782796
programming subroutine |programming subroutines ,2.140778655782796
implementation choice |implementation choices ,2.140778655782796
manager class |Manager class ,2.140778655782796
system operation |system operation ,2.140778655782796
general system |General Systems ,2.140778655782796
mathematical logic |mathematical logic ,2.140778655782796
formal definition |formal definitions ,2.140778655782796
object mentor |Object Mentor ,2.140778655782796
end user |end users ,2.140778655782796
discuss proposed |Discuss Proposed ,2.140778655782796
key goal |key goal ,2.140778655782796
different pattern |different patterns ,2.140778655782796
business domain |business domains ,2.140778655782796
er diagram |ER diagrams ,2.140778655782796
bridge pattern |bridge pattern |Bridge pattern ,2.140778655782796
python ruby |Python Ruby ,2.140778655782796
knowledge-intensive process |knowledge-intensive process ,2.140778655782796
lisp internal |LISP internals ,2.140778655782796
real-world modeling |Real-world modeling ,2.140778655782796
rich hickey |Rich Hickey ,2.140778655782796
relevant discussion |Relevant discussion ,2.140778655782796
general approach |general approach ,2.140778655782796
class-based subset |class-based subset ,2.140778655782796
integral part |integral part ,2.140778655782796
oo method |OO methods ,2.140778655782796
main technique |main technique ,2.140778655782796
procedural methodology |procedural methodology ,2.140778655782796
critical comparison |critical comparison ,2.140778655782796
fundamental property |fundamental property ,2.140778655782796
lower dependency |lower dependency ,2.140778655782796
existing object |existing objects ,2.140778655782796
simulation program |simulation programs ,2.140778655782796
objects interact |objects interact ,2.140778655782796
delphi citation |Delphi citation ,2.140778655782796
meta-object protocol |Meta-object protocol ,2.140778655782796
learning aid |learning aid ,2.140778655782796
widespread use |widespread use ,2.140778655782796
robert martin |Robert Martin ,2.140778655782796
system requirement |system requirements ,2.140778655782796
interacting object |interacting objects ,2.140778655782796
worthy goal |worthy goal ,2.140778655782796
date value |date values ,2.140778655782796
single type |single type ,2.140778655782796
strategy pattern |Strategy pattern ,2.140778655782796
martin fowler |Martin Fowler ,2.140778655782796
setrag khoshafian |Setrag Khoshafian ,2.140778655782796
consistent term |consistent terms ,2.140778655782796
state pattern |State pattern ,2.140778655782796
object-oriented decomposition |object-oriented decomposition ,2.140778655782796
object-oriented simulation |Object-Oriented Simulation ,2.140778655782796
specific object |specific objects ,2.140778655782796
criticism section |Criticism section ,2.140778655782796
barry boehm |Barry Boehm ,2.140778655782796
ui layer |UI layer ,2.140778655782796
single runtime |single runtime ,2.140778655782796
event-driven programming |event-driven programming ,2.140778655782796
communication efficiency |communication efficiency ,2.140778655782796
main difference |main difference ,2.140778655782796
xml document |XML documents ,2.140778655782796
reusable code |reusable code ,2.140778655782796
controller edit |Controller edit ,2.140778655782796
programming methodology |programming methodology ,2.140778655782796
screen cursor |screen cursor ,2.140778655782796
written function |written functions ,2.140778655782796
specialized behavior |specialized behaviors ,2.140778655782796
model-based testing |Model-based testing ,2.140778655782796
real-world object |real-world objects ,2.140778655782796
following distinction |following distinctions ,2.140778655782796
local link |local link ,2.140778655782796
object class |Object Class ,2.140778655782796
domain layer |domain layer ,2.140778655782796
strong influence |strong influence ,2.140778655782796
existing class |existing class ,2.140778655782796
default value |default values ,2.140778655782796
developer utiliz |developer utilizes ,2.140778655782796
subclass class |subclass classes ,2.140778655782796
external link |External links ,2.140778655782796
lisp clos |LISP CLOS ,2.140778655782796
class b |class B ,2.140778655782796
class concept |class concept ,2.140778655782796
business facade |business facade ,2.140778655782796
finished design |finished design ,2.140778655782796
influential paper |influential paper ,2.140778655782796
further refinement |further refinements ,2.140778655782796
special variable |special variable ,2.140778655782796
large majority |large majority ,2.140778655782796
partial superset |partial superset ,2.140778655782796
early history |Early History ,2.140778655782796
visual basic |Visual Basic ,2.140778655782796
excessive number |excessive number ,2.140778655782796
object-oriented technology |object-oriented technology ,2.140778655782796
end product |end product ,2.140778655782796
implicit environment |implicit environment ,2.140778655782796
modeling application |modeling applications ,2.140778655782796
potential change |potential change ,2.140778655782796
distinguishing feature |distinguishing feature ,2.140778655782796
frameworks show |frameworks shows ,2.140778655782796
command pattern |Command pattern ,2.140778655782796
payroll system |payroll system ,2.140778655782796
quality focus |quality focus ,2.140778655782796
no silver |No Silver ,2.140778655782796
abstract model |abstract model ,2.140778655782796
intermediate object |intermediate object ,2.140778655782796
specific problem |specific problem ,2.140778655782796
increasing relevance |increasing relevance ,2.140778655782796
different situation |different situations ,2.140778655782796
type checker |type checker ,2.140778655782796
simpler definition |simpler definitions ,2.140778655782796
successful mission |successful mission ,2.140778655782796
thickly-layered program |thickly-layered programs ,2.140778655782796
iterative process |iterative process ,2.140778655782796
circle-ellipse problem |circle-ellipse problem ,2.140778655782796
self-contained module |self-contained modules ,2.140778655782796
criticism edit |Criticism edit ,2.140778655782796
user-interface mockup |User-interface mockups ,2.140778655782796
data abstraction |data abstraction ,2.140778655782796
non-ui class |non-UI class ,2.140778655782796
procedural approach |procedural approaches ,2.140778655782796
functional model |functional model ,2.140778655782796
needed technology |needed technology ,2.140778655782796
design ooad |design OOAD ,2.140778655782796
functional language |functional languages ,2.140778655782796
package b |package B ,2.140778655782796
oop toolkit |OOP toolkits ,2.140778655782796
software life-cycle |software life-cycle ,2.140778655782796
ivan sutherland |Ivan Sutherland ,2.140778655782796
interpreter pattern |Interpreter pattern ,2.140778655782796
property list |property lists ,2.140778655782796
l lsp |L LSP ,2.140778655782796
sally shlaer |Sally Shlaer ,2.140778655782796
encapsulated object |encapsulated object ,2.140778655782796
iterator pattern |Iterator pattern ,2.140778655782796
virtual method |virtual methods ,2.140778655782796
amazon createspace |Amazon Createspace ,2.140778655782796
basic concept |Basic concepts ,2.140778655782796
standard structure |standard structure ,2.140778655782796
unsourced material |Unsourced material ,2.140778655782796
reason field |reason field ,2.140778655782796
initializing information |initializing information ,2.140778655782796
method interface |method interface ,2.140778655782796
erich gamma |Erich Gamma ,2.140778655782796
xerox parc |Xerox PARC ,2.140778655782796
cite template |cite templates ,2.140778655782796
unique step |unique step ,2.140778655782796
given responsibility |given responsibility ,2.140778655782796
cocoa framework |Cocoa frameworks ,2.140778655782796
detailed understanding |detailed understanding ,2.140778655782796
sophisticated control |sophisticated control ,2.140778655782796
external actor |external actors ,2.140778655782796
square menu |square menu ,2.140778655782796
language keyword |language keywords ,2.140778655782796
solid start |SOLID start ,2.140778655782796
classes object |classes objects ,2.140778655782796
first language |first language ,2.140778655782796
wider audience |wider audience ,2.140778655782796
lower impact |lower impact ,2.140778655782796
mental toolset |mental toolset ,2.140778655782796
common layer |Common layers ,2.140778655782796
major revision |major revision ,2.140778655782796
controller component |controller component ,2.140778655782796
procedural element |procedural elements ,2.140778655782796
automatic generation |automatic generation ,2.140778655782796
distinctive approach |distinctive approach ,2.140778655782796
polymorphic composition |polymorphic composition ,2.140778655782796
initial stand |Initial Stands ,2.140778655782796
general-purpose interface |general-purpose interface ,2.140778655782796
heavy burden |heavy burden ,2.140778655782796
succeeding design |succeeding design ,2.140778655782796
lauren wiener |Lauren Wiener ,2.140778655782796
project management |project management ,2.140778655782796
kitchen product |kitchen product ,2.140778655782796
oo feature |OO features ,2.140778655782796
recent year |recent years ,2.140778655782796
flow chart |flow charts ,2.140778655782796
actor user |actor users ,2.140778655782796
primary task |primary tasks ,2.140778655782796
defining object |Defining objects ,2.140778655782796
relevant suggestion |relevant suggestions ,2.140778655782796
byte magazine |Byte Magazine ,2.140778655782796
major advantage |major advantage ,2.140778655782796
oop principle |OOP principles ,2.140778655782796
chain-of-responsibility pattern |Chain-of-responsibility pattern ,2.140778655782796
reliable source |reliable sources ,2.140778655782796
wikimedia common |Wikimedia Commons ,2.140778655782796
following concept |following concepts ,2.140778655782796
programming paradigm |programming paradigm ,2.140778655782796
languages lisp |languages lisps ,2.140778655782796
common name |common names ,2.140778655782796
complex behaviour |complex behaviours ,2.140778655782796
bank account |bank account ,2.140778655782796
chameleon language |Chameleon languages ,2.140778655782796
behaviors process |behaviors processes ,2.140778655782796
dhiraj shetty |Dhiraj Shetty ,2.140778655782796
lisp atom |LISP atoms ,2.140778655782796
proxy pattern |Proxy pattern ,2.140778655782796
prototype object |prototype objects ,2.140778655782796
facade pattern |Facade pattern ,2.140778655782796
ood oop |OOD OOP ,2.140778655782796
stephen mellor |Stephen Mellor ,2.140778655782796
polymorphic operation |polymorphic operations ,2.140778655782796
program mode |program mode ,2.140778655782796
following pattern |following patterns ,2.140778655782796
expert principle |Expert Principle ,2.140778655782796
theoretical foundation |theoretical foundation ,2.140778655782796
uml larman |UML Larman ,2.140778655782796
first object |first object ,2.140778655782796
red link |red links ,2.140778655782796
method pattern |method pattern ,2.140778655782796
model-view-controller pattern |Model-view-controller pattern ,2.140778655782796
oop paradigm |OOP paradigm ,2.140778655782796
output artifact |output artifact ,2.140778655782796
multiple application |multiple applications ,2.140778655782796
precise citation |precise citations ,2.140778655782796
specific solution |specific solutions ,2.140778655782796
code re-usability |code re-usability ,2.140778655782796
needed object |needed object ,2.140778655782796
function literal |function literals ,2.140778655782796
hardware support |hardware support ,2.140778655782796
technology independent |technology independent ,2.140778655782796
linn smart |Linn Smart ,2.140778655782796
joe armstrong |Joe Armstrong ,2.140778655782796
essential structure |essential structures ,2.140778655782796
main advantage |main advantage ,2.140778655782796
shape operation |Shape operations ,2.140778655782796
main object |main objects ,2.140778655782796
performance requirement |performance requirements ,2.140778655782796
remove duplication |remove duplications ,2.140778655782796
analysis developer |analysis developers ,2.140778655782796
decorator pattern |Decorator pattern ,2.140778655782796
crc card |CRC cards ,2.140778655782796
first design |first design ,2.140778655782796
object-orientation wikiversity |Object-orientation Wikiversity ,2.140778655782796
digital counterpart |digital counterparts ,2.140778655782796
electronic product |electronic products ,2.140778655782796
uml article |UML article ,2.140778655782796
properties attribute |properties attributes ,2.140778655782796
lisp community |Lisp community ,2.140778655782796
inter-system event |inter-system events ,2.140778655782796
association list |association lists ,2.140778655782796
important topic |Important topics ,2.140778655782796
graphics program |graphics program ,2.140778655782796
scripting language |scripting language ,2.140778655782796
ruben jubeh |Ruben Jubeh ,2.140778655782796
electronics product |electronics product ,2.140778655782796
mouse movement |mouse movement ,2.140778655782796
system f |System F ,2.140778655782796
identifying attribute |Identifying attributes ,2.140778655782796
common problem |common problem ,2.140778655782796
early day |early days ,2.140778655782796
singleton pattern |Singleton pattern ,2.140778655782796
semantic gap |semantic gap ,2.140778655782796
builder pattern |Builder pattern ,2.140778655782796
analysis level |analysis level ,2.140778655782796
multiple inheritance |multiple inheritance ,2.140778655782796
no priority |no priority ,2.140778655782796
first appearance |first appearance ,2.140778655782796
comprehensive iterative |comprehensive iterative ,2.140778655782796
controller object |Controller object ,2.140778655782796
oo tcl |OO Tcl ,2.140778655782796
philippe kruchten |Philippe Kruchten ,2.140778655782796
memento pattern |Memento pattern ,2.140778655782796
single usercontroller |single UserController ,2.140778655782796
significant diversity |significant diversity ,2.140778655782796
data field |data fields ,2.140778655782796
modular programming |modular programming ,2.140778655782796
research laboratory |Research Laboratory ,2.140778655782796
essential tool |essential tool ,2.140778655782796
identify object |Identify objects ,2.140778655782796
smalltalk creator |Smalltalk creators ,2.140778655782796
physical modeling |physical modeling ,2.140778655782796
no cycle |no cycles ,2.140778655782796
first address |first address ,2.140778655782796
iterative approach |iterative approach ,2.140778655782796
daniel j |Daniel J ,2.140778655782796
mnemonic acronym |mnemonic acronym ,2.140778655782796
history edit |History edit ,2.140778655782796
map entity |map entity ,2.140778655782796
program structuring |program structuring ,2.140778655782796
function-level probabilistic |Function-level Probabilistic ,2.140778655782796
first edition |first edition ,2.140778655782796
important object |important objects ,2.140778655782796
database table |database tables ,2.140778655782796
international journal |International Journal ,2.140778655782796
processor architecture |processor architectures ,2.140778655782796
stated goal |stated goals ,2.140778655782796
transparent representation |Transparent representation ,2.140778655782796
minimal set |minimal set ,2.140778655782796
dependent object |dependent object ,2.140778655782796
influential book |influential book ,2.140778655782796
domain expert |domain experts ,2.140778655782796
overview edit |Overview edit ,2.140778655782796
adapter pattern |adapter pattern |Adapter pattern ,2.140778655782796
indirection edit |Indirection edit ,2.140778655782796
abadi cardelli |Abadi Cardelli ,2.140778655782796
complex system |complex systems ,2.140778655782796
oop approach |OOP approach ,2.140778655782796
methods verb |methods verbs ,2.140778655782796
shopping cart |shopping cart ,2.140778655782796
database connection |database connection ,2.140778655782796
horizontal arrow |horizontal arrows ,2.140778655782796
owning class |owning class ,2.140778655782796
dependency graph |dependency graph ,2.140778655782796
standard code |standard code ,2.140778655782796
basic idea |basic idea ,2.140778655782796
modern sense |modern sense ,2.140778655782796
object pascal |Object Pascal ,2.140778655782796
application domain |application domain ,2.140778655782796
popular language |popular languages ,2.140778655782796
invoke service |invoke services ,2.140778655782796
different process |different processes ,2.140778655782796
defining software |Defining software ,2.140778655782796
unneeded complexity |unneeded complexity ,2.140778655782796
dynamic behavior |dynamic behaviors ,2.140778655782796
conceptual diagram |conceptual diagram ,2.140778655782796
first software engineering language |first software engineering language ,2.035623909730721
definitions d a glossary |definitions D A glossary ,2.035623909730721
object orientation part b |object orientation Part B ,2.035623909730721
classes objects genericity inheritance |classes objects genericity inheritance ,2.035623909730721
object-oriented modeling and design |Object-Oriented Modeling and Design ,2.035623909730721
man-machine graphical communication system |Man-Machine Graphical Communication System ,2.035623909730721
foxpro history web site |FoxPro History web site ,2.035623909730721
spanish translation bertrand meyer |Spanish translation Bertrand Meyer ,2.035623909730721
object oriented thinking programming |Object Oriented Thinking Programming ,2.035623909730721
reusable object oriented software |Reusable Object Oriented Software ,2.035623909730721
infobox book image param |Infobox book image param ,2.035623909730721
further reading edit abadi |Further reading edit Abadi ,2.035623909730721
technology |technology |Technology ,2.00362277464191
developer |developer |Developers |developers ,1.9250493324990903
subclass |subclass |subclasses ,1.9250493324990903
programmer |programmer |programmers ,1.9250493324990903
definition |definition |definitions ,1.9250493324990903
extension |extension |extensions ,1.9250493324990903
eiffel |Eiffel ,1.8333803166658003
edition |edition |Edition ,1.821921689686639
iterative |iterative ,1.7875458087491554
introduction |Introduction |introduction ,1.7875458087491554
development |development ,1.7089723666063352
paradigm |paradigm ,1.6500422849992202
implementation |implementation |implementations |Implementation ,1.6500422849992202
general |general ,1.6500422849992202
set |set |sets ,1.6500422849992202
object-orientation |object-orientation |Object-orientation ,1.6500422849992202
requirement |requirements ,1.6500422849992202
applicable |applicable ,1.6500422849992202
ability |ability ,1.6500422849992202
interaction |interaction |interactions ,1.6500422849992202
artificial intelligence laboratory |Artificial Intelligence Laboratory ,1.632268215499513
mit computer science |MIT Computer Science ,1.632268215499513
gerald jay sussman |Gerald Jay Sussman ,1.632268215499513
software quality factor |software quality factors ,1.632268215499513
object-oriented programming citation |object-oriented programming citation ,1.632268215499513
emerald programming language |Emerald Programming Language ,1.632268215499513
main object-oriented technique |main object-oriented techniques ,1.632268215499513
technical report no |Technical Report No ,1.632268215499513
computer science journal |computer science journals ,1.632268215499513
intel software network |Intel Software Network ,1.632268215499513
object-oriented software engineering |Object-Oriented Software Engineering ,1.632268215499513
existential type blog |Existential Type Blog ,1.632268215499513
use case-driven approach |Use Case-Driven Approach ,1.632268215499513
appendices a extract |Appendices A Extracts ,1.632268215499513
all-time most cited |all-time most cited ,1.632268215499513
springer-verlag new york |Springer-Verlag New York ,1.632268215499513
subtyping and inheritance |Subtyping and Inheritance ,1.632268215499513
structure and interpretation |Structure and Interpretation ,1.632268215499513
computer science literature |computer science literature ,1.632268215499513
object technology casebook |Object Technology Casebook ,1.632268215499513
object-oriented software developed |Object-Oriented Software Developed ,1.632268215499513
major o-o language |major O-O languages ,1.632268215499513
eiffel software page |Eiffel Software Page ,1.632268215499513
award-winning business application |Award-Winning Business Applications ,1.632268215499513
dutch first edition |Dutch first edition ,1.632268215499513
future database system |Future Database Systems ,1.632268215499513
language design choice |language design choices ,1.632268215499513
cambridge university press |Cambridge University Press ,1.632268215499513
b rich hickey |b Rich Hickey ,1.632268215499513
object oriented modeling |Object Oriented Modeling ,1.632268215499513
visual |Visual ,1.6271250310408978
ood |OOD ,1.6042077770825751
common |common ,1.588929607777027
message |message |Message |messages ,1.5812905231242527
solution |solutions |solution ,1.5278169305548335
contract |contract |Contract ,1.512538761249285
attempt |attempt |attempts ,1.512538761249285
stage |stage |stages ,1.512538761249285
ivar |Ivar ,1.512538761249285
addison-wesley |Addison-Wesley ,1.512538761249285
relationship |relationship |relationships ,1.512538761249285
john |John ,1.4781628803118014
solid |SOLID ,1.3750352374993502
number |number ,1.3750352374993502
artifact |artifact |artifacts ,1.3750352374993502
component |components ,1.3750352374993502
goal |goal ,1.3750352374993502
term |term |terms ,1.3750352374993502
state |state |states ,1.3553918769636453
ooa |OOA ,1.3062834756243826
abstract |abstract ,1.258686102018636
creator |Creator |creator ,1.2375317137494153
package |packages |package ,1.2375317137494153
field |fields ,1.2375317137494153
kind |kinds |kind ,1.2375317137494153
notation |notations |notation ,1.1458626979161253
list |list |List ,1.1458626979161253
business |business ,1.1305845286105767
procedure |procedures ,1.1000281899994802
oberon |Oberon ,1.1000281899994802
constraint |constraints ,1.1000281899994802
grasp |GRASP ,1.1000281899994802
rdbms |RDBMSs ,1.1000281899994802
database |databases ,1.1000281899994802
ooad |OOAD ,1.1000281899994802
theory |theory |Theory ,1.1000281899994802
jacobsen |Jacobsen ,1.1000281899994802
mit |MIT ,1.0771109360411577
major issue |major issues ,1.070389327891398
b abadi |b Abadi ,1.070389327891398
mladen vouk |Mladen Vouk ,1.070389327891398
jolt winner |Jolt winners ,1.070389327891398
help armstrong |help Armstrong ,1.070389327891398
compiling simula |Compiling Simula ,1.070389327891398
b stepanov |b Stepanov ,1.070389327891398
technical book |technical books ,1.070389327891398
commercial environment |Commercial Environment ,1.070389327891398
o solution |O Solution ,1.070389327891398
ieee annals |IEEE Annals ,1.070389327891398
categorical datatype |Categorical Datatypes ,1.070389327891398
existential type |existential types ,1.070389327891398
massachusetts institute |Massachusetts Institute ,1.070389327891398
zaemis blogspot |zaemis blogspot ,1.070389327891398
michael blaha |Michael Blaha ,1.070389327891398
first class |First Class ,1.070389327891398
steve-yegge blogspot |steve-yegge blogspot ,1.070389327891398
web search |Web search ,1.070389327891398
hugh darwen |Hugh Darwen ,1.070389327891398
teaching fp |teaching FP ,1.070389327891398
non-o-o environment |non-O-O environments ,1.070389327891398
historical study |historical study ,1.070389327891398
object-oriented reuse |Object-Oriented Reuse ,1.070389327891398
message passing |Message Passing ,1.070389327891398
abstraction pierce |Abstraction Pierce ,1.070389327891398
advanced topic |Advanced topics ,1.070389327891398
extensive discussion |extensive discussions ,1.070389327891398
morgan kaufmann |Morgan Kaufmann ,1.070389327891398
bruckner publishing |Bruckner Publishing ,1.070389327891398
technological genesis |technological genesis ,1.070389327891398
record handling |Record Handling ,1.070389327891398
robert harper |Robert Harper ,1.070389327891398
peter seibel |Peter Seibel ,1.070389327891398
seventh edition |Seventh Edition ,1.070389327891398
productivity analysis |Productivity Analysis ,1.070389327891398
b armstrong |b Armstrong ,1.070389327891398
foundational text |foundational text ,1.070389327891398
ole automation |OLE Automation ,1.070389327891398
numerous translation |Numerous translations ,1.070389327891398
reliable software |reliable software ,1.070389327891398
simula language |Simula Languages ,1.070389327891398
support microsoft |support microsoft ,1.070389327891398
usenet citation |Usenet citation ,1.070389327891398
software practice |Software Practice ,1.070389327891398
google scholar |Google Scholar ,1.070389327891398
contents edit |contents edit ,1.070389327891398
computing literature |Computing Literature ,1.070389327891398
citeseer list |Citeseer list ,1.070389327891398
william premerlani |William Premerlani ,1.070389327891398
interactive system |interactive system ,1.070389327891398
expensive disaster |expensive disaster ,1.070389327891398
www drdobb |www drdobbs ,1.070389327891398
lab timeline |Lab Timeline ,1.070389327891398
o-o technique |O-O techniques ,1.070389327891398
fox release |Fox releases ,1.070389327891398
special emphasis |special emphasis ,1.070389327891398
foxprohistory org |Foxprohistory org ,1.070389327891398
b cardelli |b Cardelli ,1.070389327891398
first letter |first letters ,1.070389327891398
jolt award |Jolt award ,1.070389327891398
acm comput |ACM Comput ,1.070389327891398
object-oriented methodology |Object-oriented methodology ,1.070389327891398
algol bulletin |ALGOL Bulletin ,1.070389327891398
paragraph spell |paragraph spell ,1.070389327891398
database system |Database Systems ,1.070389327891398
help harmon |help Harmon ,1.070389327891398
lincoln laboratory |Lincoln Laboratory ,1.070389327891398
methodological issue |methodological issues ,1.070389327891398
null support |null support ,1.070389327891398
michael i |Michael I ,1.070389327891398
frederick eddy |Frederick Eddy ,1.070389327891398
building business |Building Business ,1.070389327891398
springer verlag |Springer Verlag ,1.070389327891398
database container |database container ,1.070389327891398
theoretical basis |theoretical basis ,1.070389327891398
help |help ,1.0541936820828353
reference |references |reference ,1.0450267804995061
technique |techniques ,1.0312764281245126
ruby |Ruby ,1.0083591741661901
lisp |LISP ,0.9625246662495451
environment |environment |environments ,0.9281487853120614
history |History ,0.8937729043745777
topic |topic |topics ,0.8525218472495971
abstraction |abstraction |Abstractions ,0.8525218472495971
circle |circle |Circle ,0.8250211424996101
navigation |navigation ,0.8250211424996101
early |early ,0.8250211424996101
attribute |attributes ,0.8250211424996101
cleanup |cleanup ,0.8250211424996101
variable |variable ,0.8250211424996101
result |result ,0.8250211424996101
cursor |cursor ,0.8250211424996101
oom |OOM ,0.8250211424996101
notion |notion |notions ,0.8250211424996101
aspect |aspect |aspects ,0.8250211424996101
php |PHP ,0.8250211424996101
unix |Unix ,0.8250211424996101
framework |framework ,0.8250211424996101
gang |Gang ,0.8250211424996101
parallel |parallel ,0.8250211424996101
hardware |hardware ,0.8250211424996101
perl |Perl ,0.8250211424996101
indirection |Indirection ,0.8250211424996101
input |input ,0.8250211424996101
form |form |forms ,0.8250211424996101
date |Dates |Date ,0.7906452615621263
armstrong |Armstrong ,0.7562693806246426
class-based |class-based ,0.7562693806246426
python |Python ,0.7333521266663202
sketchpad |Sketchpad ,0.6875176187496751
cardelli |Cardelli ,0.6875176187496751
creation |creation ,0.6875176187496751
popularity |popularity ,0.6875176187496751
pascal |Pascal ,0.6875176187496751
testing |testing ,0.6875176187496751
output |output |outputs ,0.6875176187496751
phase |phase ,0.6875176187496751
hoare |Hoare ,0.6875176187496751
order |order ,0.6875176187496751
description |description |descriptions ,0.6325162092497011
reusability |reusability ,0.6187658568747076
step |step ,0.5958486029163851
practice |practice ,0.5958486029163851
event |events ,0.5500140949997401
completely |completely ,0.5500140949997401
identify |Identify ,0.5500140949997401
brook |Brooks ,0.5500140949997401
amigo |Amigos ,0.5500140949997401
run |run ,0.5500140949997401
question |questions ,0.5500140949997401
benefit |benefit |benefits ,0.5500140949997401
scenario |scenario |scenarios ,0.5500140949997401
thing |things ,0.5500140949997401
understanding |understanding ,0.5500140949997401
discipline |discipline ,0.5500140949997401
objective-c |Objective-C ,0.5500140949997401
actor |actors ,0.5500140949997401
earlier |earlier ,0.5500140949997401
study |study ,0.5500140949997401
service |Service ,0.5500140949997401
claim |claims ,0.5500140949997401
prototype |prototypes ,0.5500140949997401
deployment |deployment ,0.5500140949997401
kay |Kay ,0.5500140949997401
subobject |subobjects ,0.5500140949997401
reorganization |reorganization ,0.5500140949997401
cobol |COBOL ,0.5500140949997401
mediation |mediation ,0.5500140949997401
author |authors ,0.5500140949997401
hierarchy |hierarchy ,0.5500140949997401
iteration |Iteration |iteration ,0.5500140949997401
cambridge |Cambridge ,0.5500140949997401
paul |Paul ,0.5500140949997401
fortran |Fortran ,0.5500140949997401
mechanism |mechanism ,0.5500140949997401
superclass |superclass ,0.5500140949997401
idea |ideas ,0.5500140949997401
suggestion |suggestions ,0.5500140949997401
routine |routine |routines ,0.5500140949997401
functionality |functionality ,0.5500140949997401
product |product ,0.5500140949997401
mccarthy |McCarthy ,0.5500140949997401
acronym |acronym ,0.5500140949997401
ada |Ada ,0.5500140949997401
place |place ,0.5500140949997401
banana |banana ,0.5500140949997401
edward |Edwards ,0.5500140949997401
show |shows ,0.5500140949997401
lack |lack ,0.5500140949997401
specification |specification ,0.5500140949997401
context |context ,0.5500140949997401
four |Four ,0.45834507916645006
act |act ,0.44917817758312106
incremental |incremental ,0.44001127599979206
basis |basis ,0.41251057124980506
verb |verb |verbs ,0.41251057124980506
addition |addition ,0.41251057124980506
sutherland |Sutherland ,0.41251057124980506
quark |Quarks |quarks ,0.41251057124980506
sense |sense ,0.41251057124980506
manual |Manual ,0.41251057124980506
emphasis |emphasis ,0.41251057124980506
meaning |Meaning |meanings ,0.41251057124980506
guideline |guidelines ,0.41251057124980506
gamma |Gamma ,0.41251057124980506
epilogue |Epilogue ,0.41251057124980506
graham |Graham ,0.41251057124980506
flaw |flaws |Flaws ,0.41251057124980506
intel |Intel ,0.41251057124980506
noun |Nouns ,0.41251057124980506
table |Table |table ,0.38500986649981805
processing |processing ,0.34375880937483755
stepanov |Stepanov ,0.34375880937483755
ieee |IEEE ,0.34375880937483755
yegge |Yegge ,0.34375880937483755
analyzing |analyzing ,0.27500704749987004
movement |movement ,0.27500704749987004
distinction |distinction ,0.27500704749987004
entity |entity ,0.27500704749987004
usability |usability ,0.27500704749987004
multimethod |multimethods ,0.27500704749987004
hanser |Hanser ,0.27500704749987004
speech |speech ,0.27500704749987004
coldfusion |ColdFusion ,0.27500704749987004
colleague |colleagues ,0.27500704749987004
improvement |improvements ,0.27500704749987004
lewis |Lewis ,0.27500704749987004
rare |rare ,0.27500704749987004
damage |damage ,0.27500704749987004
quotation |quotations ,0.27500704749987004
domaindrivendesign |domaindrivendesign ,0.27500704749987004
sugar |sugar ,0.27500704749987004
gorilla |gorilla ,0.27500704749987004
bottom |bottom ,0.27500704749987004
instability |instability ,0.27500704749987004
rup |RUP ,0.27500704749987004
progress |progress ,0.27500704749987004
derivative |derivatives ,0.27500704749987004
mcgraw-hill |McGraw-Hill ,0.27500704749987004
dominance |dominance ,0.27500704749987004
ecmascript |ECMAScript ,0.27500704749987004
statically |statically ,0.27500704749987004
working |working ,0.27500704749987004
combination |combination ,0.27500704749987004
wikidata |Wikidata ,0.27500704749987004
circumstance |circumstances ,0.27500704749987004
mind |mind ,0.27500704749987004
tcloo |TclOO ,0.27500704749987004
kindler |Kindler ,0.27500704749987004
raymond |Raymond ,0.27500704749987004
glass |Glass ,0.27500704749987004
open-closed |Open-closed ,0.27500704749987004
abap |ABAP ,0.27500704749987004
weisfeld |Weisfeld ,0.27500704749987004
manager |Manager ,0.27500704749987004
approximate |approximate ,0.27500704749987004
screen |screen ,0.27500704749987004
discount |discount ,0.27500704749987004
wirth |Wirth ,0.27500704749987004
neutrality |neutrality ,0.27500704749987004
scope |scope ,0.27500704749987004
risk |risks ,0.27500704749987004
handle |handle ,0.27500704749987004
document |document |Document ,0.27500704749987004
ssd |SSD ,0.27500704749987004
maling |Maling ,0.27500704749987004
dispute |dispute ,0.27500704749987004
rail |Rails ,0.27500704749987004
feel |feel ,0.27500704749987004
humorously |humorously ,0.27500704749987004
subsystem |subsystems ,0.27500704749987004
html |HTML ,0.27500704749987004
researcher |researchers ,0.27500704749987004
experimentation |Experimentation ,0.27500704749987004
computation |computation ,0.27500704749987004
character |characters ,0.27500704749987004
building-block |building-blocks ,0.27500704749987004
boston |Boston ,0.27500704749987004
length |lengths ,0.27500704749987004
stub |stub ,0.27500704749987004
internally |internally ,0.27500704749987004
implication |implications ,0.27500704749987004
dialect |dialect ,0.27500704749987004
rest |rest ,0.27500704749987004
efficient |Efficient ,0.27500704749987004
abraham |Abrahams ,0.27500704749987004
precedence |precedence ,0.27500704749987004
separation |separation ,0.27500704749987004
publication |publication ,0.27500704749987004
omt |OMT ,0.27500704749987004
ansi-c |ANSI-C ,0.27500704749987004
concretion |concretions ,0.27500704749987004
prototyping |prototyping ,0.27500704749987004
knowledge |knowledge ,0.27500704749987004
krivy |Krivy ,0.27500704749987004
response |response ,0.27500704749987004
activity |activity ,0.27500704749987004
data-structure |data-structures ,0.27500704749987004
primitive |primitives ,0.27500704749987004
master |master ,0.27500704749987004
luckham |Luckham ,0.27500704749987004
argument |argument ,0.27500704749987004
class-z |Class-Z ,0.27500704749987004
conallen |Conallen ,0.27500704749987004
inherited |inherited ,0.27500704749987004
object-variable |object-variable ,0.27500704749987004
subroutine |subroutines ,0.27500704749987004
customer |customer ,0.27500704749987004
coroutine |coroutines ,0.27500704749987004
syntactic |syntactic ,0.27500704749987004
pedestal |pedestal ,0.27500704749987004
designer |designer ,0.27500704749987004
challenge |Challenges ,0.27500704749987004
taylor |Taylor ,0.27500704749987004
lua |Lua ,0.27500704749987004
incorrect |incorrect ,0.27500704749987004
maintainability |maintainability ,0.27500704749987004
curve |curves ,0.27500704749987004
person |person ,0.27500704749987004
excessive |excessive ,0.27500704749987004
focus |focus ,0.27500704749987004
persistence |persistence ,0.27500704749987004
degree |degree ,0.27500704749987004
compiler |compiler ,0.27500704749987004
alan |Alan ,0.27500704749987004
granularity |granularity ,0.27500704749987004
picture |picture ,0.27500704749987004
russell |Russell ,0.27500704749987004
purpose |purpose ,0.27500704749987004
pliant |Pliant ,0.27500704749987004
binding |bindings ,0.27500704749987004
modification |modification ,0.27500704749987004
loop |LOOPS ,0.27500704749987004
end-product |end-product ,0.27500704749987004
capture |captures ,0.27500704749987004
brayton |Brayton ,0.27500704749987004
internet |Internet ,0.27500704749987004
loftu |Loftus ,0.27500704749987004
guru |gurus ,0.27500704749987004
memory |memory ,0.27500704749987004
schreiner |Schreiner ,0.27500704749987004
growth |growth ,0.27500704749987004
limit |limits ,0.27500704749987004
reality |Reality ,0.27500704749987004
interpretation |interpretations |Interpretation ,0.27500704749987004
realize |Realize ,0.27500704749987004
sysml |SysML ,0.27500704749987004
cousin |cousin ,0.27500704749987004
insight |insights ,0.27500704749987004
clojure |Clojure ,0.27500704749987004
inability |inability ,0.27500704749987004
javascript |JavaScript ,0.27500704749987004
massachusetts |Massachusetts ,0.27500704749987004
hode |Hodes ,0.27500704749987004
conflict |conflict ,0.27500704749987004
adage |adage ,0.27500704749987004
xhtml |XHTML ,0.27500704749987004
hart |Hart ,0.27500704749987004
downside |downsides ,0.27500704749987004
payment |payment ,0.27500704749987004
park |Park ,0.27500704749987004
expense |expense ,0.27500704749987004
respect |respect ,0.27500704749987004
alternative |alternative ,0.27500704749987004
forum |Forums ,0.27500704749987004
course |course ,0.27500704749987004
concrete |concrete ,0.27500704749987004
erlang |Erlang ,0.27500704749987004
dissertation |dissertation ,0.27500704749987004
budget |budget |budgets ,0.27500704749987004
ship |ships ,0.27500704749987004
private |private ,0.27500704749987004
shelly |Shelly ,0.27500704749987004
jersey |Jersey ,0.27500704749987004
shot |shot ,0.27500704749987004
consideration |consideration ,0.27500704749987004
technically |technically ,0.27500704749987004
shape |shape ,0.27500704749987004
intuition |intuition ,0.27500704749987004
stakeholder |stakeholders ,0.27500704749987004
error |error ,0.27500704749987004
strategy |strategy ,0.27500704749987004
booch |Booch ,0.229172539583225
fox |Fox ,0.20625528562490253
darwen |Darwen ,0.20625528562490253
control |controls ,0.19250493324990903
basic |BASIC ,0.18333803166658005
open |open ,0.18333803166658005
cycle |cycle ,0.16500422849992205
answer |answer ,0.13750352374993502
coder |Coders ,0.13750352374993502
exception |exception ,0.13750352374993502
jan |Jan ,0.13750352374993502
ross |Ross ,0.13750352374993502
stevey |Stevey ,0.13750352374993502
road |road ,0.13750352374993502
joe |Joe ,0.13750352374993502
levin |Levin ,0.13750352374993502
pecinovsky |Pecinovsky ,0.13750352374993502
proceeds |proceeds ,0.13750352374993502
group |Groups |groups ,0.13750352374993502
erich |Erich ,0.13750352374993502
discovery |discovery ,0.13750352374993502
execution |Execution ,0.13750352374993502
reflection |Reflections ,0.13750352374993502
operation |operations ,0.13750352374993502
lesson |Lessons ,0.13750352374993502
erik |Erik ,0.13750352374993502
multithreading |Multithreading ,0.13750352374993502
vietnam |Vietnam ,0.13750352374993502
interview |Interview ,0.13750352374993502
interoperability |Interoperability ,0.13750352374993502
client-server |client-server ,0.13750352374993502
realistic |Realistic ,0.13750352374993502
potok |Potok ,0.13750352374993502
examination |examination ,0.13750352374993502
appendix |Appendix ,0.13750352374993502
neward |Neward ,0.13750352374993502
justification |justification ,0.13750352374993502
letter |letters ,0.13750352374993502
word |word ,0.13750352374993502
vol |Vol ,0.13750352374993502
rule |rules ,0.13750352374993502
ambler |Ambler ,0.13750352374993502
omg |OMG ,0.13750352374993502
schach |Schach ,0.13750352374993502
pdf |PDF ,0.13750352374993502
thousand |thousands ,0.13750352374993502
smashcompany |smashcompany ,0.13750352374993502
eele |Eeles ,0.13750352374993502
distribution |distribution ,0.13750352374993502
productivity |productivity ,0.13750352374993502
stlport |STLport ,0.13750352374993502
swapnil |swapnil ,0.13750352374993502
variation |variation |variations ,0.13750352374993502
kingdom |Kingdom ,0.13750352374993502
correctness |correctness ,0.13750352374993502
alexander |Alexander ,0.13750352374993502
glossary |glossary ,0.13750352374993502
synonym |synonym ,0.13750352374993502
doug |Doug ,0.13750352374993502
ooop |OOOP ,0.13750352374993502
craft |Craft ,0.13750352374993502
undo |undo ,0.13750352374993502
literature |literature ,0.13750352374993502
microsoft |Microsoft ,0.13750352374993502
boronczyk |Boronczyk ,0.13750352374993502
map |maps ,0.13750352374993502
paulgraham |PaulGraham ,0.13750352374993502
harold |Harold ,0.13750352374993502
serbian |Serbian ,0.13750352374993502
concurrency |concurrency ,0.13750352374993502
thinking |thinking ,0.13750352374993502
month |months ,0.13750352374993502
oosc |OOSC ,0.13750352374993502
techrepublic |techrepublic ,0.13750352374993502
summary |Summary ,0.13750352374993502
effort |effort ,0.13750352374993502
reader |reader ,0.13750352374993502
abelson |Abelson ,0.13750352374993502
codersatwork |Codersatwork ,0.13750352374993502
precept |precepts ,0.13750352374993502
uni-kl |Uni-kl ,0.13750352374993502
thomas |Thomas ,0.13750352374993502
holmevik |Holmevik ,0.13750352374993502
logical |logical ,0.06875176187496751
peter |Peter ,0.06875176187496751
cite |Cite ,0.06875176187496751
martin |Martin ,0.055001409499973994
interact |interact ,0.045834507916645
action |actions ,0.034375880937483755
top |top ,0.034375880937483755
design patterns edit |Design patterns edit ,0.0
array |arrays ,0.0
compatibility |compatibility ,0.0
following |following ,0.0
c a r tony |C A R Tony ,0.0
data pattern |data patterns ,0.0
enhancement |Enhancement ,0.0
tight coupling |tight coupling ,0.0
relationships edit |relationships edit ,0.0
object-oriented technique |Object-oriented techniques ,0.0
complex source code |complex source code ,0.0
data storage |data storage ,0.0
factory pattern |Factory pattern ,0.0
manageable |manageable ,0.0
structure chart |structure charts ,0.0
correctness robustness extendibility |correctness robustness extendibility ,0.0
patterns edit |Patterns edit ,0.0
application framework |Application framework ,0.0
lesser degree |lesser degree ,0.0
accessible description |accessible descriptions ,0.0
line |line ,0.0
object-oriented program |object-oriented program ,0.0
transaction |transaction ,0.0
sequence diagram |Sequence diagram |sequence diagrams ,0.0
consensus definition |consensus definition ,0.0
paper |paper ,0.0
liskov substitution |Liskov substitution ,0.0
use case controller |use case controller ,0.0
reference model |reference model ,0.0
wikiversity |Wikiversity ,0.0
experience |experiences ,0.0
concern |concerns ,0.0
understandable |understandable ,0.0
divides system |divides systems ,0.0
differ |differs ,0.0
source code |source code ,0.0
way |ways ,0.0
runtime |runtime ,0.0
dynamic model |dynamic models ,0.0
specific business goal |specific business goal ,0.0
arrow |arrow ,0.0
terminology |terminology ,0.0
detail |details ,0.0
association |association ,0.0
software platform |software platforms ,0.0
agile |agile ,0.0
incremental manner |incremental manner ,0.0
simscript |SIMSCRIPT ,0.0
domain-driven design |Domain-driven design ,0.0
managing |managing ,0.0
object-oriented processes analysis |object-oriented processes analysis ,0.0
booch method |Booch method ,0.0
public |public ,0.0
physical |physical ,0.0
rigorous definition |rigorous definition ,0.0
day |day ,0.0
persistent storage |persistent storage ,0.0
name |names ,0.0
behavioral subtyping edit |behavioral subtyping edit ,0.0
subclasses correspond |subclasses correspond ,0.0
reason |reasons ,0.0
environments part g |environments Part G ,0.0
pointer |pointers ,0.0
object-based language |Object-based language ,0.0
accident |Accidents ,0.0
responsibility-driven design |responsibility-driven design ,0.0
class extension |class extension ,0.0
commercially successful |commercially successful ,0.0
incremental process guide |incremental process guide ,0.0
subset |subsets ,0.0
task |task ,0.0
modularity |modularity ,0.0
template |template ,0.0
pitfall |pitfalls ,0.0
modular component |modular components ,0.0
popular methodology |popular methodology ,0.0
concepts edit |concepts edit ,0.0
open-source software advocate |open-source software advocate ,0.0
citation |citations ,0.0
groovy |Groovy ,0.0
planning |Planning ,0.0
block |blocks ,0.0
stakeholder communication |stakeholder communication ,0.0
craig |Craig ,0.0
limitation |limitations ,0.0
adaptive programming |adaptive programming ,0.0
keyword |keyword ,0.0
modeling data object |modeling data objects ,0.0
dependency injection |Dependency injection ,0.0
c support cross-language inheritance |C support cross-language inheritance ,0.0
player |player ,0.0
classical software engineering |Classical Software Engineering ,0.0
flavor |Flavors ,0.0
control flow edit |control flow edit ,0.0
decoupling |decoupling ,0.0
product quality |product quality ,0.0
accessing |accessing ,0.0
structured programming |structured programming ,0.0
oose |OOSE ,0.0
internal |internals ,0.0
situation |situation ,0.0
item |item ,0.0
re-usability |re-usability ,0.0
databases edit |databases edit ,0.0
full frankness |Full Frankness ,0.0
wilkerson |Wilkerson ,0.0
greater |greater ,0.0
refinement |refinement ,0.0
multi-method |multi-methods ,0.0
methods signature |methods signatures ,0.0
punctuation |punctuation ,0.0
process guide |process guides ,0.0
essence |Essence ,0.0
james |James ,0.0
object system |object systems ,0.0
visitor pattern object-orientation |Visitor pattern Object-orientation ,0.0
point |point ,0.0
operating system |operating system ,0.0
agreed-upon |agreed-upon ,0.0
unix programmer |Unix programmer ,0.0
direction |direction ,0.0
plex |plexes ,-0.055001409499973994
art |Art ,-0.09166901583329
communication |Communications ,-0.11000281899994802
pat |Pat ,-0.11155946266504163
jacobson |Jacobson ,-0.13750352374993502
foundation |Foundation ,-0.13750352374993502
thought |thoughts ,-0.13750352374993502
constructor |constructor ,-0.13750352374993502
rumbaugh |Rumbaugh ,-0.13750352374993502
arc |ARC ,-0.13750352374993502
initial |initials ,-0.13750352374993502
wirfs-brock |Wirfs-Brock ,-0.13750352374993502
construct |constructs ,-0.16042077770825755
coding |coding ,-0.27500704749987004
sequence |sequences ,-0.27500704749987004
semantic |semantic ,-0.27500704749987004
subtyping |Subtyping ,-0.3093829284373538
statement |statements ,-0.3666760633331601
subtype |subtypes ,-0.41251057124980506
acm |ACM ,-0.48126233312477257
single responsibility |single responsibility ,-0.7135928852609319
procedural language |procedural language ,-1.070389327891398
references edit |References edit ,-1.070389327891398
programming construct |programming construct ,-2.140778655782796
object-oriented software |object-oriented software ,-3.7463626476198932
software construction |Software Construction ,-11.774282606805379
