web |web ,48.0
web development |Web Development |web development |Web development ,28.0
development |development ,27.333333333333332
coda |Coda ,24.0
client |client ,18.0
server |server ,18.0
application |application |applications ,14.0
open source |open source ,10.0
security |security ,10.0
developer |developer |developers ,9.666666666666666
edit |Edit |edit ,9.285714285714286
tool |tools |tool |Tools ,9.0
coding |coding ,9.0
program |programs |program ,9.0
design |design ,8.0
panic |Panic ,8.0
web developer |Web developers |web developers |Web Developers |web developer ,8.0
user |Users |users |user ,7.5
client side |client side ,7.0
web application |Web Applications |Web applications |web applications ,6.333333333333333
component |component |components ,6.0
code |code ,6.0
html |HTML ,6.0
information |information ,6.0
web site |web sites |web site |Web site ,6.0
article |articles |article |Articles ,5.8
help |help ,5.666666666666667
javascript |JavaScript ,5.5
isbn |ISBN ,5.0
communication |communication ,5.0
content |content |Contents ,5.0
flash |Flash ,5.0
industry |industry ,5.0
version |version ,5.0
browser |browser |browsers ,4.666666666666667
page |page |pages ,4.5
project |project |projects ,4.0
aspect |aspects ,4.0
net |NET ,4.0
commerce |commerce ,4.0
apis |APIs ,4.0
public |public ,4.0
apache |Apache ,4.0
software |Software |software ,4.0
ruby |Ruby ,4.0
plug-in |plug-ins |Plug-ins ,4.0
web server |web server ,4.0
php |PHP ,4.0
productivity |productivity ,4.0
python |Python ,4.0
service |services ,4.0
file |files |file ,4.0
platform |platform |platforms ,4.0
asp |ASP ,4.0
framework |frameworks |framework ,4.0
proprietary |proprietary ,4.0
drupal |Drupal ,4.0
website |website |Website |Websites |websites ,3.6666666666666665
category |category ,3.5
web design |web design ,3.0
editor |editor ,3.0
mysql |MySQL ,3.0
testing |testing ,3.0
client side coding |client side coding ,3.0
developer productivity tool |developer productivity tools ,3.0
organization |organization |organizations ,3.0
area |areas ,3.0
web development software |Web development software |web development software ,3.0
java |Java ,3.0
web client |web client ,3.0
mcconnell |McConnell ,3.0
database |databases |database ,3.0
weborb integration server |WebORB Integration Server ,3.0
remoting messaging |remoting messaging ,3.0
remoting messaging and data management |remoting messaging and data management ,3.0
site |site |sites ,3.0
text |text ,3.0
content management system |content management systems ,3.0
form |forms ,3.0
html editor |HTML editors ,3.0
language |languages ,3.0
addison-wesley professional |Addison-Wesley Professional ,3.0
data management |data management ,3.0
market |market ,3.0
linux |Linux ,3.0
business |business |businesses ,2.6666666666666665
example |Examples |example ,2.4
integration |integration ,2.3333333333333335
e-commerce |e-commerce ,2.0
role |roles ,2.0
animation |animation ,2.0
traditional desktop application |traditional desktop application |traditional desktop applications ,2.0
domain |domain ,2.0
additional reference |additional references ,2.0
v t e |v t e ,2.0
labor |Labor ,2.0
search engine optimization |search engine optimization ,2.0
edition |Edition ,2.0
consumer |consumers ,2.0
web design program |web design program ,2.0
xcode |Xcode ,2.0
server side script |server side script |server side scripts ,2.0
coldfusion |ColdFusion ,2.0
website builder |Website builder ,2.0
growth |growth ,2.0
microsoft press |Microsoft Press ,2.0
textmate |TextMate ,2.0
job |job ,2.0
popular example |popular example |popular examples ,2.0
local client |local client ,2.0
location |locations |location ,2.0
sftp |SFTP ,2.0
mac os x |Mac OS X ,2.0
type |type ,2.0
microsoft frontpage |Microsoft FrontPage ,2.0
asp net |ASP NET ,2.0
equivalent |equivalent ,2.0
rich web application |rich web applications ,2.0
risk |risk ,2.0
steve |Steve ,2.0
standard |standard ,2.0
netobjects fusion |NetObjects Fusion ,2.0
local |Local |local ,2.0
cleanup |cleanup ,2.0
iweb |iWeb ,2.0
notepad |Notepad ,2.0
bookmark |bookmarks |Bookmarks ,2.0
how-to content |how-to content ,2.0
personal |personal ,2.0
interdisciplinary skill |interdisciplinary skills ,2.0
unsourced statement |unsourced statements ,2.0
complex javascript front-end application |complex JavaScript front-end applications ,2.0
dart |Dart ,2.0
security concern |security concerns ,2.0
multiple section |multiple sections ,2.0
instance |instance ,2.0
result |results ,2.0
transmit |Transmit ,2.0
unit |unit ,2.0
lamp |LAMP ,2.0
people |people ,2.0
citation |citations ,2.0
code navigator |Code Navigator ,2.0
mac app store |Mac App Store ,2.0
mind |mind ,2.0
stub |stub ,2.0
encryption |encryption ,2.0
text editor |text editor ,2.0
work |work ,2.0
shareware |Shareware ,2.0
amaya |Amaya ,2.0
broad term |broad term |broad terms ,2.0
issue |issues ,2.0
blog |blog ,2.0
interactive |interactive ,2.0
practice |practice ,1.6666666666666667
programming language |programming languages ,1.6666666666666667
wikipedia |Wikipedia ,1.6363636363636365
script |scripts |Scripts ,1.5
method |methods |method ,1.5
xhtml |XHTML ,1.5
perl |Perl ,1.5
designer |designer ,1.5
adobe dreamweaver |Adobe Dreamweaver ,1.5
gui graphic user interface design audio video |GUI Graphic User Interface design Audio Video ,1.0
benefit |benefits ,1.0
open source ruby e g |open source Ruby e g ,1.0
open text |Open Text ,1.0
college |college ,1.0
desktop |desktop ,1.0
sites edit |Sites edit ,1.0
en wikipedia |en wikipedia ,1.0
web site security analysis testing web site code optimization |Web site security analysis testing Web site code optimization ,1.0
accessibility and search engine optimization |accessibility and search engine optimization ,1.0
exo platform |eXo Platform ,1.0
information security analyst |Information Security Analysts ,1.0
graphic designer |graphic designer ,1.0
single page application and offline application |single page application and offline applications ,1.0
mnesia |Mnesia ,1.0
webdav client |WebDAV client ,1.0
wikiversity wikibook |Wikiversity Wikibooks ,1.0
command-line utility |command-line utility ,1.0
private network |private network ,1.0
sections edit |Sections edit ,1.0
security patch |security patches ,1.0
basic interdisciplinary skill |basic interdisciplinary skills ,1.0
component-based software method |component-based software methods ,1.0
designated department |designated department ,1.0
animation processing |Animation processing ,1.0
ftp ssl |FTP SSL ,1.0
textedit |TextEdit ,1.0
help file |help files ,1.0
stringent testing |stringent testing ,1.0
additional testing |additional testing ,1.0
internet world wide web |Internet World Wide Web ,1.0
web design software type |Web design Software type ,1.0
dynamic |dynamic ,1.0
shopping and bargain-hunting experience |shopping and bargain-hunting experience ,1.0
knowledge |Knowledge ,1.0
grails framework java e g |Grails framework Java e g ,1.0
files portion |Files portion ,1.0
reactj |ReactJS ,1.0
category web development software |Category Web development software ,1.0
major issue |major issues ,1.0
layout and design |layout and design ,1.0
rename file |rename files ,1.0
php class |PHP classes ,1.0
actual development |actual development ,1.0
electronic business |electronic businesses ,1.0
web software free computer programming tool |web software Free computer programming tools ,1.0
application development platform xcode |application development platform Xcode ,1.0
certificate authorities |certificate authorities ,1.0
launch security patch update |launch security patch updates ,1.0
web application security |Web Application Security ,1.0
separate pane |separate pane ,1.0
jquery cross-browser javascript library |jQuery Cross-browser JavaScript library ,1.0
flash adobe flash player |Flash Adobe Flash Player ,1.0
personal and interactive |personal and interactive ,1.0
writing markup |writing markup ,1.0
internet fraud |internet fraud ,1.0
desk-based computer |desk-based computer ,1.0
graphic design web design information architecture and copywriting copyediting |Graphic design web design Information architecture and copywriting copyediting ,1.0
adobe cf builder |Adobe CF Builder ,1.0
externally developed component |externally developed components ,1.0
complex web-based internet application |complex web-based internet applications ,1.0
cfeclipse plugin |CFEclipse plugin ,1.0
multiple issue |multiple issues ,1.0
cocoa |Cocoa ,1.0
industry edit |industry edit ,1.0
en wikipedia org w index php title category |en wikipedia org w index php title Category ,1.0
dramatic transformation |dramatic transformation ,1.0
advice |advice ,1.0
coincide |coincide ,1.0
bash |bash ,1.0
timeline edit |Timeline edit ,1.0
microsoft word |Microsoft Word ,1.0
alfresco |Alfresco ,1.0
change |changes ,1.0
php developer |PHP developer ,1.0
personal home page |personal home page ,1.0
requirements churn |requirements churn ,1.0
play framework |Play Framework ,1.0
open source system |open source systems ,1.0
terminal |Terminal ,1.0
basic |basics ,1.0
dean |Dean ,1.0
basic web page |basic web page ,1.0
www drupal org |www drupal org ,1.0
rename files and folder |rename files and folders ,1.0
perspective |Perspectives ,1.0
company-growth and requirements churn |company-growth and requirements churn ,1.0
wordpres |WordPress ,1.0
agile lifecycle model |agile lifecycle models ,1.0
internet safe |internet safe ,1.0
accessibility |accessibility ,1.0
regular ftp |regular FTP ,1.0
how-to sections article |how-to sections Articles ,1.0
diet coda |Diet Coda ,1.0
canvas |Canvas ,1.0
discussion page |discussion page ,1.0
drupal cms benefit |Drupal CMS benefits ,1.0
admin panel |admin panel ,1.0
end-user |end-users ,1.0
protected content |protected content ,1.0
simplest static single page |simplest static single page ,1.0
tools edit |Tools edit ,1.0
security hole |security holes ,1.0
code generation tool |code generation tools ,1.0
visual programming environment |visual programming environment ,1.0
typical and basic web development hierarchy |typical and basic web development hierarchy ,1.0
code complete |Code Complete ,1.0
suggestion |suggestions ,1.0
actual code |actual code ,1.0
security testing |Security Testing ,1.0
mobile |mobile ,1.0
thing |things ,1.0
update |update ,1.0
tool and framework |tool and framework ,1.0
department |departments ,1.0
set |set ,1.0
use case approach |Use Case Approach ,1.0
non-technical people |non-technical people ,1.0
labor statistic |Labor Statistics ,1.0
web software web development computer programming tool |Web software Web development Computer programming tools ,1.0
applescript |AppleScript ,1.0
credit card number |credit card numbers ,1.0
japanese localizer |Japanese localizer ,1.0
content management infrastructure design development |Content management infrastructure design development ,1.0
m-power |M-Power ,1.0
media distribution |media distribution ,1.0
wt xojo drupal lifecycle model edit |Wt Xojo Drupal Lifecycle Model edit ,1.0
principle benefit |principle benefit ,1.0
five |five ,1.0
latest proposed standard |latest proposed standard ,1.0
review web publishing macworld references edit |Review Web Publishing Macworld References edit ,1.0
yaw |Yaws ,1.0
commercial and proprietary web development application |commercial and proprietary web development application ,1.0
h free html editor |H Free HTML editors ,1.0
apache derby couchdb filemaker firebird hadoop ibm |Apache Derby CouchDB FileMaker Firebird Hadoop IBM ,1.0
concern |concern ,1.0
ill intent |ill intent ,1.0
silverlight scalable vector graphics svg webgl |Silverlight Scalable Vector Graphics SVG WebGL ,1.0
web usability |web usability ,1.0
rewrite |rewrite ,1.0
ubiquitous browser plugin |ubiquitous browser plugin ,1.0
lift framework open source ssjs server-side javascript |Lift Framework open source SSJS Server-Side JavaScript ,1.0
technical book |technical books ,1.0
sql injection |SQL injection ,1.0
high-level language |high-level language ,1.0
ezgenerator f fiddler software firstpage freeway software |EZGenerator F Fiddler software FirstPage Freeway software ,1.0
silverlight scalable vector graphics svg webgl and canvas |Silverlight Scalable Vector Graphics SVG WebGL and Canvas ,1.0
main article |main article |Main article ,1.0
commercial |commercial ,1.0
local and remote version |Local and Remote version ,1.0
test planning |test planning ,1.0
captcha field |captcha field ,1.0
good example |good example ,1.0
client side behavior |client side behavior ,1.0
support |support ,1.0
microsoft visual studio |Microsoft Visual Studio ,1.0
reuse edit |Reuse edit ,1.0
contributing factor |contributing factor ,1.0
important aspect |important aspect ,1.0
primitive knowledge |primitive knowledge ,1.0
verification |verification ,1.0
transformative communication |transformative communication ,1.0
unit testing framework |unit testing framework ,1.0
specific workstation |specific workstation ,1.0
nubuilder dbqwiksite or m-power |nuBuilder dbQwikSite or M-Power ,1.0
html or xhtml |HTML or XHTML ,1.0
catalyst |Catalyst ,1.0
additional citation |additional citations ,1.0
local and remote location |local and remote locations ,1.0
creation |creation ,1.0
tersus |Tersus ,1.0
advanced edit |Advanced edit ,1.0
offline application |offline applications ,1.0
portal device independence list |portal Device Independence List ,1.0
lapr linux apache postgresql ruby |LAPR Linux Apache PostgreSQL Ruby ,1.0
find replace mechanism |Find Replace mechanism ,1.0
animation audio video |animation audio video ,1.0
decision |decisions ,1.0
easy-to-use wysiwyg web-development software |easy-to-use WYSIWYG web-development software ,1.0
mike andrew |Mike Andrews ,1.0
principle |principles ,1.0
user experience |User Experience |user experience ,1.0
encoding |encoding ,1.0
widely used application |widely used applications ,1.0
cleanup article |cleanup Articles ,1.0
server side code |server side code ,1.0
internet tutorial |internet tutorials ,1.0
working code |working code ,1.0
files edit coda |Files edit Coda ,1.0
desired result |desired results ,1.0
system mac os x type web development license proprietary |system Mac OS X Type Web development License Proprietary ,1.0
online application |online applications ,1.0
marketing |marketing ,1.0
aptana jaxer |Aptana Jaxer ,1.0
middleware |middleware ,1.0
agile practice |Agile practices ,1.0
command line programming language |command line programming languages ,1.0
product |products ,1.0
unsourced material |Unsourced material ,1.0
architectural description |architectural description ,1.0
item |items ,1.0
deployment web server stress |deployment Web server stress ,1.0
construction practice |construction practices ,1.0
midst |midst ,1.0
internal project |internal project ,1.0
smaller organization |Smaller organizations ,1.0
plain text |plain text ,1.0
coda version |Coda version ,1.0
retailer |retailers ,1.0
ipad version |iPad version ,1.0
formerly available |formerly available ,1.0
corresponding line |corresponding line ,1.0
basic edit |Basic edit ,1.0
java servlet |Java Servlets ,1.0
level |levels ,1.0
remote version |Remote version ,1.0
ruby and python |Ruby and Python ,1.0
contracting developer |contracting developer ,1.0
movable type |Movable Type ,1.0
open source pyjama |open source Pyjamas ,1.0
facebook |Facebook ,1.0
main non-design aspect |main non-design aspects ,1.0
page and site element |page and site elements ,1.0
different form |different forms ,1.0
xaml |XAML ,1.0
related open source cfml engine |related open source CFML engines ,1.0
open source program |open source program ,1.0
wide use |wide use ,1.0
viewpoints and perspective |Viewpoints and Perspectives ,1.0
web team |web team ,1.0
tools and platform |tools and platforms ,1.0
helpful tool |helpful tool ,1.0
collaborative effort |collaborative effort ,1.0
erlang lyme solution stack groovy |Erlang LYME solution stack Groovy ,1.0
team |teams ,1.0
individual web site |individual web sites ,1.0
goods and service |goods and services ,1.0
scripting language ecmascript |scripting language ECMAScript ,1.0
component level |component level ,1.0
ajax asynchronous javascript |Ajax Asynchronous JavaScript ,1.0
angularj |AngularJS ,1.0
dynamic and interactive website |dynamic and interactive websites ,1.0
growing industry |growing industry ,1.0
server part |server parts ,1.0
concept |concept ,1.0
expansion |expansion ,1.0
umbrella approach |umbrella approach ,1.0
web application client |web application clients ,1.0
nubuilder dbqwiksite |nuBuilder dbQwikSite ,1.0
personal networking |personal networking ,1.0
interactive website |interactive websites ,1.0
ubiquitous client side platform |ubiquitous client side platform ,1.0
integration and system testing |integration and system testing ,1.0
high-definition video playback |high-definition video playback ,1.0
software requirement |Software Requirements ,1.0
rise |rise ,1.0
secondary assignment |secondary assignment ,1.0
layout |layout ,1.0
server side coding |server side coding ,1.0
u s department |U S Department ,1.0
site element |site elements ,1.0
external links edit panic |External links edit Panic ,1.0
xunit package |xUnit packages ,1.0
intranet |intranet ,1.0
development speed |development speed ,1.0
web service development tool |Web service development tools ,1.0
task |tasks ,1.0
development cycle |development cycle ,1.0
play |play ,1.0
x text |X text ,1.0
software systems architecture |Software Systems Architecture ,1.0
list |list ,1.0
watir |Watir ,1.0
section |section ,1.0
amazon |Amazon ,1.0
transmit turbo |Transmit Turbo ,1.0
ria |RIAs ,1.0
simple website development hierarchy |simple website development hierarchy ,1.0
specially-formatted comment tag |specially-formatted comment tags ,1.0
rails cgi python django |Rails CGI Python Django ,1.0
web designer |web designers ,1.0
locally modified client side script |locally modified client side script ,1.0
web service |Web Services |web services ,1.0
open-source content management system |open-source content management systems ,1.0
instance secure socket layer encryption ssl |instance Secure Socket Layer Encryption SSL ,1.0
vector graphic |vector graphics ,1.0
allaire cgi erlang |Allaire CGI Erlang ,1.0
customer |customers ,1.0
products and service |products and services ,1.0
typical areas edit |Typical areas edit ,1.0
server-side code |server-side code ,1.0
apache mysql php package |Apache MySQL PHP packages ,1.0
computer network architect |Computer Network Architects ,1.0
nature |nature ,1.0
microsoft silverlight microsoft |Microsoft Silverlight Microsoft ,1.0
occurring |occurring ,1.0
support and testing |support and testing ,1.0
eclipse software |Eclipse software ,1.0
dancer |Dancer ,1.0
bureau |Bureau ,1.0
malicious practice |Malicious practices ,1.0
company-growth |company-growth ,1.0
zend development environment |Zend Development Environment ,1.0
database server |database servers ,1.0
graphic designer and or information systems technician |graphic designer and or information systems technician ,1.0
integration web applications development integration |integration Web applications development integration ,1.0
leffingwell |Leffingwell ,1.0
asp net mvc frameworks microsoft proprietary client side |ASP NET MVC Frameworks Microsoft proprietary Client side ,1.0
mail spamming |mail spamming ,1.0
computer program |computer programs |computer program ,1.0
preview |Preview ,1.0
nick |Nick ,1.0
load |Load ,1.0
e-commerce development |e-commerce development ,1.0
complex |complex ,1.0
local computer |local computer ,1.0
minimum |minimum ,1.0
third-party utility |third-party utility ,1.0
search coda developer |search Coda Developer ,1.0
communication and commerce |communication and commerce ,1.0
date |date ,1.0
commercialization |commercialization ,1.0
category comparison |Category Comparison ,1.0
process and practice |process and practice ,1.0
document |documents ,1.0
imacro |iMacros ,1.0
single permanent or contracting developer |single permanent or contracting developer ,1.0
commercial program |commercial programs ,1.0
java programming language |Java programming language ,1.0
coding testing |coding testing ,1.0
change control |change control ,1.0
ability |ability ,1.0
security performance |Security Performance ,1.0
scratch |scratch ,1.0
sections site |sections Sites ,1.0
specific area |specific area ,1.0
google web toolkit |Google Web Toolkit ,1.0
updated content locally |updated content locally ,1.0
unauthorized access |unauthorized access ,1.0
writing markup and coding |writing markup and coding ,1.0
coding testing and reference |coding testing and reference ,1.0
microsoft ii |Microsoft IIS ,1.0
open text or open source |Open Text or open source ,1.0
technical complexity |technical complexity ,1.0
executable code |executable code ,1.0
web pages and website |web pages and websites ,1.0
wide variety |wide variety ,1.0
steven frank |Steven Frank ,1.0
fact |facts ,1.0
face-to-face training |face-to-face training ,1.0
documentation |documentation ,1.0
server side aspect |server side aspects ,1.0
part |part ,1.0
requirements analysis |requirements analysis ,1.0
intrusion |intrusion ,1.0
non-technical user |non-technical users ,1.0
project management |Project management ,1.0
public domain practical web development edit |public domain Practical web development edit ,1.0
half |half ,1.0
system testing |system testing ,1.0
client-side functionality |client-side functionality ,1.0
download |download ,1.0
good |goods ,1.0
javascript javascript |JavaScript JavaScript ,1.0
regular expression |regular expressions ,1.0
rich internet application |Rich Internet Applications ,1.0
dart programming language |Dart programming language ,1.0
early html editor |early HTML editors ,1.0
client side and server side aspect |client side and server side aspects ,1.0
web content development |web content development ,1.0
projects security |projects security ,1.0
information technology security concern |information technology security concerns ,1.0
open source python e g |open source Python e g ,1.0
emberjs and reactj |EmberJS and ReactJS ,1.0
formal design |formal design ,1.0
development advanced |development Advanced ,1.0
jsp |JSP ,1.0
account many security consideration |account many security considerations ,1.0
django web framework |Django web framework ,1.0
relation |relation ,1.0
easily implemented blog-environment |easily implemented blog-environments ,1.0
ajax application |Ajax applications ,1.0
break web software |Break Web Software ,1.0
cost |cost ,1.0
graphical user interface |graphical user interface ,1.0
url |URLs ,1.0
encyclopedia jump |encyclopedia Jump ,1.0
james |James ,1.0
five or six different program |five or six different programs ,1.0
hypertext markup language html |HyperText Markup Language HTML ,1.0
syntax |syntaxes ,1.0
simple directive |simple directives ,1.0
macromedia |Macromedia ,1.0
specific application endure |specific application endure ,1.0
w wavemaker retrieved |W WaveMaker Retrieved ,1.0
navigation |navigation ,1.0
web applications security |web applications Security ,1.0
emberj |EmberJS ,1.0
shopping |shopping ,1.0
case |case ,1.0
basic practice |basic practice ,1.0
eclipse software and adobe cf builder |Eclipse software and Adobe CF Builder ,1.0
lamp linux apache mysql php stack |LAMP Linux Apache MySQL PHP stack ,1.0
plug-ins edit |Plug-ins edit ,1.0
enterprise content management system |enterprise content management systems ,1.0
gui level |GUI level ,1.0
single page application |single page application ,1.0
bargain-hunting experience |bargain-hunting experience ,1.0
server side edit |server side edit ,1.0
larger organization |larger organizations ,1.0
web professional |web professionals ,1.0
web application framework practicing code reuse |Web application framework Practicing code reuse ,1.0
stub article |stub articles ,1.0
single permanent |single permanent ,1.0
instruction |instructions ,1.0
joomla |Joomla ,1.0
hammerkit abstract php |Hammerkit abstract PHP ,1.0
basic web development hierarchy |basic web development hierarchy ,1.0
social networking |social networking ,1.0
popularity |popularity ,1.0
following subcategory |following subcategory ,1.0
top |top ,1.0
public release |public release ,1.0
exploit |exploits ,1.0
reference |reference ,1.0
server side processing |server side processing ,1.0
charge |charge ,1.0
reliable source |reliable sources ,1.0
recent change |recent changes ,1.0
command-line coda |Command-Line Coda ,1.0
device |devices ,1.0
shell |shell ,1.0
web application framework |web application frameworks ,1.0
network security configuration |network security configuration ,1.0
proprietary web development application |proprietary web development application ,1.0
test |tests ,1.0
social network service |social network services ,1.0
licensed version |licensed version ,1.0
formal design and construction practice |formal design and construction practices ,1.0
web content management system |Web content management system ,1.0
hundred |hundreds ,1.0
tab |tabs ,1.0
opa |Opa ,1.0
talk page |talk page ,1.0
sandboxing restriction |sandboxing restrictions ,1.0
certificate |Certificates ,1.0
rails setup |Rails setup ,1.0
email address |email addresses ,1.0
notepad or textedit |Notepad or TextEdit ,1.0
mojoliciou |Mojolicious ,1.0
information systems technician |information systems technician ,1.0
webdev |WebDev ,1.0
full-featured website development platform |full-featured website development platforms ,1.0
panic initial release |Panic Initial release ,1.0
net programming language |NET programming languages ,1.0
numerous debugging tool |numerous debugging tools ,1.0
data entry error |data entry error ,1.0
communication citation |communication citation ,1.0
wysiwyg manner |WYSIWYG manner ,1.0
different file |different files ,1.0
apache tomcat |Apache Tomcat ,1.0
software bug |software bugs ,1.0
database technology edit |Database technology edit ,1.0
remote location |remote locations ,1.0
viewpoint |Viewpoints ,1.0
rapid development |Rapid Development ,1.0
malicious user |malicious users ,1.0
web design package |web design package ,1.0
link |link ,1.0
ftp setting |FTP settings ,1.0
stock trading web site |stock trading web site ,1.0
web browser |web browser ,1.0
notable feature |notable feature ,1.0
typical |typical ,1.0
stress html css validation accessibility usability cross-browser many type |Stress HTML CSS validation Accessibility Usability Cross-browser Many types ,1.0
money |money ,1.0
client side coding edit |Client side coding edit ,1.0
basic understanding |basic understanding ,1.0
e in wood |E in Woods ,1.0
client liaison |client liaison ,1.0
copywriting copyediting |copywriting copyediting ,1.0
desktop and mobile |desktop and mobile ,1.0
xoop |XOOPS ,1.0
further reading edit whittaker |Further reading edit Whittaker ,1.0
folder |folders ,1.0
process |process ,1.0
online interaction |online interaction ,1.0
point |point ,1.0
graphic design web design information architecture |Graphic design web design Information architecture ,1.0
contact form |contact form ,1.0
cross-browser web design website builder web development tool |Cross-browser Web design Website builder Web development tools ,1.0
information and media distribution |information and media distribution ,1.0
online auction-site |Online auction-sites ,1.0
compiler |compiler ,1.0
experienced coder |experienced coders ,1.0
backbonej |BackboneJS ,1.0
server port hardening |Server Port Hardening ,1.0
buy |Buy ,1.0
functional |Functional ,1.0
web development team |web development teams ,1.0
different program |different programs ,1.0
password |passwords ,1.0
rozanski |Rozanski ,1.0
xaml and net programming language |XAML and NET programming languages ,1.0
ftp client |FTP clients ,1.0
custom |custom ,1.0
microsoft expression studio |Microsoft Expression Studio ,1.0
mozilla rhino asp net |Mozilla Rhino ASP NET ,1.0
command-line utility edit |Command-line utility edit ,1.0
dialect |dialect ,1.0
user interface |user interface ,1.0
sensitive information |sensitive information ,1.0
lack |lack ,1.0
smaller component |smaller components ,1.0
application environment |application environment ,1.0
window |window ,1.0
bonjour network |Bonjour network ,1.0
company |company ,1.0
popular |popular ,1.0
client-side scripting |client-side scripting ,1.0
client-side server-side scripting |client-side server-side scripting ,1.0
output |output ,1.0
reviews edit macworld |Reviews edit MacWorld ,1.0
docforge |DocForge ,1.0
subethaedit engine |SubEthaEdit engine ,1.0
occupational outlook handbook |Occupational Outlook Handbook ,1.0
related job position |related job positions ,1.0
testing and launch security patch update |testing and launch security patch updates ,1.0
specific |specific ,1.0
ruby on rails open source scala e g |Ruby on Rails open source Scala e g ,1.0
specific task |specific tasks ,1.0
comprehensive list |comprehensive list ,1.0
development edit |Development edit ,1.0
purpose |purpose ,1.0
adobe dreamweaver and netobjects fusion |Adobe Dreamweaver and NetObjects Fusion ,1.0
coda plug-in creator |Coda Plug-in Creator ,1.0
web-based business |web-based business ,1.0
sharing |sharing ,1.0
functional and security testing |Functional and Security Testing ,1.0
ebay |eBay ,1.0
technical knowledge |technical knowledge ,1.0
online interaction and communication |online interaction and communication ,1.0
webobjects lotus domino node |WebObjects Lotus Domino Node ,1.0
rich feature |rich feature ,1.0
server environment |server environment ,1.0
stakeholder |Stakeholders ,1.0
editor edit |Editor edit ,1.0
personal networking and marketing |personal networking and marketing ,1.0
web page |web pages ,1.0
book |Books ,1.0
larger organizations and business |larger organizations and businesses ,1.0
wysiwyg editor |WYSIWYG editors ,1.0
drupal association |Drupal Association ,1.0
