web |web ,0.019931289350248304
development |development ,0.012975423785005649
web development |Web Development |web development |Web development ,0.01162658545431151
coda |Coda ,0.009965644675124152
client |client ,0.007474233506343114
server |server ,0.007474233506343114
application |application |applications ,0.006899238954328934
developer |developer |developers ,0.004588869387380047
tool |tools |tool |Tools ,0.004272395636526251
open source |open source ,0.004152351947968397
security |security ,0.004152351947968397
coding |coding ,0.003737116753171557
program |programs |program ,0.003737116753171557
user |Users |users |user ,0.0036960208683905
edit |Edit |edit ,0.003578009139361676
design |design ,0.0033218815583747176
panic |Panic ,0.0033218815583747176
web developer |Web developers |web developers |Web Developers |web developer ,0.0033218815583747176
web application |Web Applications |Web applications |web applications ,0.0030065006331110654
html |HTML ,0.0029568166947124
client side |client side ,0.0029066463635778776
article |articles |article |Articles ,0.0027847111741035
javascript |JavaScript ,0.002710415303486367
help |help ,0.0026900268822572693
information |information ,0.002491411168781038
web site |web sites |web site |Web site ,0.002491411168781038
content |content |Contents ,0.0024006130811237065
page |page |pages ,0.0022176125210343002
browser |browser |browsers ,0.0022153162559765743
communication |communication ,0.0020761759739841984
flash |Flash ,0.0020761759739841984
industry |industry ,0.0020761759739841984
version |version ,0.0020761759739841984
software |Software |software ,0.0019204904648989654
ruby |Ruby ,0.001898842505122778
php |PHP ,0.001898842505122778
component |component |components ,0.001752206995102938
code |code ,0.001752206995102938
category |category ,0.0017248097385822335
project |project |projects ,0.0016609407791873588
aspect |aspects ,0.0016609407791873588
commerce |commerce ,0.0016609407791873588
public |public ,0.0016609407791873588
apache |Apache ,0.0016609407791873588
plug-in |plug-ins |Plug-ins ,0.0016609407791873588
web server |web server ,0.0016609407791873588
python |Python ,0.0016609407791873588
service |services ,0.0016609407791873588
file |files |file ,0.0016609407791873588
platform |platform |platforms ,0.0016609407791873588
asp |ASP ,0.0016609407791873588
framework |frameworks |framework ,0.0016609407791873588
proprietary |proprietary ,0.0016609407791873588
drupal |Drupal ,0.0016609407791873588
website |website |Website |Websites |websites ,0.00162403942011289
web design |web design ,0.0014784083473562
testing |testing ,0.0014784083473562
web development software |Web development software |web development software ,0.0014784083473562
language |languages ,0.0014784083473562
isbn |ISBN ,0.0014601724959191148
organization |organization |organizations ,0.0014241318788420837
business |business |businesses ,0.0012658950034151854
editor |editor ,0.001245705584390519
mysql |MySQL ,0.001245705584390519
client side coding |client side coding ,0.001245705584390519
area |areas ,0.001245705584390519
java |Java ,0.001245705584390519
database |databases |database ,0.001245705584390519
site |site |sites ,0.001245705584390519
text |text ,0.001245705584390519
content management system |content management systems ,0.001245705584390519
form |forms ,0.001245705584390519
html editor |HTML editors ,0.001245705584390519
linux |Linux ,0.001245705584390519
net |NET ,0.001168137996735292
apis |APIs ,0.001168137996735292
productivity |productivity ,0.001168137996735292
example |Examples |example ,0.0011522942789393793
integration |integration ,0.0011076581279882871
work |work ,9.856055649041333E-4
developer productivity tool |developer productivity tools ,8.76103497551469E-4
web client |web client ,8.76103497551469E-4
mcconnell |McConnell ,8.76103497551469E-4
weborb integration server |WebORB Integration Server ,8.76103497551469E-4
remoting messaging |remoting messaging ,8.76103497551469E-4
remoting messaging and data management |remoting messaging and data management ,8.76103497551469E-4
addison-wesley professional |Addison-Wesley Professional ,8.76103497551469E-4
data management |data management ,8.76103497551469E-4
market |market ,8.76103497551469E-4
e-commerce |e-commerce ,8.304703895936794E-4
role |roles ,8.304703895936794E-4
animation |animation ,8.304703895936794E-4
domain |domain ,8.304703895936794E-4
additional reference |additional references ,8.304703895936794E-4
v t e |v t e ,8.304703895936794E-4
labor |Labor ,8.304703895936794E-4
search engine optimization |search engine optimization ,8.304703895936794E-4
consumer |consumers ,8.304703895936794E-4
web design program |web design program ,8.304703895936794E-4
xcode |Xcode ,8.304703895936794E-4
server side script |server side script |server side scripts ,8.304703895936794E-4
website builder |Website builder ,8.304703895936794E-4
growth |growth ,8.304703895936794E-4
textmate |TextMate ,8.304703895936794E-4
job |job ,8.304703895936794E-4
popular example |popular example |popular examples ,8.304703895936794E-4
local client |local client ,8.304703895936794E-4
location |locations |location ,8.304703895936794E-4
sftp |SFTP ,8.304703895936794E-4
mac os x |Mac OS X ,8.304703895936794E-4
type |type ,8.304703895936794E-4
microsoft frontpage |Microsoft FrontPage ,8.304703895936794E-4
equivalent |equivalent ,8.304703895936794E-4
rich web application |rich web applications ,8.304703895936794E-4
standard |standard ,8.304703895936794E-4
netobjects fusion |NetObjects Fusion ,8.304703895936794E-4
local |Local |local ,8.304703895936794E-4
iweb |iWeb ,8.304703895936794E-4
bookmark |bookmarks |Bookmarks ,8.304703895936794E-4
personal |personal ,8.304703895936794E-4
interdisciplinary skill |interdisciplinary skills ,8.304703895936794E-4
unsourced statement |unsourced statements ,8.304703895936794E-4
complex javascript front-end application |complex JavaScript front-end applications ,8.304703895936794E-4
dart |Dart ,8.304703895936794E-4
security concern |security concerns ,8.304703895936794E-4
multiple section |multiple sections ,8.304703895936794E-4
instance |instance ,8.304703895936794E-4
result |results ,8.304703895936794E-4
transmit |Transmit ,8.304703895936794E-4
lamp |LAMP ,8.304703895936794E-4
people |people ,8.304703895936794E-4
citation |citations ,8.304703895936794E-4
code navigator |Code Navigator ,8.304703895936794E-4
mac app store |Mac App Store ,8.304703895936794E-4
mind |mind ,8.304703895936794E-4
stub |stub ,8.304703895936794E-4
encryption |encryption ,8.304703895936794E-4
shareware |Shareware ,8.304703895936794E-4
amaya |Amaya ,8.304703895936794E-4
broad term |broad term |broad terms ,8.304703895936794E-4
issue |issues ,8.304703895936794E-4
blog |blog ,8.304703895936794E-4
interactive |interactive ,8.304703895936794E-4
practice |practice ,7.911843771344909E-4
programming language |programming languages ,7.911843771344909E-4
script |scripts |Scripts ,7.392041736781E-4
method |methods |method ,7.392041736781E-4
xhtml |XHTML ,7.392041736781E-4
perl |Perl ,7.392041736781E-4
designer |designer ,7.392041736781E-4
adobe dreamweaver |Adobe Dreamweaver ,7.392041736781E-4
traditional desktop application |traditional desktop application |traditional desktop applications ,5.84068998367646E-4
edition |Edition ,5.84068998367646E-4
coldfusion |ColdFusion ,5.84068998367646E-4
microsoft press |Microsoft Press ,5.84068998367646E-4
asp net |ASP NET ,5.84068998367646E-4
risk |risk ,5.84068998367646E-4
steve |Steve ,5.84068998367646E-4
cleanup |cleanup ,5.84068998367646E-4
notepad |Notepad ,5.84068998367646E-4
how-to content |how-to content ,5.84068998367646E-4
unit |unit ,5.84068998367646E-4
text editor |text editor ,5.84068998367646E-4
en wikipedia org w index php title category |en wikipedia org w index php title Category ,4.928027824520667E-4
user experience |User Experience |user experience ,4.928027824520667E-4
list |list ,4.928027824520667E-4
computer program |computer programs |computer program ,4.928027824520667E-4
category comparison |Category Comparison ,4.928027824520667E-4
ability |ability ,4.928027824520667E-4
early html editor |early HTML editors ,4.928027824520667E-4
recent change |recent changes ,4.928027824520667E-4
en wikipedia |en wikipedia ,4.8012261622474135E-4
purpose |purpose ,4.8012261622474135E-4
main article |main article |Main article ,4.747106262806945E-4
web service |Web Services |web services ,4.747106262806945E-4
gui graphic user interface design audio video |GUI Graphic User Interface design Audio Video ,4.152351947968397E-4
open source ruby e g |open source Ruby e g ,4.152351947968397E-4
open text |Open Text ,4.152351947968397E-4
college |college ,4.152351947968397E-4
desktop |desktop ,4.152351947968397E-4
sites edit |Sites edit ,4.152351947968397E-4
web site security analysis testing web site code optimization |Web site security analysis testing Web site code optimization ,4.152351947968397E-4
accessibility and search engine optimization |accessibility and search engine optimization ,4.152351947968397E-4
exo platform |eXo Platform ,4.152351947968397E-4
information security analyst |Information Security Analysts ,4.152351947968397E-4
graphic designer |graphic designer ,4.152351947968397E-4
single page application and offline application |single page application and offline applications ,4.152351947968397E-4
mnesia |Mnesia ,4.152351947968397E-4
webdav client |WebDAV client ,4.152351947968397E-4
command-line utility |command-line utility ,4.152351947968397E-4
private network |private network ,4.152351947968397E-4
sections edit |Sections edit ,4.152351947968397E-4
security patch |security patches ,4.152351947968397E-4
basic interdisciplinary skill |basic interdisciplinary skills ,4.152351947968397E-4
designated department |designated department ,4.152351947968397E-4
animation processing |Animation processing ,4.152351947968397E-4
ftp ssl |FTP SSL ,4.152351947968397E-4
help file |help files ,4.152351947968397E-4
stringent testing |stringent testing ,4.152351947968397E-4
internet world wide web |Internet World Wide Web ,4.152351947968397E-4
web design software type |Web design Software type ,4.152351947968397E-4
dynamic |dynamic ,4.152351947968397E-4
shopping and bargain-hunting experience |shopping and bargain-hunting experience ,4.152351947968397E-4
knowledge |Knowledge ,4.152351947968397E-4
grails framework java e g |Grails framework Java e g ,4.152351947968397E-4
files portion |Files portion ,4.152351947968397E-4
reactj |ReactJS ,4.152351947968397E-4
layout and design |layout and design ,4.152351947968397E-4
rename file |rename files ,4.152351947968397E-4
actual development |actual development ,4.152351947968397E-4
electronic business |electronic businesses ,4.152351947968397E-4
web software free computer programming tool |web software Free computer programming tools ,4.152351947968397E-4
application development platform xcode |application development platform Xcode ,4.152351947968397E-4
certificate authorities |certificate authorities ,4.152351947968397E-4
launch security patch update |launch security patch updates ,4.152351947968397E-4
web application security |Web Application Security ,4.152351947968397E-4
separate pane |separate pane ,4.152351947968397E-4
jquery cross-browser javascript library |jQuery Cross-browser JavaScript library ,4.152351947968397E-4
flash adobe flash player |Flash Adobe Flash Player ,4.152351947968397E-4
personal and interactive |personal and interactive ,4.152351947968397E-4
writing markup |writing markup ,4.152351947968397E-4
internet fraud |internet fraud ,4.152351947968397E-4
desk-based computer |desk-based computer ,4.152351947968397E-4
graphic design web design information architecture and copywriting copyediting |Graphic design web design Information architecture and copywriting copyediting ,4.152351947968397E-4
complex web-based internet application |complex web-based internet applications ,4.152351947968397E-4
multiple issue |multiple issues ,4.152351947968397E-4
cocoa |Cocoa ,4.152351947968397E-4
industry edit |industry edit ,4.152351947968397E-4
dramatic transformation |dramatic transformation ,4.152351947968397E-4
bash |bash ,4.152351947968397E-4
timeline edit |Timeline edit ,4.152351947968397E-4
microsoft word |Microsoft Word ,4.152351947968397E-4
alfresco |Alfresco ,4.152351947968397E-4
change |changes ,4.152351947968397E-4
play framework |Play Framework ,4.152351947968397E-4
open source system |open source systems ,4.152351947968397E-4
terminal |Terminal ,4.152351947968397E-4
basic |basics ,4.152351947968397E-4
basic web page |basic web page ,4.152351947968397E-4
www drupal org |www drupal org ,4.152351947968397E-4
rename files and folder |rename files and folders ,4.152351947968397E-4
wordpres |WordPress ,4.152351947968397E-4
internet safe |internet safe ,4.152351947968397E-4
accessibility |accessibility ,4.152351947968397E-4
regular ftp |regular FTP ,4.152351947968397E-4
diet coda |Diet Coda ,4.152351947968397E-4
canvas |Canvas ,4.152351947968397E-4
discussion page |discussion page ,4.152351947968397E-4
drupal cms benefit |Drupal CMS benefits ,4.152351947968397E-4
admin panel |admin panel ,4.152351947968397E-4
end-user |end-users ,4.152351947968397E-4
protected content |protected content ,4.152351947968397E-4
simplest static single page |simplest static single page ,4.152351947968397E-4
security hole |security holes ,4.152351947968397E-4
typical and basic web development hierarchy |typical and basic web development hierarchy ,4.152351947968397E-4
suggestion |suggestions ,4.152351947968397E-4
actual code |actual code ,4.152351947968397E-4
mobile |mobile ,4.152351947968397E-4
update |update ,4.152351947968397E-4
tool and framework |tool and framework ,4.152351947968397E-4
department |departments ,4.152351947968397E-4
set |set ,4.152351947968397E-4
non-technical people |non-technical people ,4.152351947968397E-4
labor statistic |Labor Statistics ,4.152351947968397E-4
web software web development computer programming tool |Web software Web development Computer programming tools ,4.152351947968397E-4
applescript |AppleScript ,4.152351947968397E-4
credit card number |credit card numbers ,4.152351947968397E-4
japanese localizer |Japanese localizer ,4.152351947968397E-4
content management infrastructure design development |Content management infrastructure design development ,4.152351947968397E-4
media distribution |media distribution ,4.152351947968397E-4
principle benefit |principle benefit ,4.152351947968397E-4
five |five ,4.152351947968397E-4
latest proposed standard |latest proposed standard ,4.152351947968397E-4
review web publishing macworld references edit |Review Web Publishing Macworld References edit ,4.152351947968397E-4
yaw |Yaws ,4.152351947968397E-4
commercial and proprietary web development application |commercial and proprietary web development application ,4.152351947968397E-4
h free html editor |H Free HTML editors ,4.152351947968397E-4
apache derby couchdb filemaker firebird hadoop ibm |Apache Derby CouchDB FileMaker Firebird Hadoop IBM ,4.152351947968397E-4
ill intent |ill intent ,4.152351947968397E-4
silverlight scalable vector graphics svg webgl |Silverlight Scalable Vector Graphics SVG WebGL ,4.152351947968397E-4
web usability |web usability ,4.152351947968397E-4
rewrite |rewrite ,4.152351947968397E-4
ubiquitous browser plugin |ubiquitous browser plugin ,4.152351947968397E-4
lift framework open source ssjs server-side javascript |Lift Framework open source SSJS Server-Side JavaScript ,4.152351947968397E-4
technical book |technical books ,4.152351947968397E-4
sql injection |SQL injection ,4.152351947968397E-4
high-level language |high-level language ,4.152351947968397E-4
ezgenerator f fiddler software firstpage freeway software |EZGenerator F Fiddler software FirstPage Freeway software ,4.152351947968397E-4
silverlight scalable vector graphics svg webgl and canvas |Silverlight Scalable Vector Graphics SVG WebGL and Canvas ,4.152351947968397E-4
commercial |commercial ,4.152351947968397E-4
local and remote version |Local and Remote version ,4.152351947968397E-4
captcha field |captcha field ,4.152351947968397E-4
good example |good example ,4.152351947968397E-4
client side behavior |client side behavior ,4.152351947968397E-4
support |support ,4.152351947968397E-4
contributing factor |contributing factor ,4.152351947968397E-4
important aspect |important aspect ,4.152351947968397E-4
primitive knowledge |primitive knowledge ,4.152351947968397E-4
verification |verification ,4.152351947968397E-4
transformative communication |transformative communication ,4.152351947968397E-4
specific workstation |specific workstation ,4.152351947968397E-4
html or xhtml |HTML or XHTML ,4.152351947968397E-4
catalyst |Catalyst ,4.152351947968397E-4
additional citation |additional citations ,4.152351947968397E-4
local and remote location |local and remote locations ,4.152351947968397E-4
creation |creation ,4.152351947968397E-4
tersus |Tersus ,4.152351947968397E-4
advanced edit |Advanced edit ,4.152351947968397E-4
offline application |offline applications ,4.152351947968397E-4
lapr linux apache postgresql ruby |LAPR Linux Apache PostgreSQL Ruby ,4.152351947968397E-4
find replace mechanism |Find Replace mechanism ,4.152351947968397E-4
animation audio video |animation audio video ,4.152351947968397E-4
decision |decisions ,4.152351947968397E-4
easy-to-use wysiwyg web-development software |easy-to-use WYSIWYG web-development software ,4.152351947968397E-4
encoding |encoding ,4.152351947968397E-4
widely used application |widely used applications ,4.152351947968397E-4
server side code |server side code ,4.152351947968397E-4
internet tutorial |internet tutorials ,4.152351947968397E-4
files edit coda |Files edit Coda ,4.152351947968397E-4
desired result |desired results ,4.152351947968397E-4
system mac os x type web development license proprietary |system Mac OS X Type Web development License Proprietary ,4.152351947968397E-4
online application |online applications ,4.152351947968397E-4
marketing |marketing ,4.152351947968397E-4
aptana jaxer |Aptana Jaxer ,4.152351947968397E-4
middleware |middleware ,4.152351947968397E-4
command line programming language |command line programming languages ,4.152351947968397E-4
product |products ,4.152351947968397E-4
unsourced material |Unsourced material ,4.152351947968397E-4
item |items ,4.152351947968397E-4
deployment web server stress |deployment Web server stress ,4.152351947968397E-4
midst |midst ,4.152351947968397E-4
internal project |internal project ,4.152351947968397E-4
smaller organization |Smaller organizations ,4.152351947968397E-4
plain text |plain text ,4.152351947968397E-4
coda version |Coda version ,4.152351947968397E-4
retailer |retailers ,4.152351947968397E-4
ipad version |iPad version ,4.152351947968397E-4
formerly available |formerly available ,4.152351947968397E-4
corresponding line |corresponding line ,4.152351947968397E-4
basic edit |Basic edit ,4.152351947968397E-4
java servlet |Java Servlets ,4.152351947968397E-4
remote version |Remote version ,4.152351947968397E-4
ruby and python |Ruby and Python ,4.152351947968397E-4
contracting developer |contracting developer ,4.152351947968397E-4
movable type |Movable Type ,4.152351947968397E-4
open source pyjama |open source Pyjamas ,4.152351947968397E-4
facebook |Facebook ,4.152351947968397E-4
main non-design aspect |main non-design aspects ,4.152351947968397E-4
page and site element |page and site elements ,4.152351947968397E-4
different form |different forms ,4.152351947968397E-4
xaml |XAML ,4.152351947968397E-4
open source program |open source program ,4.152351947968397E-4
wide use |wide use ,4.152351947968397E-4
web team |web team ,4.152351947968397E-4
tools and platform |tools and platforms ,4.152351947968397E-4
collaborative effort |collaborative effort ,4.152351947968397E-4
erlang lyme solution stack groovy |Erlang LYME solution stack Groovy ,4.152351947968397E-4
individual web site |individual web sites ,4.152351947968397E-4
goods and service |goods and services ,4.152351947968397E-4
scripting language ecmascript |scripting language ECMAScript ,4.152351947968397E-4
ajax asynchronous javascript |Ajax Asynchronous JavaScript ,4.152351947968397E-4
angularj |AngularJS ,4.152351947968397E-4
dynamic and interactive website |dynamic and interactive websites ,4.152351947968397E-4
growing industry |growing industry ,4.152351947968397E-4
server part |server parts ,4.152351947968397E-4
concept |concept ,4.152351947968397E-4
umbrella approach |umbrella approach ,4.152351947968397E-4
personal networking |personal networking ,4.152351947968397E-4
interactive website |interactive websites ,4.152351947968397E-4
ubiquitous client side platform |ubiquitous client side platform ,4.152351947968397E-4
high-definition video playback |high-definition video playback ,4.152351947968397E-4
rise |rise ,4.152351947968397E-4
secondary assignment |secondary assignment ,4.152351947968397E-4
layout |layout ,4.152351947968397E-4
server side coding |server side coding ,4.152351947968397E-4
u s department |U S Department ,4.152351947968397E-4
site element |site elements ,4.152351947968397E-4
external links edit panic |External links edit Panic ,4.152351947968397E-4
intranet |intranet ,4.152351947968397E-4
development speed |development speed ,4.152351947968397E-4
web service development tool |Web service development tools ,4.152351947968397E-4
task |tasks ,4.152351947968397E-4
play |play ,4.152351947968397E-4
x text |X text ,4.152351947968397E-4
amazon |Amazon ,4.152351947968397E-4
transmit turbo |Transmit Turbo ,4.152351947968397E-4
ria |RIAs ,4.152351947968397E-4
simple website development hierarchy |simple website development hierarchy ,4.152351947968397E-4
specially-formatted comment tag |specially-formatted comment tags ,4.152351947968397E-4
web designer |web designers ,4.152351947968397E-4
locally modified client side script |locally modified client side script ,4.152351947968397E-4
open-source content management system |open-source content management systems ,4.152351947968397E-4
instance secure socket layer encryption ssl |instance Secure Socket Layer Encryption SSL ,4.152351947968397E-4
vector graphic |vector graphics ,4.152351947968397E-4
allaire cgi erlang |Allaire CGI Erlang ,4.152351947968397E-4
customer |customers ,4.152351947968397E-4
products and service |products and services ,4.152351947968397E-4
typical areas edit |Typical areas edit ,4.152351947968397E-4
server-side code |server-side code ,4.152351947968397E-4
apache mysql php package |Apache MySQL PHP packages ,4.152351947968397E-4
computer network architect |Computer Network Architects ,4.152351947968397E-4
nature |nature ,4.152351947968397E-4
microsoft silverlight microsoft |Microsoft Silverlight Microsoft ,4.152351947968397E-4
occurring |occurring ,4.152351947968397E-4
support and testing |support and testing ,4.152351947968397E-4
dancer |Dancer ,4.152351947968397E-4
bureau |Bureau ,4.152351947968397E-4
malicious practice |Malicious practices ,4.152351947968397E-4
database server |database servers ,4.152351947968397E-4
graphic designer and or information systems technician |graphic designer and or information systems technician ,4.152351947968397E-4
integration web applications development integration |integration Web applications development integration ,4.152351947968397E-4
asp net mvc frameworks microsoft proprietary client side |ASP NET MVC Frameworks Microsoft proprietary Client side ,4.152351947968397E-4
mail spamming |mail spamming ,4.152351947968397E-4
preview |Preview ,4.152351947968397E-4
e-commerce development |e-commerce development ,4.152351947968397E-4
complex |complex ,4.152351947968397E-4
local computer |local computer ,4.152351947968397E-4
minimum |minimum ,4.152351947968397E-4
third-party utility |third-party utility ,4.152351947968397E-4
search coda developer |search Coda Developer ,4.152351947968397E-4
communication and commerce |communication and commerce ,4.152351947968397E-4
date |date ,4.152351947968397E-4
commercialization |commercialization ,4.152351947968397E-4
document |documents ,4.152351947968397E-4
single permanent or contracting developer |single permanent or contracting developer ,4.152351947968397E-4
commercial program |commercial programs ,4.152351947968397E-4
coding testing |coding testing ,4.152351947968397E-4
scratch |scratch ,4.152351947968397E-4
sections site |sections Sites ,4.152351947968397E-4
specific area |specific area ,4.152351947968397E-4
google web toolkit |Google Web Toolkit ,4.152351947968397E-4
updated content locally |updated content locally ,4.152351947968397E-4
unauthorized access |unauthorized access ,4.152351947968397E-4
writing markup and coding |writing markup and coding ,4.152351947968397E-4
coding testing and reference |coding testing and reference ,4.152351947968397E-4
microsoft ii |Microsoft IIS ,4.152351947968397E-4
open text or open source |Open Text or open source ,4.152351947968397E-4
executable code |executable code ,4.152351947968397E-4
web pages and website |web pages and websites ,4.152351947968397E-4
wide variety |wide variety ,4.152351947968397E-4
steven frank |Steven Frank ,4.152351947968397E-4
face-to-face training |face-to-face training ,4.152351947968397E-4
server side aspect |server side aspects ,4.152351947968397E-4
part |part ,4.152351947968397E-4
intrusion |intrusion ,4.152351947968397E-4
project management |Project management ,4.152351947968397E-4
public domain practical web development edit |public domain Practical web development edit ,4.152351947968397E-4
half |half ,4.152351947968397E-4
client-side functionality |client-side functionality ,4.152351947968397E-4
download |download ,4.152351947968397E-4
good |goods ,4.152351947968397E-4
javascript javascript |JavaScript JavaScript ,4.152351947968397E-4
regular expression |regular expressions ,4.152351947968397E-4
rich internet application |Rich Internet Applications ,4.152351947968397E-4
dart programming language |Dart programming language ,4.152351947968397E-4
client side and server side aspect |client side and server side aspects ,4.152351947968397E-4
web content development |web content development ,4.152351947968397E-4
information technology security concern |information technology security concerns ,4.152351947968397E-4
open source python e g |open source Python e g ,4.152351947968397E-4
emberjs and reactj |EmberJS and ReactJS ,4.152351947968397E-4
development advanced |development Advanced ,4.152351947968397E-4
jsp |JSP ,4.152351947968397E-4
account many security consideration |account many security considerations ,4.152351947968397E-4
django web framework |Django web framework ,4.152351947968397E-4
relation |relation ,4.152351947968397E-4
easily implemented blog-environment |easily implemented blog-environments ,4.152351947968397E-4
ajax application |Ajax applications ,4.152351947968397E-4
cost |cost ,4.152351947968397E-4
graphical user interface |graphical user interface ,4.152351947968397E-4
url |URLs ,4.152351947968397E-4
five or six different program |five or six different programs ,4.152351947968397E-4
hypertext markup language html |HyperText Markup Language HTML ,4.152351947968397E-4
syntax |syntaxes ,4.152351947968397E-4
simple directive |simple directives ,4.152351947968397E-4
macromedia |Macromedia ,4.152351947968397E-4
specific application endure |specific application endure ,4.152351947968397E-4
w wavemaker retrieved |W WaveMaker Retrieved ,4.152351947968397E-4
web applications security |web applications Security ,4.152351947968397E-4
emberj |EmberJS ,4.152351947968397E-4
shopping |shopping ,4.152351947968397E-4
basic practice |basic practice ,4.152351947968397E-4
lamp linux apache mysql php stack |LAMP Linux Apache MySQL PHP stack ,4.152351947968397E-4
plug-ins edit |Plug-ins edit ,4.152351947968397E-4
enterprise content management system |enterprise content management systems ,4.152351947968397E-4
single page application |single page application ,4.152351947968397E-4
bargain-hunting experience |bargain-hunting experience ,4.152351947968397E-4
server side edit |server side edit ,4.152351947968397E-4
larger organization |larger organizations ,4.152351947968397E-4
web professional |web professionals ,4.152351947968397E-4
stub article |stub articles ,4.152351947968397E-4
single permanent |single permanent ,4.152351947968397E-4
joomla |Joomla ,4.152351947968397E-4
basic web development hierarchy |basic web development hierarchy ,4.152351947968397E-4
social networking |social networking ,4.152351947968397E-4
popularity |popularity ,4.152351947968397E-4
following subcategory |following subcategory ,4.152351947968397E-4
top |top ,4.152351947968397E-4
public release |public release ,4.152351947968397E-4
exploit |exploits ,4.152351947968397E-4
reference |reference ,4.152351947968397E-4
server side processing |server side processing ,4.152351947968397E-4
charge |charge ,4.152351947968397E-4
reliable source |reliable sources ,4.152351947968397E-4
command-line coda |Command-Line Coda ,4.152351947968397E-4
device |devices ,4.152351947968397E-4
shell |shell ,4.152351947968397E-4
network security configuration |network security configuration ,4.152351947968397E-4
proprietary web development application |proprietary web development application ,4.152351947968397E-4
social network service |social network services ,4.152351947968397E-4
licensed version |licensed version ,4.152351947968397E-4
web content management system |Web content management system ,4.152351947968397E-4
hundred |hundreds ,4.152351947968397E-4
tab |tabs ,4.152351947968397E-4
opa |Opa ,4.152351947968397E-4
talk page |talk page ,4.152351947968397E-4
sandboxing restriction |sandboxing restrictions ,4.152351947968397E-4
certificate |Certificates ,4.152351947968397E-4
rails setup |Rails setup ,4.152351947968397E-4
email address |email addresses ,4.152351947968397E-4
mojoliciou |Mojolicious ,4.152351947968397E-4
information systems technician |information systems technician ,4.152351947968397E-4
webdev |WebDev ,4.152351947968397E-4
full-featured website development platform |full-featured website development platforms ,4.152351947968397E-4
panic initial release |Panic Initial release ,4.152351947968397E-4
net programming language |NET programming languages ,4.152351947968397E-4
data entry error |data entry error ,4.152351947968397E-4
communication citation |communication citation ,4.152351947968397E-4
wysiwyg manner |WYSIWYG manner ,4.152351947968397E-4
different file |different files ,4.152351947968397E-4
database technology edit |Database technology edit ,4.152351947968397E-4
remote location |remote locations ,4.152351947968397E-4
malicious user |malicious users ,4.152351947968397E-4
web design package |web design package ,4.152351947968397E-4
link |link ,4.152351947968397E-4
ftp setting |FTP settings ,4.152351947968397E-4
web browser |web browser ,4.152351947968397E-4
notable feature |notable feature ,4.152351947968397E-4
typical |typical ,4.152351947968397E-4
client side coding edit |Client side coding edit ,4.152351947968397E-4
basic understanding |basic understanding ,4.152351947968397E-4
client liaison |client liaison ,4.152351947968397E-4
copywriting copyediting |copywriting copyediting ,4.152351947968397E-4
desktop and mobile |desktop and mobile ,4.152351947968397E-4
xoop |XOOPS ,4.152351947968397E-4
folder |folders ,4.152351947968397E-4
online interaction |online interaction ,4.152351947968397E-4
point |point ,4.152351947968397E-4
graphic design web design information architecture |Graphic design web design Information architecture ,4.152351947968397E-4
contact form |contact form ,4.152351947968397E-4
cross-browser web design website builder web development tool |Cross-browser Web design Website builder Web development tools ,4.152351947968397E-4
information and media distribution |information and media distribution ,4.152351947968397E-4
online auction-site |Online auction-sites ,4.152351947968397E-4
compiler |compiler ,4.152351947968397E-4
backbonej |BackboneJS ,4.152351947968397E-4
server port hardening |Server Port Hardening ,4.152351947968397E-4
buy |Buy ,4.152351947968397E-4
web development team |web development teams ,4.152351947968397E-4
different program |different programs ,4.152351947968397E-4
password |passwords ,4.152351947968397E-4
xaml and net programming language |XAML and NET programming languages ,4.152351947968397E-4
custom |custom ,4.152351947968397E-4
microsoft expression studio |Microsoft Expression Studio ,4.152351947968397E-4
mozilla rhino asp net |Mozilla Rhino ASP NET ,4.152351947968397E-4
command-line utility edit |Command-line utility edit ,4.152351947968397E-4
dialect |dialect ,4.152351947968397E-4
user interface |user interface ,4.152351947968397E-4
sensitive information |sensitive information ,4.152351947968397E-4
lack |lack ,4.152351947968397E-4
application environment |application environment ,4.152351947968397E-4
window |window ,4.152351947968397E-4
bonjour network |Bonjour network ,4.152351947968397E-4
company |company ,4.152351947968397E-4
client-side scripting |client-side scripting ,4.152351947968397E-4
client-side server-side scripting |client-side server-side scripting ,4.152351947968397E-4
output |output ,4.152351947968397E-4
reviews edit macworld |Reviews edit MacWorld ,4.152351947968397E-4
docforge |DocForge ,4.152351947968397E-4
subethaedit engine |SubEthaEdit engine ,4.152351947968397E-4
occupational outlook handbook |Occupational Outlook Handbook ,4.152351947968397E-4
related job position |related job positions ,4.152351947968397E-4
testing and launch security patch update |testing and launch security patch updates ,4.152351947968397E-4
ruby on rails open source scala e g |Ruby on Rails open source Scala e g ,4.152351947968397E-4
specific task |specific tasks ,4.152351947968397E-4
comprehensive list |comprehensive list ,4.152351947968397E-4
development edit |Development edit ,4.152351947968397E-4
adobe dreamweaver and netobjects fusion |Adobe Dreamweaver and NetObjects Fusion ,4.152351947968397E-4
coda plug-in creator |Coda Plug-in Creator ,4.152351947968397E-4
sharing |sharing ,4.152351947968397E-4
ebay |eBay ,4.152351947968397E-4
technical knowledge |technical knowledge ,4.152351947968397E-4
online interaction and communication |online interaction and communication ,4.152351947968397E-4
webobjects lotus domino node |WebObjects Lotus Domino Node ,4.152351947968397E-4
server environment |server environment ,4.152351947968397E-4
editor edit |Editor edit ,4.152351947968397E-4
personal networking and marketing |personal networking and marketing ,4.152351947968397E-4
web page |web pages ,4.152351947968397E-4
book |Books ,4.152351947968397E-4
larger organizations and business |larger organizations and businesses ,4.152351947968397E-4
wysiwyg editor |WYSIWYG editors ,4.152351947968397E-4
drupal association |Drupal Association ,4.152351947968397E-4
benefit |benefits ,2.92034499183823E-4
wikiversity wikibook |Wikiversity Wikibooks ,2.92034499183823E-4
component-based software method |component-based software methods ,2.92034499183823E-4
textedit |TextEdit ,2.92034499183823E-4
additional testing |additional testing ,2.92034499183823E-4
category web development software |Category Web development software ,2.92034499183823E-4
major issue |major issues ,2.92034499183823E-4
php class |PHP classes ,2.92034499183823E-4
adobe cf builder |Adobe CF Builder ,2.92034499183823E-4
externally developed component |externally developed components ,2.92034499183823E-4
cfeclipse plugin |CFEclipse plugin ,2.92034499183823E-4
advice |advice ,2.92034499183823E-4
coincide |coincide ,2.92034499183823E-4
php developer |PHP developer ,2.92034499183823E-4
personal home page |personal home page ,2.92034499183823E-4
requirements churn |requirements churn ,2.92034499183823E-4
dean |Dean ,2.92034499183823E-4
perspective |Perspectives ,2.92034499183823E-4
company-growth and requirements churn |company-growth and requirements churn ,2.92034499183823E-4
agile lifecycle model |agile lifecycle models ,2.92034499183823E-4
how-to sections article |how-to sections Articles ,2.92034499183823E-4
tools edit |Tools edit ,2.92034499183823E-4
code generation tool |code generation tools ,2.92034499183823E-4
visual programming environment |visual programming environment ,2.92034499183823E-4
code complete |Code Complete ,2.92034499183823E-4
security testing |Security Testing ,2.92034499183823E-4
thing |things ,2.92034499183823E-4
use case approach |Use Case Approach ,2.92034499183823E-4
m-power |M-Power ,2.92034499183823E-4
wt xojo drupal lifecycle model edit |Wt Xojo Drupal Lifecycle Model edit ,2.92034499183823E-4
concern |concern ,2.92034499183823E-4
test planning |test planning ,2.92034499183823E-4
microsoft visual studio |Microsoft Visual Studio ,2.92034499183823E-4
reuse edit |Reuse edit ,2.92034499183823E-4
unit testing framework |unit testing framework ,2.92034499183823E-4
nubuilder dbqwiksite or m-power |nuBuilder dbQwikSite or M-Power ,2.92034499183823E-4
portal device independence list |portal Device Independence List ,2.92034499183823E-4
mike andrew |Mike Andrews ,2.92034499183823E-4
principle |principles ,2.92034499183823E-4
cleanup article |cleanup Articles ,2.92034499183823E-4
working code |working code ,2.92034499183823E-4
agile practice |Agile practices ,2.92034499183823E-4
architectural description |architectural description ,2.92034499183823E-4
construction practice |construction practices ,2.92034499183823E-4
level |levels ,2.92034499183823E-4
related open source cfml engine |related open source CFML engines ,2.92034499183823E-4
viewpoints and perspective |Viewpoints and Perspectives ,2.92034499183823E-4
helpful tool |helpful tool ,2.92034499183823E-4
team |teams ,2.92034499183823E-4
component level |component level ,2.92034499183823E-4
expansion |expansion ,2.92034499183823E-4
web application client |web application clients ,2.92034499183823E-4
nubuilder dbqwiksite |nuBuilder dbQwikSite ,2.92034499183823E-4
integration and system testing |integration and system testing ,2.92034499183823E-4
software requirement |Software Requirements ,2.92034499183823E-4
xunit package |xUnit packages ,2.92034499183823E-4
development cycle |development cycle ,2.92034499183823E-4
software systems architecture |Software Systems Architecture ,2.92034499183823E-4
watir |Watir ,2.92034499183823E-4
section |section ,2.92034499183823E-4
rails cgi python django |Rails CGI Python Django ,2.92034499183823E-4
eclipse software |Eclipse software ,2.92034499183823E-4
company-growth |company-growth ,2.92034499183823E-4
zend development environment |Zend Development Environment ,2.92034499183823E-4
leffingwell |Leffingwell ,2.92034499183823E-4
nick |Nick ,2.92034499183823E-4
load |Load ,2.92034499183823E-4
process and practice |process and practice ,2.92034499183823E-4
imacro |iMacros ,2.92034499183823E-4
java programming language |Java programming language ,2.92034499183823E-4
change control |change control ,2.92034499183823E-4
security performance |Security Performance ,2.92034499183823E-4
technical complexity |technical complexity ,2.92034499183823E-4
fact |facts ,2.92034499183823E-4
documentation |documentation ,2.92034499183823E-4
requirements analysis |requirements analysis ,2.92034499183823E-4
non-technical user |non-technical users ,2.92034499183823E-4
system testing |system testing ,2.92034499183823E-4
projects security |projects security ,2.92034499183823E-4
formal design |formal design ,2.92034499183823E-4
break web software |Break Web Software ,2.92034499183823E-4
james |James ,2.92034499183823E-4
case |case ,2.92034499183823E-4
eclipse software and adobe cf builder |Eclipse software and Adobe CF Builder ,2.92034499183823E-4
gui level |GUI level ,2.92034499183823E-4
web application framework practicing code reuse |Web application framework Practicing code reuse ,2.92034499183823E-4
instruction |instructions ,2.92034499183823E-4
hammerkit abstract php |Hammerkit abstract PHP ,2.92034499183823E-4
web application framework |web application frameworks ,2.92034499183823E-4
test |tests ,2.92034499183823E-4
formal design and construction practice |formal design and construction practices ,2.92034499183823E-4
notepad or textedit |Notepad or TextEdit ,2.92034499183823E-4
numerous debugging tool |numerous debugging tools ,2.92034499183823E-4
apache tomcat |Apache Tomcat ,2.92034499183823E-4
software bug |software bugs ,2.92034499183823E-4
viewpoint |Viewpoints ,2.92034499183823E-4
rapid development |Rapid Development ,2.92034499183823E-4
stock trading web site |stock trading web site ,2.92034499183823E-4
stress html css validation accessibility usability cross-browser many type |Stress HTML CSS validation Accessibility Usability Cross-browser Many types ,2.92034499183823E-4
money |money ,2.92034499183823E-4
e in wood |E in Woods ,2.92034499183823E-4
further reading edit whittaker |Further reading edit Whittaker ,2.92034499183823E-4
process |process ,2.92034499183823E-4
experienced coder |experienced coders ,2.92034499183823E-4
functional |Functional ,2.92034499183823E-4
rozanski |Rozanski ,2.92034499183823E-4
ftp client |FTP clients ,2.92034499183823E-4
smaller component |smaller components ,2.92034499183823E-4
popular |popular ,2.92034499183823E-4
specific |specific ,2.92034499183823E-4
web-based business |web-based business ,2.92034499183823E-4
functional and security testing |Functional and Security Testing ,2.92034499183823E-4
rich feature |rich feature ,2.92034499183823E-4
stakeholder |Stakeholders ,2.92034499183823E-4
wikipedia |Wikipedia ,0.0
encyclopedia jump |encyclopedia Jump ,0.0
navigation |navigation ,0.0
