web |web ,-3.392707336729324
web development |Web Development |web development |Web development ,-3.78476681611216
web application |Web Applications |Web applications |web applications ,-4.050875222985814
web development software |Web development software |web development software ,-4.141252917103707
development |development ,-4.176826295494996
web client |web client ,-4.181382135670624
web server |web server ,-4.217761812811839
web design |web design ,-4.3461217362357445
web application client |web application clients ,-4.357269126861184
web developer |Web developers |web developers |Web Developers |web developer ,-4.371126946523075
web content development |web content development ,-4.428934989555488
category web development software |Category Web development software ,-4.443326326906988
web site |web sites |web site |Web site ,-4.454653988854659
web page |web pages ,-4.470039818188036
development edit |Development edit ,-4.507773614022916
web pages and website |web pages and websites ,-4.522158776918839
web application security |Web Application Security ,-4.560290481310985
web applications security |web applications Security ,-4.560290481310985
web designer |web designers ,-4.573859500577158
web application framework |web application frameworks ,-4.674605398353262
proprietary web development application |proprietary web development application ,-4.701694573531275
application |application |applications ,-4.709043109242304
web software web development computer programming tool |Web software Web development Computer programming tools ,-4.747279914869743
web service development tool |Web service development tools ,-4.7816249300803735
web design program |web design program ,-4.815751712298827
edit |Edit |edit ,-4.838720932550837
web service |Web Services |web services ,-4.848882669036794
software |Software |software ,-4.854225119086802
commercial and proprietary web development application |commercial and proprietary web development application ,-4.879514934234449
web browser |web browser ,-4.8833791047802695
tool and framework |tool and framework ,-4.903539495452011
rich web application |rich web applications ,-4.90565445853991
editor edit |Editor edit ,-4.950292708207941
coda |Coda ,-4.952665191900055
server side edit |server side edit ,-4.968553792442463
client |client ,-4.970056934611923
web development team |web development teams ,-4.991067974078898
client side |client side ,-4.997090545247062
tools and platform |tools and platforms ,-5.009690739158189
server |server ,-5.042816288894352
tools edit |Tools edit ,-5.045314509651874
client side and server side aspect |client side and server side aspects ,-5.0513815492063445
basic web page |basic web page ,-5.060199705527588
editor |editor ,-5.061864483865047
integration web applications development integration |integration Web applications development integration ,-5.0669959693567135
web design software type |Web design Software type ,-5.090588054167137
html editor |HTML editors ,-5.112412542300731
cross-browser web design website builder web development tool |Cross-browser Web design Website builder Web development tools ,-5.14305990398669
html |HTML ,-5.162960600736415
sites edit |Sites edit ,-5.177660786765415
client side coding edit |Client side coding edit ,-5.212569487984361
web software free computer programming tool |web software Free computer programming tools ,-5.217873024053982
web professional |web professionals ,-5.229952695060242
tool |tools |tool |Tools ,-5.251908086752912
design |design ,-5.299536135742166
server side code |server side code ,-5.314851477097959
client side coding |client side coding ,-5.337185673128869
files edit coda |Files edit Coda ,-5.343968534885861
developer |developer |developers ,-5.349546556316827
category |category ,-5.349546556316827
web content management system |Web content management system ,-5.358103150852054
basic web development hierarchy |basic web development hierarchy ,-5.3592167384393985
server side coding |server side coding ,-5.361438791223012
web design package |web design package ,-5.36530458749462
typical and basic web development hierarchy |typical and basic web development hierarchy ,-5.365810056248495
web team |web team ,-5.398188813370849
user |Users |users |user ,-5.40219028980225
coding testing and reference |coding testing and reference ,-5.465802320723544
php developer |PHP developer ,-5.497679464388414
site |site |sites ,-5.516600640979994
open text or open source |Open Text or open source ,-5.523490944105025
search coda developer |search Coda Developer ,-5.535756583187049
integration and system testing |integration and system testing ,-5.537722838836488
basic edit |Basic edit ,-5.539620206378765
text editor |text editor ,-5.539620206378765
online application |online applications ,-5.5415469910367605
page |page |pages ,-5.547372299646748
language |languages ,-5.547372299646748
open source |open source ,-5.54786081947066
development advanced |development Advanced ,-5.555246478130817
security |security ,-5.579120997961327
article |articles |article |Articles ,-5.579120997961327
server side script |server side script |server side scripts ,-5.59248785140966
server side aspect |server side aspects ,-5.59248785140966
web site security analysis testing web site code optimization |Web site security analysis testing Web site code optimization ,-5.608873867797123
support and testing |support and testing ,-5.608887535671138
website |website |Website |Websites |websites ,-5.611910820784319
open source program |open source program ,-5.616911101122104
google web toolkit |Google Web Toolkit ,-5.6181918500514785
ruby and python |Ruby and Python ,-5.62690994276123
php |PHP ,-5.64581237246
wikipedia |Wikipedia ,-5.64581237246
web usability |web usability ,-5.653601625253844
communication and commerce |communication and commerce ,-5.666170954646692
single page application and offline application |single page application and offline applications ,-5.673902153958544
sections edit |Sections edit ,-5.683461242604656
application development platform xcode |application development platform Xcode ,-5.688300681567644
h free html editor |H Free HTML editors ,-5.701076029457025
open source system |open source systems ,-5.7043658559446015
content |content |Contents ,-5.717271336442145
layout and design |layout and design ,-5.7187139360478865
page and site element |page and site elements ,-5.730144653257058
programming language |programming languages ,-5.734719024367452
coda version |Coda version ,-5.740433372279265
django web framework |Django web framework ,-5.743089666531948
individual web site |individual web sites ,-5.74308966653195
break web software |Break Web Software ,-5.753346886087534
designer |designer ,-5.755011664424992
program |programs |program ,-5.755011664424992
public domain practical web development edit |public domain Practical web development edit ,-5.7659248180324925
open text |Open Text ,-5.766988284936239
industry edit |industry edit ,-5.774622021001633
plug-ins edit |Plug-ins edit ,-5.774622021001633
database server |database servers ,-5.785508920776413
html or xhtml |HTML or XHTML ,-5.790688615222053
ftp client |FTP clients ,-5.792634932130014
graphic design web design information architecture |Graphic design web design Information architecture ,-5.809553018608523
goods and service |goods and services ,-5.822838831061937
security testing |Security Testing ,-5.823895110620681
single page application |single page application ,-5.82592138070249
local client |local client ,-5.8402900220321765
code |code ,-5.877613986517324
javascript |JavaScript ,-5.877613986517324
javascript javascript |JavaScript JavaScript ,-5.877613986517324
advanced edit |Advanced edit ,-5.886193796658738
server side processing |server side processing ,-5.897918095367712
adobe dreamweaver |Adobe Dreamweaver ,-5.899839867802741
actual development |actual development ,-5.901820068410789
development speed |development speed ,-5.901820068410789
e-commerce development |e-commerce development ,-5.901820068410789
database technology edit |Database technology edit ,-5.913657786013509
panic |Panic ,-5.922065749088158
framework |frameworks |framework ,-5.922065749088158
graphic designer and or information systems technician |graphic designer and or information systems technician ,-5.938256052441345
open source ruby e g |open source Ruby e g ,-5.943049080174631
command-line coda |Command-Line Coda ,-5.9431659263333465
early html editor |early HTML editors ,-5.950546308642682
rich internet application |Rich Internet Applications ,-5.95081919718296
content management infrastructure design development |Content management infrastructure design development ,-5.96373055818202
application environment |application environment ,-5.965195921230362
ubiquitous client side platform |ubiquitous client side platform ,-5.965378603006849
server part |server parts ,-5.988241474830495
deployment web server stress |deployment Web server stress ,-5.994208345182156
computer program |computer programs |computer program ,-5.997765572315842
open source python e g |open source Python e g ,-6.000585494664987
xaml and net programming language |XAML and NET programming languages ,-6.007313366117765
microsoft silverlight microsoft |Microsoft Silverlight Microsoft ,-6.013235088892963
content management system |content management systems ,-6.013235088892965
coding |coding ,-6.017375928892483
text |text ,-6.017375928892483
sections site |sections Sites ,-6.022401096819234
java programming language |Java programming language ,-6.028216992794337
coding testing |coding testing ,-6.043022576086258
system testing |system testing ,-6.043022576086258
functional and security testing |Functional and Security Testing ,-6.0493857685506995
products and service |products and services ,-6.053887891248586
ajax application |Ajax applications ,-6.056356699627338
net programming language |NET programming languages ,-6.05998705272911
testing |testing ,-6.068669223280033
help |help ,-6.068669223280033
asp net mvc frameworks microsoft proprietary client side |ASP NET MVC Frameworks Microsoft proprietary Client side ,-6.075430498168003
developer productivity tool |developer productivity tools ,-6.076089494798775
full-featured website development platform |full-featured website development platforms ,-6.087304404593134
projects security |projects security ,-6.097166963804716
local and remote version |Local and Remote version ,-6.100545788488112
eclipse software and adobe cf builder |Eclipse software and Adobe CF Builder ,-6.101221332944349
client side behavior |client side behavior ,-6.104714037460217
website builder |Website builder ,-6.113561875216211
graphic design web design information architecture and copywriting copyediting |Graphic design web design Information architecture and copywriting copyediting ,-6.114876089548796
eclipse software |Eclipse software ,-6.128947704549588
en wikipedia |en wikipedia ,-6.130512651054051
server environment |server environment ,-6.132082511056385
system mac os x type web development license proprietary |system Mac OS X Type Web development License Proprietary ,-6.137891725206183
web application framework practicing code reuse |Web application framework Practicing code reuse ,-6.138172382966992
en wikipedia org w index php title category |en wikipedia org w index php title Category ,-6.1393579741945405
wysiwyg editor |WYSIWYG editors ,-6.141606608541733
help file |help files ,-6.154594351743363
writing markup and coding |writing markup and coding ,-6.172466306601057
personal and interactive |personal and interactive ,-6.18904292728464
online interaction and communication |online interaction and communication ,-6.189714524472795
complex web-based internet application |complex web-based internet applications ,-6.19653106307888
microsoft frontpage |Microsoft FrontPage ,-6.213897222947287
timeline edit |Timeline edit ,-6.2327673869387095
graphic designer |graphic designer ,-6.23276738693871
command-line utility edit |Command-line utility edit ,-6.235351418028038
basic |basics ,-6.240519480206693
reference |reference ,-6.240519480206693
file |files |file ,-6.240519480206693
platform |platform |platforms ,-6.240519480206693
information |information ,-6.240519480206693
open source pyjama |open source Pyjamas ,-6.240845160089301
microsoft expression studio |Microsoft Expression Studio ,-6.251775101030298
simple website development hierarchy |simple website development hierarchy ,-6.26059119973312
software systems architecture |Software Systems Architecture ,-6.262032320585884
x text |X text ,-6.2727887407754785
review web publishing macworld references edit |Review Web Publishing Macworld References edit ,-6.27334522431973
local and remote location |local and remote locations ,-6.273832583628098
dynamic and interactive website |dynamic and interactive websites ,-6.273832583628099
category comparison |Category Comparison ,-6.285447644767624
complex javascript front-end application |complex JavaScript front-end applications ,-6.286784399463213
list |list ,-6.305058001344264
service |services ,-6.305058001344264
user experience |User Experience |user experience ,-6.3117695115103345
user interface |user interface ,-6.3117695115103345
adobe dreamweaver and netobjects fusion |Adobe Dreamweaver and NetObjects Fusion ,-6.314156264357068
weborb integration server |WebORB Integration Server ,-6.324896043855067
external links edit panic |External links edit Panic ,-6.3303167959330535
typical areas edit |Typical areas edit ,-6.3312454421786315
commercial program |commercial programs ,-6.344339162595815
microsoft visual studio |Microsoft Visual Studio ,-6.347669125180892
dart programming language |Dart programming language ,-6.365417296687163
internet world wide web |Internet World Wide Web ,-6.365554661123187
example |Examples |example ,-6.374050872831216
browser |browser |browsers ,-6.374050872831216
notepad |Notepad ,-6.374050872831216
flash |Flash ,-6.374050872831216
reuse edit |Reuse edit ,-6.376608423164601
software requirement |Software Requirements ,-6.384360516432583
flash adobe flash player |Flash Adobe Flash Player ,-6.389845598236598
locally modified client side script |locally modified client side script ,-6.391666376519943
testing and launch security patch update |testing and launch security patch updates ,-6.3920930780313086
information technology security concern |information technology security concerns ,-6.399340410252902
stub article |stub articles ,-6.400234865589873
larger organizations and business |larger organizations and businesses ,-6.4015389895695956
accessibility and search engine optimization |accessibility and search engine optimization ,-6.408949070449434
enterprise content management system |enterprise content management systems ,-6.4166297770013685
information and media distribution |information and media distribution ,-6.4309847484836915
command line programming language |command line programming languages ,-6.45169374987848
process and practice |process and practice ,-6.455212159357231
project management |Project management ,-6.460135465496183
e in wood |E in Woods ,-6.47533320926626
local computer |local computer ,-6.47552129482956
different program |different programs ,-6.488180198821706
main article |main article |Main article ,-6.49139564398685
security concern |security concerns ,-6.49139564398685
widely used application |widely used applications ,-6.49238765870459
desktop and mobile |desktop and mobile ,-6.494473171242691
offline application |offline applications ,-6.514502065564416
malicious user |malicious users ,-6.514502065564416
remoting messaging and data management |remoting messaging and data management ,-6.520872228036518
ruby |Ruby ,-6.528201552658474
integration |integration ,-6.528201552658474
communication |communication ,-6.528201552658474
section |section ,-6.528201552658474
database |databases |database ,-6.528201552658474
basic practice |basic practice ,-6.528201552658474
version |version ,-6.528201552658474
proprietary |proprietary ,-6.528201552658474
encyclopedia jump |encyclopedia Jump ,-6.53168588731652
ruby on rails open source scala e g |Ruby on Rails open source Scala e g ,-6.54348134511854
server-side code |server-side code ,-6.549481359867872
hypertext markup language html |HyperText Markup Language HTML ,-6.562910663872027
additional testing |additional testing ,-6.567933638335597
open-source content management system |open-source content management systems ,-6.589916572141355
www drupal org |www drupal org ,-6.591298294695156
development cycle |development cycle ,-6.594967248970735
rapid development |Rapid Development ,-6.594967248970735
security patch |security patches ,-6.602967419643955
rename files and folder |rename files and folders ,-6.604271543623678
specific application endure |specific application endure ,-6.614962585413029
project |project |projects ,-6.615212929648103
apache |Apache ,-6.615212929648103
java |Java ,-6.615212929648103
navigation |navigation ,-6.615212929648103
asp |ASP ,-6.615212929648103
drupal |Drupal ,-6.615212929648103
interactive website |interactive websites ,-6.61936233105545
data management |data management ,-6.61936233105545
v t e |v t e ,-6.624095576809068
diet coda |Diet Coda ,-6.636313106893292
webdav client |WebDAV client ,-6.645008978249226
client liaison |client liaison ,-6.645008978249226
apache mysql php package |Apache MySQL PHP packages ,-6.649590563221778
additional reference |additional references ,-6.653858766798926
non-technical user |non-technical users ,-6.658343101790307
coda plug-in creator |Coda Plug-in Creator ,-6.661049774413004
asp net |ASP NET ,-6.662868019550266
mac os x |Mac OS X ,-6.663356588694529
how-to sections article |how-to sections Articles ,-6.673939488132722
account many security consideration |account many security considerations ,-6.691560781381569
five or six different program |five or six different programs ,-6.701085332891937
aspect |aspects ,-6.710523109452429
net |NET ,-6.710523109452429
script |scripts |Scripts ,-6.710523109452429
plug-in |plug-ins |Plug-ins ,-6.710523109452429
local |Local |local ,-6.710523109452429
industry |industry ,-6.710523109452429
information security analyst |Information Security Analysts ,-6.713200500018183
code generation tool |code generation tools ,-6.714210091905571
popular example |popular example |popular examples ,-6.7206244631111876
personal networking and marketing |personal networking and marketing ,-6.721772450935111
computer network architect |Computer Network Architects ,-6.72413044095918
grails framework java e g |Grails framework Java e g ,-6.728341818091219
client-side scripting |client-side scripting ,-6.730934106712556
different file |different files ,-6.7309341067125565
stock trading web site |stock trading web site ,-6.733881095650567
formal design and construction practice |formal design and construction practices ,-6.735656163252067
actual code |actual code ,-6.7522139139219535
code navigator |Code Navigator ,-6.7522139139219535
microsoft word |Microsoft Word ,-6.763203367281342
microsoft press |Microsoft Press ,-6.763203367281342
microsoft ii |Microsoft IIS ,-6.763203367281342
unit testing framework |unit testing framework ,-6.770231998084907
gui graphic user interface design audio video |GUI Graphic User Interface design Audio Video ,-6.770893822362662
play framework |Play Framework ,-6.77443979520737
web-based business |web-based business ,-6.77443979520737
lift framework open source ssjs server-side javascript |Lift Framework open source SSJS Server-Side JavaScript ,-6.778545618871176
personal home page |personal home page ,-6.784904293223832
visual programming environment |visual programming environment ,-6.788254405174999
u s department |U S Department ,-6.788254405174999
notepad or textedit |Notepad or TextEdit ,-6.791638528996338
scripting language ecmascript |scripting language ECMAScript ,-6.798511624730584
zend development environment |Zend Development Environment ,-6.803761077053296
organization |organization |organizations ,-6.815883625110255
type |type ,-6.815883625110255
python |Python ,-6.815883625110255
how-to content |how-to content ,-6.815883625110255
practice |practice ,-6.815883625110255
specific |specific ,-6.815883625110255
technical knowledge |technical knowledge ,-6.822094885109533
contracting developer |contracting developer ,-6.834753789101678
single permanent or contracting developer |single permanent or contracting developer ,-6.839714769003924
shopping and bargain-hunting experience |shopping and bargain-hunting experience ,-6.84947885687661
ezgenerator f fiddler software firstpage freeway software |EZGenerator F Fiddler software FirstPage Freeway software ,-6.85891692594313
information systems technician |information systems technician ,-6.859285476995235
search engine optimization |search engine optimization ,-6.864534929317948
network security configuration |network security configuration ,-6.869868376433428
formerly available |formerly available ,-6.8747751429384465
wide use |wide use ,-6.8747751429384465
specific area |specific area ,-6.8747751429384465
multiple section |multiple sections ,-6.8747751429384465
communication citation |communication citation ,-6.8747751429384465
lamp linux apache mysql php stack |LAMP Linux Apache MySQL PHP stack ,-6.877367211773027
social network service |social network services ,-6.880798317374425
traditional desktop application |traditional desktop application |traditional desktop applications ,-6.885272657485139
w wavemaker retrieved |W WaveMaker Retrieved ,-6.893250246222348
client-side server-side scripting |client-side server-side scripting ,-6.894405648881176
related open source cfml engine |related open source CFML engines ,-6.9159396369582655
site element |site elements ,-6.918280831433261
command-line utility |command-line utility ,-6.9336666607666375
mysql |MySQL ,-6.9336666607666375
knowledge |Knowledge ,-6.9336666607666375
commerce |commerce ,-6.9336666607666375
public |public ,-6.9336666607666375
component |component |components ,-6.9336666607666375
business |business |businesses ,-6.9336666607666375
area |areas ,-6.9336666607666375
coldfusion |ColdFusion ,-6.9336666607666375
commercial |commercial ,-6.9336666607666375
iweb |iWeb ,-6.9336666607666375
complex |complex ,-6.9336666607666375
part |part ,-6.9336666607666375
following subcategory |following subcategory ,-6.9336666607666375
form |forms ,-6.9336666607666375
link |link ,-6.9336666607666375
work |work ,-6.9336666607666375
blog |blog ,-6.9336666607666375
discussion page |discussion page ,-6.933666660766638
high-level language |high-level language ,-6.933666660766638
talk page |talk page ,-6.933666660766638
software bug |software bugs ,-6.933666660766638
adobe cf builder |Adobe CF Builder ,-6.937595979350651
security hole |security holes ,-6.949541009923928
cleanup article |cleanup Articles ,-6.949541009923928
reliable source |reliable sources ,-6.949541009923928
emberjs and reactj |EmberJS and ReactJS ,-6.956571291615989
component-based software method |component-based software methods ,-6.978177124974812
graphical user interface |graphical user interface ,-6.981166681635734
good example |good example ,-7.0004323570789
protected content |protected content ,-7.018616179164336
ubiquitous browser plugin |ubiquitous browser plugin ,-7.022687589182986
change |changes ,-7.06719805339116
method |methods |method ,-7.06719805339116
perl |Perl ,-7.06719805339116
popular |popular ,-7.06719805339116
internet safe |internet safe ,-7.077507696992528
remote version |Remote version ,-7.077507696992528
different form |different forms ,-7.077507696992528
public release |public release ,-7.077507696992528
working code |working code ,-7.098787504201926
executable code |executable code ,-7.098787504201926
ftp ssl |FTP SSL ,-7.121013385487343
regular ftp |regular FTP ,-7.121013385487343
helpful tool |helpful tool ,-7.132508144599694
jquery cross-browser javascript library |jQuery Cross-browser JavaScript library ,-7.133727989795716
additional citation |additional citations ,-7.14427339330479
panic initial release |Panic Initial release ,-7.154458501397702
formal design |formal design ,-7.15632216909432
reviews edit macworld |Reviews edit MacWorld ,-7.159547658774631
basic interdisciplinary skill |basic interdisciplinary skills ,-7.164715720953287
technical book |technical books ,-7.168668475389506
important aspect |important aspect ,-7.168668475389506
plain text |plain text ,-7.168668475389506
growing industry |growing industry ,-7.168668475389506
vector graphic |vector graphics ,-7.168668475389506
easy-to-use wysiwyg web-development software |easy-to-use WYSIWYG web-development software ,-7.178873974019569
launch security patch update |launch security patch updates ,-7.186811148598215
viewpoints and perspective |Viewpoints and Perspectives ,-7.1876203518026385
stringent testing |stringent testing ,-7.194315122583282
ajax asynchronous javascript |Ajax Asynchronous JavaScript ,-7.2004150994720755
mozilla rhino asp net |Mozilla Rhino ASP NET ,-7.216761448551369
malicious practice |Malicious practices ,-7.221348733218418
specific task |specific tasks ,-7.221348733218418
animation |animation ,-7.221348733218419
update |update ,-7.221348733218419
department |departments ,-7.221348733218419
textmate |TextMate ,-7.221348733218419
support |support ,-7.221348733218419
location |locations |location ,-7.221348733218419
concept |concept ,-7.221348733218419
standard |standard ,-7.221348733218419
xhtml |XHTML ,-7.221348733218419
updated content locally |updated content locally ,-7.221348733218419
lamp |LAMP ,-7.221348733218419
people |people ,-7.221348733218419
citation |citations ,-7.221348733218419
typical |typical ,-7.221348733218419
stub |stub ,-7.221348733218419
encryption |encryption ,-7.221348733218419
amaya |Amaya ,-7.221348733218419
window |window ,-7.221348733218419
linux |Linux ,-7.221348733218419
server port hardening |Server Port Hardening ,-7.227579444222471
lapr linux apache postgresql ruby |LAPR Linux Apache PostgreSQL Ruby ,-7.262307615747622
rich feature |rich feature ,-7.264854421713234
client-side functionality |client-side functionality ,-7.28024025104661
regular expression |regular expressions ,-7.28024025104661
exo platform |eXo Platform ,-7.280240251046611
files portion |Files portion ,-7.280240251046611
rename file |rename files ,-7.280240251046611
desk-based computer |desk-based computer ,-7.280240251046611
basic understanding |basic understanding ,-7.280240251046611
sensitive information |sensitive information ,-7.280240251046611
security performance |Security Performance ,-7.296114600203901
multiple issue |multiple issues ,-7.312509511615396
comprehensive list |comprehensive list ,-7.312509511615397
php class |PHP classes ,-7.329460287453237
recent change |recent changes ,-7.347005947358872
online interaction |online interaction ,-7.3470059473588725
online auction-site |Online auction-sites ,-7.3470059473588725
silverlight scalable vector graphics svg webgl and canvas |Silverlight Scalable Vector Graphics SVG WebGL and Canvas ,-7.347579941270834
simplest static single page |simplest static single page ,-7.352160769159557
animation audio video |animation audio video ,-7.3565037692544735
smaller organization |Smaller organizations ,-7.36518976944431
wt xojo drupal lifecycle model edit |Wt Xojo Drupal Lifecycle Model edit ,-7.368421634330084
company-growth and requirements churn |company-growth and requirements churn ,-7.36933924229657
mac app store |Mac App Store ,-7.395764781139935
benefit |benefits ,-7.403670290012373
isbn |ISBN ,-7.403670290012373
set |set ,-7.403670290012373
concern |concern ,-7.403670290012373
team |teams ,-7.403670290012373
personal |personal ,-7.403670290012373
issue |issues ,-7.403670290012373
purpose |purpose ,-7.403670290012373
stress html css validation accessibility usability cross-browser many type |Stress HTML CSS validation Accessibility Usability Cross-browser Many types ,-7.422003448283011
animation processing |Animation processing ,-7.424081287272501
component level |component level ,-7.424081287272501
unsourced statement |unsourced statements ,-7.424081287272501
remote location |remote locations ,-7.424081287272501
smaller component |smaller components ,-7.424081287272501
internet fraud |internet fraud ,-7.424081287272502
transformative communication |transformative communication ,-7.424081287272502
internet tutorial |internet tutorials ,-7.424081287272502
ipad version |iPad version ,-7.424081287272502
licensed version |licensed version ,-7.424081287272502
code complete |Code Complete ,-7.4453610944819
nubuilder dbqwiksite or m-power |nuBuilder dbQwikSite or M-Power ,-7.457464135428632
internal project |internal project ,-7.467586975767317
java servlet |Java Servlets ,-7.467586975767317
ftp setting |FTP settings ,-7.467586975767317
drupal association |Drupal Association ,-7.467586975767317
main non-design aspect |main non-design aspects ,-7.478051473783776
addison-wesley professional |Addison-Wesley Professional ,-7.490846983584762
latest proposed standard |latest proposed standard ,-7.491658805290528
personal networking |personal networking ,-7.515242065669478
private network |private network ,-7.515242065669479
corresponding line |corresponding line ,-7.515242065669479
bonjour network |Bonjour network ,-7.515242065669479
hammerkit abstract php |Hammerkit abstract PHP ,-7.524472162894946
writing markup |writing markup ,-7.567922323498392
non-technical people |non-technical people ,-7.567922323498392
specific workstation |specific workstation ,-7.567922323498392
agile practice |Agile practices ,-7.567922323498392
movable type |Movable Type ,-7.567922323498392
larger organization |larger organizations ,-7.567922323498392
use case approach |Use Case Approach ,-7.5875528294411225
further reading edit whittaker |Further reading edit Whittaker ,-7.622937794692593
desktop |desktop ,-7.626813841326583
e-commerce |e-commerce ,-7.626813841326583
role |roles ,-7.626813841326583
domain |domain ,-7.626813841326583
apis |APIs ,-7.626813841326583
labor |Labor ,-7.626813841326583
edition |Edition ,-7.626813841326583
consumer |consumers ,-7.626813841326583
xcode |Xcode ,-7.626813841326583
growth |growth ,-7.626813841326583
job |job ,-7.626813841326583
creation |creation ,-7.626813841326583
productivity |productivity ,-7.626813841326583
sftp |SFTP ,-7.626813841326583
equivalent |equivalent ,-7.626813841326583
risk |risk ,-7.626813841326583
task |tasks ,-7.626813841326583
play |play ,-7.626813841326583
bookmark |bookmarks |Bookmarks ,-7.626813841326583
interdisciplinary skill |interdisciplinary skills ,-7.626813841326583
ability |ability ,-7.626813841326583
good |goods ,-7.626813841326583
dart |Dart ,-7.626813841326583
instance |instance ,-7.626813841326583
result |results ,-7.626813841326583
social networking |social networking ,-7.626813841326583
transmit |Transmit ,-7.626813841326583
exploit |exploits ,-7.626813841326583
certificate |Certificates ,-7.626813841326583
webdev |WebDev ,-7.626813841326583
mind |mind ,-7.626813841326583
shareware |Shareware ,-7.626813841326583
broad term |broad term |broad terms ,-7.626813841326583
interactive |interactive ,-7.626813841326583
book |Books ,-7.626813841326583
electronic business |electronic businesses ,-7.626813841326584
primitive knowledge |primitive knowledge ,-7.626813841326584
third-party utility |third-party utility ,-7.626813841326584
contact form |contact form ,-7.626813841326584
principle benefit |principle benefit ,-7.659083101895369
drupal cms benefit |Drupal CMS benefits ,-7.677330474035649
change control |change control ,-7.693579537638845
subethaedit engine |SubEthaEdit engine ,-7.693579537638845
numerous debugging tool |numerous debugging tools ,-7.75937483054862
designated department |designated department ,-7.770654877552474
aptana jaxer |Aptana Jaxer ,-7.770654877552474
unsourced material |Unsourced material ,-7.770654877552474
wide variety |wide variety ,-7.770654877552474
bargain-hunting experience |bargain-hunting experience ,-7.770654877552474
single permanent |single permanent ,-7.770654877552474
wysiwyg manner |WYSIWYG manner ,-7.770654877552474
related job position |related job positions ,-7.783481717741829
apache tomcat |Apache Tomcat ,-7.814160566047288
silverlight scalable vector graphics svg webgl |Silverlight Scalable Vector Graphics SVG WebGL ,-7.82067230962753
find replace mechanism |Find Replace mechanism ,-7.857862901513232
data entry error |data entry error ,-7.857862901513232
technical complexity |technical complexity ,-7.861815655949451
erlang lyme solution stack groovy |Erlang LYME solution stack Groovy ,-7.904072713550562
instance secure socket layer encryption ssl |instance Secure Socket Layer Encryption SSL ,-7.905809913588528
accessibility |accessibility ,-7.914495913778365
m-power |M-Power ,-7.914495913778365
principle |principles ,-7.914495913778365
construction practice |construction practices ,-7.914495913778365
level |levels ,-7.914495913778365
mcconnell |McConnell ,-7.914495913778365
watir |Watir ,-7.914495913778365
rails cgi python django |Rails CGI Python Django ,-7.914495913778365
remoting messaging |remoting messaging ,-7.914495913778365
requirements analysis |requirements analysis ,-7.914495913778365
gui level |GUI level ,-7.914495913778365
device |devices ,-7.914495913778365
market |market ,-7.914495913778365
externally developed component |externally developed components ,-7.953756925663825
high-definition video playback |high-definition video playback ,-7.953756925663825
easily implemented blog-environment |easily implemented blog-environments ,-7.953756925663825
allaire cgi erlang |Allaire CGI Erlang ,-7.953756925663826
certificate authorities |certificate authorities ,-7.973387431606556
labor statistic |Labor Statistics ,-7.973387431606556
media distribution |media distribution ,-7.973387431606556
sql injection |SQL injection ,-7.973387431606556
desired result |desired results ,-7.973387431606556
transmit turbo |Transmit Turbo ,-7.973387431606556
unauthorized access |unauthorized access ,-7.973387431606556
simple directive |simple directives ,-7.973387431606556
apache derby couchdb filemaker firebird hadoop ibm |Apache Derby CouchDB FileMaker Firebird Hadoop IBM ,-7.977404554343904
cfeclipse plugin |CFEclipse plugin ,-8.040153127918817
agile lifecycle model |agile lifecycle models ,-8.049650949814419
portal device independence list |portal Device Independence List ,-8.061442580003895
umbrella approach |umbrella approach ,-8.117228467832447
netobjects fusion |NetObjects Fusion ,-8.117228467832447
notable feature |notable feature ,-8.117228467832447
major issue |major issues ,-8.208389246229423
xunit package |xUnit packages ,-8.208389246229423
college |college ,-8.31996102188653
mnesia |Mnesia ,-8.31996102188653
dynamic |dynamic ,-8.31996102188653
reactj |ReactJS ,-8.31996102188653
separate pane |separate pane ,-8.31996102188653
cocoa |Cocoa ,-8.31996102188653
dramatic transformation |dramatic transformation ,-8.31996102188653
bash |bash ,-8.31996102188653
alfresco |Alfresco ,-8.31996102188653
terminal |Terminal ,-8.31996102188653
wordpres |WordPress ,-8.31996102188653
canvas |Canvas ,-8.31996102188653
admin panel |admin panel ,-8.31996102188653
end-user |end-users ,-8.31996102188653
suggestion |suggestions ,-8.31996102188653
mobile |mobile ,-8.31996102188653
applescript |AppleScript ,-8.31996102188653
credit card number |credit card numbers ,-8.31996102188653
japanese localizer |Japanese localizer ,-8.31996102188653
five |five ,-8.31996102188653
yaw |Yaws ,-8.31996102188653
ill intent |ill intent ,-8.31996102188653
rewrite |rewrite ,-8.31996102188653
captcha field |captcha field ,-8.31996102188653
contributing factor |contributing factor ,-8.31996102188653
verification |verification ,-8.31996102188653
catalyst |Catalyst ,-8.31996102188653
tersus |Tersus ,-8.31996102188653
decision |decisions ,-8.31996102188653
encoding |encoding ,-8.31996102188653
marketing |marketing ,-8.31996102188653
middleware |middleware ,-8.31996102188653
product |products ,-8.31996102188653
item |items ,-8.31996102188653
midst |midst ,-8.31996102188653
retailer |retailers ,-8.31996102188653
facebook |Facebook ,-8.31996102188653
xaml |XAML ,-8.31996102188653
collaborative effort |collaborative effort ,-8.31996102188653
angularj |AngularJS ,-8.31996102188653
steve |Steve ,-8.31996102188653
rise |rise ,-8.31996102188653
secondary assignment |secondary assignment ,-8.31996102188653
layout |layout ,-8.31996102188653
intranet |intranet ,-8.31996102188653
amazon |Amazon ,-8.31996102188653
ria |RIAs ,-8.31996102188653
specially-formatted comment tag |specially-formatted comment tags ,-8.31996102188653
cleanup |cleanup ,-8.31996102188653
customer |customers ,-8.31996102188653
nature |nature ,-8.31996102188653
occurring |occurring ,-8.31996102188653
dancer |Dancer ,-8.31996102188653
bureau |Bureau ,-8.31996102188653
mail spamming |mail spamming ,-8.31996102188653
preview |Preview ,-8.31996102188653
minimum |minimum ,-8.31996102188653
date |date ,-8.31996102188653
commercialization |commercialization ,-8.31996102188653
document |documents ,-8.31996102188653
scratch |scratch ,-8.31996102188653
steven frank |Steven Frank ,-8.31996102188653
face-to-face training |face-to-face training ,-8.31996102188653
intrusion |intrusion ,-8.31996102188653
half |half ,-8.31996102188653
download |download ,-8.31996102188653
jsp |JSP ,-8.31996102188653
relation |relation ,-8.31996102188653
cost |cost ,-8.31996102188653
url |URLs ,-8.31996102188653
syntax |syntaxes ,-8.31996102188653
macromedia |Macromedia ,-8.31996102188653
emberj |EmberJS ,-8.31996102188653
shopping |shopping ,-8.31996102188653
case |case ,-8.31996102188653
joomla |Joomla ,-8.31996102188653
popularity |popularity ,-8.31996102188653
top |top ,-8.31996102188653
unit |unit ,-8.31996102188653
charge |charge ,-8.31996102188653
shell |shell ,-8.31996102188653
test |tests ,-8.31996102188653
hundred |hundreds ,-8.31996102188653
tab |tabs ,-8.31996102188653
opa |Opa ,-8.31996102188653
sandboxing restriction |sandboxing restrictions ,-8.31996102188653
email address |email addresses ,-8.31996102188653
mojoliciou |Mojolicious ,-8.31996102188653
copywriting copyediting |copywriting copyediting ,-8.31996102188653
xoop |XOOPS ,-8.31996102188653
folder |folders ,-8.31996102188653
point |point ,-8.31996102188653
compiler |compiler ,-8.31996102188653
backbonej |BackboneJS ,-8.31996102188653
buy |Buy ,-8.31996102188653
password |passwords ,-8.31996102188653
custom |custom ,-8.31996102188653
dialect |dialect ,-8.31996102188653
lack |lack ,-8.31996102188653
company |company ,-8.31996102188653
output |output ,-8.31996102188653
docforge |DocForge ,-8.31996102188653
occupational outlook handbook |Occupational Outlook Handbook ,-8.31996102188653
sharing |sharing ,-8.31996102188653
ebay |eBay ,-8.31996102188653
requirements churn |requirements churn ,-8.46380205811242
nubuilder dbqwiksite |nuBuilder dbQwikSite ,-8.46380205811242
webobjects lotus domino node |WebObjects Lotus Domino Node ,-8.493247817026514
test planning |test planning ,-8.666534612166501
rails setup |Rails setup ,-8.666534612166501
wikiversity wikibook |Wikiversity Wikibooks ,-9.013108202446475
textedit |TextEdit ,-9.013108202446475
advice |advice ,-9.013108202446475
coincide |coincide ,-9.013108202446475
dean |Dean ,-9.013108202446475
perspective |Perspectives ,-9.013108202446475
thing |things ,-9.013108202446475
mike andrew |Mike Andrews ,-9.013108202446475
architectural description |architectural description ,-9.013108202446475
expansion |expansion ,-9.013108202446475
company-growth |company-growth ,-9.013108202446475
leffingwell |Leffingwell ,-9.013108202446475
nick |Nick ,-9.013108202446475
load |Load ,-9.013108202446475
imacro |iMacros ,-9.013108202446475
fact |facts ,-9.013108202446475
documentation |documentation ,-9.013108202446475
james |James ,-9.013108202446475
instruction |instructions ,-9.013108202446475
viewpoint |Viewpoints ,-9.013108202446475
money |money ,-9.013108202446475
process |process ,-9.013108202446475
experienced coder |experienced coders ,-9.013108202446475
functional |Functional ,-9.013108202446475
rozanski |Rozanski ,-9.013108202446475
stakeholder |Stakeholders ,-9.013108202446475
