user experience |User Experience |user experience |User Experiences |User experience ,218.13005374815418
design |designs |design |Design ,103.13337212594084
user experience design |User Experience Design |user experience design |User experience design ,68.55526505097954
user |Users |users |user ,56.85614453055552
user-centered design |User-centered design |user-centered design |User-Centered Design ,46.66897469606496
use case |use cases |use case |Use cases ,35.47576058154348
experience |Experience |experiences |experience ,32.88097083312549
term user experience |term user experience ,26.116291447992207
persona |personas |Personas |personae |Persona |persona ,23.386176231623562
primary stakeholder group |primary stakeholder group ,22.85175501699318
human-computer interaction |Human-Computer Interaction |Human-Computer Interactions |human-computer interaction |Human-computer interaction ,19.534605234018017
user assistance |User assistance |user assistance ,19.267007902045165
usability |usability |Usability ,18.160286815259276
human factor |Human factors |human factors |Human Factors ,17.12622924626237
design process |design process ,14.985450590479573
visual design |Visual design |visual design ,14.271857705218641
use |use |Use ,12.947958394629957
information architecture |information architecture ,12.844671934696777
information |Information |information ,11.449460077577923
industries association design council international forum design |Industries Association Design Council International Forum Design ,11.31127609846928
leadership management methods pattern research science strategy |leadership management methods pattern research science strategy ,11.31127609846928
website wireframe intellectual property community design design |Website wireframe Intellectual property Community design Design ,11.31127609846928
interaction design |interaction design |Interaction Design ,11.13204901007054
interaction |interaction |interactions ,10.96709139426206
graphic design |graphic design ,10.70389327891398
encyclopedia jump |encyclopedia Jump ,10.70389327891398
web site |web sites |web site ,10.70389327891398
intelligent design new product development philosophy |Intelligent design New product development Philosophy ,10.435236970702096
usability and user experience |Usability and user experience |usability and user experience ,10.178119548653605
essential use case |essential use cases |essential use case |Essential use cases ,9.793609292997077
human system interaction |human system interaction |Human System Interaction ,9.793609292997077
product |product |products ,9.519827294287168
system |systems |system ,9.42198058390859
tool tools intellectual property organization |tool Tools Intellectual property Organizations ,9.401988988336534
irish ergonomics society annual conference |Irish Ergonomics Society Annual Conference ,9.401988988336534
user interface |user interface ,8.69691328911761
participatory design |Participatory Design |participatory design ,8.563114623131185
main character |main character ,8.563114623131185
rhetorical situation |rhetorical situation ,8.563114623131185
unsourced statement |unsourced statements ,8.563114623131185
en wikipedia |en wikipedia ,8.563114623131185
ethnographic research |ethnographic research ,8.563114623131185
interactive system |interactive system |interactive systems |Interactive Systems ,8.563114623131185
additional reference |additional references ,8.563114623131185
product design |product design |Product Design ,8.563114623131185
case |Cases |cases |case ,8.210924703924691
human computer interaction user |Human computer interaction User ,8.142495638922885
chicago good design award |Chicago Good Design Awards ,8.142495638922885
product system or service |product system or service ,8.142495638922885
product lifecycle management system |product lifecycle management systems ,8.142495638922885
edit |edit ,7.685196945587277
term |term |terms ,7.623806483468619
task |task |Tasks |tasks ,6.682671254246842
process |process ,6.668920901871848
director eduction element |director eduction elements ,6.529072861998052
dead external link |dead external links ,6.529072861998052
design and development |design and development ,6.529072861998052
user-centered design process |user-centered design process ,6.529072861998052
references or source |references or sources ,6.529072861998052
tasks and goal |tasks and goals ,6.529072861998052
person s perception |person s perceptions ,6.529072861998052
positive user experience |positive user experiences |positive user experience ,6.529072861998052
entire design process |entire design process ,6.529072861998052
pruitt and adlin |Pruitt and Adlin ,6.529072861998052
donald norman |Donald Norman ,6.422335967348388
design team |design team |design teams ,6.422335967348388
cooperative design |Cooperative Design |Cooperative design ,6.422335967348388
real user |real users ,6.422335967348388
everyday thing |Everyday Things ,6.422335967348388
unsourced material |Unsourced material ,6.422335967348388
edge case |Edge Case |edge cases ,6.422335967348388
user research |User Research |user research ,6.422335967348388
industrial design |industrial design ,6.422335967348388
r nkk |R nkk ,6.422335967348388
reliable source |reliable sources ,6.422335967348388
interaction designer |interaction designer |Interaction Designers ,6.422335967348388
human computer interaction usability technical communication internet marketing terminology |Human computer interaction Usability Technical communication Internet marketing terminology ,6.3717330906226675
design portal action research activity-centered design chief experience officer |Design portal Action research Activity-centered design Chief experience officer ,6.3717330906226675
geneva appraisal questionnaire gaq |Geneva Appraisal Questionnaire GAQ ,6.1068717291921635
user interface usability evaluation |User Interface Usability Evaluation ,6.1068717291921635
contextual inquiry design thinking empathic design human-centered computing |Contextual inquiry Design Thinking Empathic design Human-centered computing ,6.035843815994525
experience design software development process core activities requirement |Experience design Software development process Core activities Requirements ,6.035843815994525
first column labelled actor second column labelled world |first column labelled actor second column labelled world ,6.035843815994525
content inventory wireframes screen blueprints or storyboards prototype |Content Inventory Wireframes screen blueprints or storyboards Prototypes ,6.035843815994525
designer |designer |designers ,5.971581602854321
help |help ,5.830149406997244
technical communication ad-hoc personas empathetic focus essay |Technical Communication Ad-Hoc Personas Empathetic Focus essay ,5.65563804923464
detailed and properly conceived guidelines incorporating business |detailed and properly conceived guidelines Incorporating business ,5.65563804923464
school empathic design frugal innovation kansei engineering |School Empathic design Frugal innovation Kansei engineering ,5.65563804923464
practical experiential affective meaningful and valuable aspect |practical experiential affective meaningful and valuable aspects ,5.65563804923464
no replication or sampling overall sample size |no replication or sampling overall sample size ,5.65563804923464
momentary emotion or overall user experience edit |Momentary emotion or overall user experience edit ,5.65563804923464
computing use case market segment personalization dave |computing Use case Market segment Personalization Dave ,5.65563804923464
context |Context |context |contexts ,5.6376444737473355
group |group |groups ,5.50930785158073
learning environment |learning environment ,5.35194663945699
article |articles |article |Articles ,5.293885664372498
affinity diagramming and participatory design session |affinity diagramming and participatory design sessions ,5.217618485351048
george olsen usable persona academic tool |George Olsen Usable Persona Academic Tool ,5.217618485351048
efficiency effectiveness and basic subjective satisfaction |efficiency effectiveness and basic subjective satisfaction ,5.217618485351048
personas scenarios and essential use case |personas scenarios and essential use cases ,5.217618485351048
l engaging personas and narrative scenario |L Engaging Personas and Narrative Scenarios ,5.217618485351048
don norman making personas more powerful |Don Norman Making Personas More Powerful ,5.217618485351048
psychology anthropology architecture sociology computer science |psychology anthropology architecture sociology computer science ,5.217618485351048
general characteristics uses and best practice |general characteristics uses and best practices ,5.217618485351048
instruction manual computer and video game |Instruction manual computer and video games ,5.217618485351048
www ibm com developerworks library w-berry |www ibm com developerworks library w-berry ,5.217618485351048
interactive or in-the-mind simulation written specification |interactive or in-the-mind simulation Written specifications ,5.217618485351048
human-computer interaction further reading edit norman |Human-Computer Interaction Further reading edit Norman ,5.217618485351048
questionnaire |questionnaire |Questionnaires |questionnaires ,5.1220062596850795
morgan kaufmann publisher |Morgan Kaufmann Publishers ,4.896804646498539
daniel k schneider |Daniel K Schneider ,4.896804646498539
product lifecycle management |product lifecycle management ,4.896804646498539
effective efficient and satisfying search |effective efficient and satisfying search ,4.700994494168267
laugwitz b schrepp m held |Laugwitz B Schrepp M Held ,4.700994494168267
content inventory wireframes screen blueprint |Content Inventory Wireframes screen blueprints ,4.700994494168267
google books further reading edit |Google Books Further reading edit ,4.700994494168267
hci design designing pleasurable product |HCI Design Designing Pleasurable Products ,4.700994494168267
user experience and product appreciation |user experience and product appreciation ,4.700994494168267
type meaningful order or hierarchy |type meaningful order or hierarchy ,4.700994494168267
large or small body text |Large or small body text ,4.700994494168267
hawthorne effect or pygmalion effect |Hawthorne effect or Pygmalion effect ,4.700994494168267
design edit user experience design |Design edit User experience design ,4.700994494168267
personas references edit william lidwell |Personas References edit William Lidwell ,4.700994494168267
product lifecycle management systems edit |product lifecycle management systems edit ,4.700994494168267
use case examples ratio group |Use Case Examples Ratio Group ,4.700994494168267
screen design and command structure |screen design and command structure ,4.700994494168267
common values attitudes and assumption |common values attitudes and assumptions ,4.700994494168267
job role and skill level |job role and skill level ,4.700994494168267
information architecture and user interface |information architecture and user interface ,4.700994494168267
forms edit instruction manual edit |Forms edit Instruction manual edit ,4.700994494168267
feedback completes performance use case |feedback completes performance Use cases ,4.700994494168267
personal reflection or opinion essay |personal reflection or opinion essay ,4.700994494168267
service product or interaction space |service product or interaction space ,4.700994494168267
human factors and ergonomics society |Human Factors and Ergonomics Society ,4.700994494168267
software user assistance resources microsoft |software user assistance resources Microsoft ,4.700994494168267
unsentimental honest and candid descriptor |unsentimental honest and candid descriptors ,4.700994494168267
behavior or design graphic mockup |behavior or design Graphic mockups ,4.700994494168267
gestalt psychology and visual perception |Gestalt psychology and visual perception ,4.700994494168267
benefits edit user experience design |Benefits edit User experience design ,4.700994494168267
extreme outliers or edge case |extreme outliers or edge cases ,4.700994494168267
transgenerational design ubiquitous computing usability |Transgenerational design Ubiquitous computing Usability ,4.700994494168267
participatory design and product development |participatory design and product development ,4.700994494168267
information architecture edit information architecture |Information architecture edit Information architecture ,4.700994494168267
latest ui patterns and component |latest UI patterns and components ,4.700994494168267
mit erlebniszentrierter softwareentwicklung zu produkten |Mit erlebniszentrierter Softwareentwicklung zu Produkten ,4.700994494168267
real interface behaviour and attitude |real interface behaviour and attitudes ,4.700994494168267
traditional human-computer interaction hci design |traditional human-computer interaction HCI design ,4.700994494168267
text and background increases legibility |text and background increases legibility ,4.700994494168267
cad cam and cax process |CAD CAM and CAx processes ,4.700994494168267
linkedin software user assistance group |Linkedin Software User Assistance group ,4.700994494168267
don norman user experience questionnaire |Don Norman User Experience Questionnaire ,4.700994494168267
diversified and scattered user group |diversified and scattered user group ,4.700994494168267
visibility accessibility legibility and language |visibility accessibility legibility and language ,4.700994494168267
motion graphics design and animation |motion graphics design and animation ,4.700994494168267
contributing factors or expectation effect |contributing factors or expectation effects ,4.700994494168267
contextual inquiry customer experience design |Contextual inquiry Customer experience Design ,4.700994494168267
chapter ignored use dmy date |Chapter ignored Use dmy dates ,4.700994494168267
element |Elements |elements ,4.308443744164631
user group |user group ,4.281557311565592
f real |F Real ,4.281557311565592
smaller bit |smaller bits ,4.281557311565592
small task |small task ,4.281557311565592
analysis tool |Analysis tools ,4.281557311565592
human face |human face ,4.281557311565592
interactive product |interactive products |interactive product ,4.281557311565592
bad design |bad design |bad designs ,4.281557311565592
sheet music |sheet music ,4.281557311565592
practical implementation |practical implementation ,4.281557311565592
jim miller |Jim Miller ,4.281557311565592
game design |game design ,4.281557311565592
archetype user |archetype users ,4.281557311565592
applied art |Applied arts ,4.281557311565592
user manual |user manual ,4.281557311565592
mental model |mental models |mental model ,4.281557311565592
use questionnaire |USE Questionnaire ,4.281557311565592
contextual design |Contextual Design |Contextual design ,4.281557311565592
text messaging |text messaging ,4.281557311565592
user requirement |User requirements |user requirements ,4.281557311565592
international standard |International standards |international standard ,4.281557311565592
entire code |entire code ,4.281557311565592
instructional design |instructional design ,4.281557311565592
information technology |Information Technology |information technology ,4.281557311565592
navigational element |navigational elements |Navigational elements ,4.281557311565592
fictional character |fictional characters |fictional character ,4.281557311565592
daily life |daily life ,4.281557311565592
actor world |Actor World ,4.281557311565592
inclusive design |Inclusive Design ,4.281557311565592
ucd process |UCD process ,4.281557311565592
style editing |style editing ,4.281557311565592
edit cooper |edit Cooper ,4.281557311565592
designers design |Designers Design ,4.281557311565592
iso standard |ISO standard ,4.281557311565592
smaller task |smaller tasks ,4.281557311565592
wider knowledge |wider knowledge ,4.281557311565592
measuring usability |Measuring Usability ,4.281557311565592
usability testing |usability testing ,4.281557311565592
affective factor |affective factors ,4.281557311565592
scenario-based design |Scenario-Based Design ,4.281557311565592
empirical result |empirical results ,4.281557311565592
customer segment |customer segments ,4.281557311565592
communication design |communication design ,4.281557311565592
document |document |documents ,4.262609236247986
content |content |contents |Contents ,4.12510571249805
goal |goals |goal ,4.097605007748063
easy navigation and findability |easy navigation and findability ,4.071247819461442
multidisciplinary skills and perspective |multidisciplinary skills and perspectives ,4.071247819461442
search user experience ux |search User Experience UX ,4.071247819461442
search user-centered design ucd |search User-centered design UCD ,4.071247819461442
digital and non-digital device |digital and non-digital devices ,4.071247819461442
noted pioneer software developer |noted pioneer software developer ,4.071247819461442
primary stakeholder user group |primary stakeholder user group ,4.071247819461442
design evaluation and implementation |design evaluation and implementation ,4.071247819461442
finding and managing edit |Finding and managing edit ,4.071247819461442
actual user s reality |actual user s reality ,4.071247819461442
similar user-centered design field |similar user-centered design fields ,4.071247819461442
product service or process |product service or process ,4.071247819461442
user experience questionnaire ueq |User Experience Questionnaire UEQ ,4.071247819461442
larger more complicated code |larger more complicated code ,4.071247819461442
bi-annual participatory design conference |bi-annual Participatory Design Conference ,4.071247819461442
site audit usability study |Site Audit usability study ,4.071247819461442
system virtual or physical |system virtual or physical ,4.071247819461442
momentary episodic and long-term |momentary episodic and long-term ,4.071247819461442
examples and offers principle |examples and offers principles ,4.071247819461442
interface define interaction pattern |interface Define Interaction patterns ,4.071247819461442
good overall user experience |good overall user experience ,4.071247819461442
john m making use |John M Making Use ,4.071247819461442
sue peer-reviewed online textbook |Sue Peer-reviewed online textbook ,4.071247819461442
emotional or physical characteristic |emotional or physical characteristics ,4.071247819461442
no url wikipedia article |no URL Wikipedia articles ,4.071247819461442
dead external links article |dead external links Articles ,4.071247819461442
simply a small action |simply a small action ,4.071247819461442
early user experience publication |early user experience publications ,4.071247819461442
distinctive and meaningful manner |distinctive and meaningful manner ,4.071247819461442
required adjustments audience applause |required adjustments audience applause ,4.071247819461442
online and technology application |online and technology applications ,4.071247819461442
social or cultural issue |social or cultural issues ,4.071247819461442
guitar display sheet music |guitar display sheet music ,4.071247819461442
pragmatic and hedonic aspect |pragmatic and hedonic aspects ,4.071247819461442
targeting measurement and analysis |Targeting Measurement and Analysis ,4.071247819461442
intricate details and interaction |intricate details and interactions ,4.071247819461442
writing editing task analysis |writing editing task analysis ,4.071247819461442
effective user assistance development |Effective user assistance development ,4.071247819461442
iso standard human-centred design |ISO standard Human-centred design ,4.071247819461442
procedural and tutorial information |procedural and tutorial information ,4.071247819461442
actual low level process |actual low level processes ,4.071247819461442
human face and existence |human face and existence ,4.071247819461442
s persona non grata |S Persona non grata ,4.071247819461442
user needs and goal |user needs and goals ,4.071247819461442
edit user interface internationalization |edit User interface Internationalization ,4.071247819461442
marketing branding visual design |marketing branding visual design ,4.071247819461442
grudin j and pruitt |Grudin J and Pruitt ,4.071247819461442
user experience design edit |user experience design edit ,4.071247819461442
pleasurable end user experience |pleasurable end user experience ,4.071247819461442
geneva emotion research group |Geneva Emotion Research Group ,4.071247819461442
imaginal or fictional character |imaginal or fictional characters ,4.071247819461442
minor steps and detail |minor steps and details ,4.071247819461442
multi-stage problem solving process |multi-stage problem solving process ,4.071247819461442
effectiveness efficiency and satisfaction |effectiveness efficiency and satisfaction ,4.071247819461442
brand product or service |brand product or service ,4.071247819461442
user-centered design and marketing |user-centered design and marketing ,4.071247819461442
usability including pragmatic aspect |usability including pragmatic aspects ,4.071247819461442
ornamental fonts and text |Ornamental fonts and text ,4.071247819461442
seven-point likert rating scale |seven-point Likert rating scales ,4.071247819461442
b pruitt john adlin |b Pruitt John Adlin ,4.071247819461442
j l quantitative evaluation |J L Quantitative evaluation ,4.071247819461442
people teams or organisation |people teams or organisations ,4.071247819461442
goals capabilities and context |goals capabilities and contexts ,4.071247819461442
individual but small detail |individual but small details ,4.071247819461442
use or anticipated use |use or anticipated use ,4.071247819461442
aspect |aspect |aspects ,3.892407441536622
software |software ,3.8500986649981805
web |Web |web ,3.8042641570815356
method |methods |Method |method ,3.746971022185729
problem |problems |problem ,3.6025923222482974
online |Online |online ,3.3275852747484276
website |website |websites ,3.3000845699984405
v n nen-vainio-mattila |V n nen-Vainio-Mattila ,3.264536430999026
s learning curve |s learning curve ,3.264536430999026
freely available questionnaire |freely available questionnaire ,3.264536430999026
fictional personal detail |fictional personal details ,3.264536430999026
designer or developer |designer or developer ,3.264536430999026
designing pleasurable product |Designing Pleasurable Products ,3.264536430999026
web usability questionnaire |web usability questionnaires ,3.264536430999026
web based material |web based material |web based materials ,3.264536430999026
north american term |North American term ,3.264536430999026
pruitt et al |Pruitt et al ,3.264536430999026
similar bulk-text situation |similar bulk-text situations ,3.264536430999026
main research question |main research questions ,3.264536430999026
user experience edit |user experience edit ,3.264536430999026
development and validation |development and validation ,3.264536430999026
legibility edit text |Legibility edit Text ,3.264536430999026
experience design uxd |experience design UXD ,3.264536430999026
persona fictitious user |Persona Fictitious users ,3.264536430999026
attributes e g |attributes e g ,3.264536430999026
allaboutux org law |AllAboutUX org Law ,3.264536430999026
ux design defined |UX Design Defined ,3.264536430999026
critical success factor |critical success factor ,3.264536430999026
information and feature |information and features ,3.264536430999026
single archetypal user |single archetypal users ,3.264536430999026
great user experience |great user experience ,3.264536430999026
human s ability |human s ability ,3.264536430999026
art and science |art and science ,3.264536430999026
grudin and pruitt |Grudin and Pruitt ,3.264536430999026
website user experience |website user experience ,3.264536430999026
aesthetics or look-and-feel |aesthetics or look-and-feel ,3.264536430999026
subject matter expert |subject matter expert ,3.264536430999026
existing best practice |existing best practice ,3.264536430999026
cad digital mockup |CAD digital mockup ,3.264536430999026
wider usage context |wider usage context ,3.264536430999026
mobile ubiquitous social |mobile ubiquitous social ,3.264536430999026
use case edit |Use case edit ,3.264536430999026
user experience architect |user experience architect ,3.264536430999026
conventional persona creation |Conventional persona creation ,3.264536430999026
earlier work citation |earlier work citation ,3.264536430999026
brand s value |brand s values ,3.264536430999026
use and understanding |use and understanding ,3.264536430999026
different design constraint |different design constraints ,3.264536430999026
content management system |content management systems ,3.264536430999026
traditional user interface |traditional user interface ,3.264536430999026
theory and method |theory and method ,3.264536430999026
skills required edit |Skills required edit ,3.264536430999026
visibility edit visibility |Visibility edit Visibility ,3.264536430999026
design and evaluation |Design and Evaluation ,3.264536430999026
influence user experience |influence user experience ,3.264536430999026
specific consistent understanding |specific consistent understanding ,3.264536430999026
visual design edit |Visual design edit ,3.264536430999026
pre-requisite behavioral concern |pre-requisite behavioral concerns ,3.264536430999026
actual physical world |actual physical world ,3.264536430999026
persona user experience |persona user experience ,3.264536430999026
no clear relationship |no clear relationship ,3.264536430999026
key research finding |key research findings ,3.264536430999026
user-centered design edit |user-centered design edit ,3.264536430999026
ethnographic research edit |ethnographic research edit ,3.264536430999026
system or application |system or application ,3.264536430999026
individual user persona |individual user personas ,3.264536430999026
high-tech products drive |High-Tech Products Drive ,3.264536430999026
criticism edit criticism |Criticism edit Criticism ,3.264536430999026
expansion and extension |expansion and extension ,3.264536430999026
products and service |products and services ,3.264536430999026
tasks and environment |tasks and environments ,3.264536430999026
context incorporate user |context Incorporate user ,3.264536430999026
external links edit |External links edit ,3.264536430999026
cause-and effect scheme |cause-and effect scheme ,3.264536430999026
practically all area |practically all areas ,3.264536430999026
online help edit |Online help edit ,3.264536430999026
chapman and milham |Chapman and Milham ,3.264536430999026
multidisciplinary design branch |multidisciplinary design branch ,3.264536430999026
use and efficiency |use and efficiency ,3.264536430999026
effective visual communication |effective visual communication ,3.264536430999026
s particular feeling |s particular feelings ,3.264536430999026
partially controlled study |partially controlled study ,3.264536430999026
further possible problem |further possible problems ,3.264536430999026
unnecessary product feature |unnecessary product features ,3.264536430999026
customer-centric technical publication |customer-centric technical publications ,3.264536430999026
content design discipline |content design disciplines ,3.264536430999026
understanding interaction design |understanding interaction design ,3.264536430999026
sub-optimal user experience |sub-optimal user experiences ,3.264536430999026
simple sentence structure |simple sentence structure ,3.264536430999026
online marketing purpose |online marketing purposes ,3.264536430999026
matches user expectation |matches user expectations ,3.264536430999026
hci and usability |HCI and usability ,3.264536430999026
greenbaum kyng ed |Greenbaum Kyng eds ,3.264536430999026
computing systems conference |Computing Systems conference ,3.264536430999026
final bigger task |final bigger task ,3.264536430999026
process and implementation |process and implementation ,3.264536430999026
drag-drop selections mouse |drag-drop selections mouse ,3.264536430999026
latest ui pattern |latest UI patterns ,3.264536430999026
traditional classroom approach |traditional classroom approach ,3.264536430999026
scientific research method |scientific research method ,3.264536430999026
researcher and designer |researcher and designer ,3.264536430999026
choice criticism edit |choice Criticism edit ,3.264536430999026
helander s handbook |Helander s Handbook ,3.264536430999026
low level task |low level tasks ,3.264536430999026
user-focused design discussion |user-focused design discussion ,3.264536430999026
expected end result |expected end result ,3.264536430999026
user assistance profession |user assistance profession ,3.264536430999026
professor and student |professor and students ,3.264536430999026
design focus cooper |design focus Cooper ,3.264536430999026
l engaging persona |L Engaging Personas ,3.264536430999026
different user type |different user types ,3.264536430999026
improved user experience |improved user experiences ,3.264536430999026
rapid technological advancement |rapid technological advancements ,3.264536430999026
participatory design pd |Participatory design PD ,3.264536430999026
picture demographics role |picture demographics roles ,3.264536430999026
high figure-ground contrast |High figure-ground contrast ,3.264536430999026
personality and characteristic |personality and characteristics ,3.264536430999026
different inputs mode |different inputs modes ,3.264536430999026
construction and evaluation |Construction and evaluation ,3.264536430999026
enterprise knowledge base |enterprise knowledge bases ,3.264536430999026
user interface behavior |user Interface behavior ,3.264536430999026
multiple technical aspect |multiple technical aspects ,3.264536430999026
product development cf |product development cf ,3.264536430999026
actual interaction episode |actual interaction episode ,3.264536430999026
interaction design ixd |interaction design IxD ,3.264536430999026
interaction design edit |Interaction design edit ,3.264536430999026
real life occurrence |real life occurrences ,3.264536430999026
common design pitfall |common design pitfalls ,3.264536430999026
similar buying behaviour |similar buying behaviours ,3.264536430999026
user experience research |user experience research ,3.264536430999026
ieee internet computing |IEEE Internet Computing ,3.264536430999026
long-term user experience |long-term user experience ,3.264536430999026
day-in-the-life archetype description |day-in-the-life archetype descriptions ,3.264536430999026
primary stakeholder user |primary stakeholder user ,3.264536430999026
designers and user |designers and users ,3.264536430999026
universally recognized definition |universally recognized definition ,3.264536430999026
c n milham |C N Milham ,3.264536430999026
basic smaller part |basic smaller parts ,3.264536430999026
o reilly associate |O Reilly Associates ,3.264536430999026
rhetorical situation edit |Rhetorical situation edit ,3.264536430999026
basic building unit |basic building units ,3.264536430999026
accessibility edit accessibility |Accessibility edit Accessibility ,3.264536430999026
higher course evaluation |higher course evaluations ,3.264536430999026
development and design |development and design ,3.264536430999026
term usability pre-date |term usability pre-dates ,3.264536430999026
purpose edit ucd |Purpose edit UCD ,3.264536430999026
usage context situation |usage context situation ,3.264536430999026
subject-matter expert sme |subject-matter expert SME ,3.264536430999026
usability and findability |usability and findability ,3.264536430999026
print simple persona |Print Simple Personas ,3.264536430999026
basingstoke uk jenkinson |Basingstoke UK Jenkinson ,3.264536430999026
smaller interaction experience |smaller interaction experiences ,3.264536430999026
labeling edit structuring |labeling edit Structuring ,3.264536430999026
real world test |real world tests ,3.264536430999026
usability edit usability |Usability edit Usability ,3.264536430999026
common values attitude |common values attitudes ,3.264536430999026
user assistance professional |User assistance professionals ,3.264536430999026
personal human face |personal human face ,3.264536430999026
user interface text |user interface text ,3.264536430999026
scenarios site map |scenarios Site Maps ,3.264536430999026
goals and behavior |goals and behavior ,3.264536430999026
usability addresses aspect |usability addresses aspects ,3.264536430999026
hawaii international conference |Hawaii International Conference ,3.264536430999026
performer assess performance |performer assess performance ,3.264536430999026
scientific research edit |Scientific research edit ,3.264536430999026
interaction designers critical |Interaction Designers critical ,3.264536430999026
highly multi-disciplinary field |highly multi-disciplinary field ,3.264536430999026
human-computer interaction edit |Human-computer interaction edit ,3.264536430999026
interactive computing system |interactive computing systems ,3.264536430999026
patrick w jordan |Patrick W Jordan ,3.264536430999026
abstract use case |abstract use case ,3.264536430999026
common shared understanding |common shared understanding ,3.264536430999026
target user population |target user population ,3.264536430999026
field research process |field research process ,3.264536430999026
accessibility edit user |Accessibility edit Users ,3.264536430999026
event or action |event or action ,3.264536430999026
purdue usability |Purdue Usability ,3.211167983674194
web-based questionnaire |Web-Based Questionnaires ,3.211167983674194
usability engineering |usability engineering |Usability Engineering ,3.211167983674194
subject content |subject content ,3.211167983674194
learning |learning ,3.196956927185989
epub big brother new pages contribution scores popular page |ePub big brother New Pages Contribution scores Popular Pages ,3.1858665453113337
user experience and usability navigation menu personal tool |user experience and usability Navigation menu Personal tools ,3.0179219079972626
interface |interfaces |interface ,2.9846353096309426
navigation |navigation |Navigation ,2.9334085066652804
character |character ,2.8875739987486355
work |work |Work |works ,2.8875739987486355
field |field |fields ,2.8325725892486617
acronym instrument reference institution example quis questionnaire |Acronym Instrument Reference Institution Example QUIS Questionnaire ,2.82781902461732
scenario |scenario |Scenarios |scenarios ,2.763820827373694
detail |detail |details |Details ,2.7500704749987004
situation |situation ,2.7500704749987004
ucd |UCD ,2.6950690654987266
research |research ,2.667568360748739
development |development |developments ,2.6654529219218173
form |form |forms ,2.65840145916541
study |study ,2.6125669512487653
purpose |purposes |Purpose |purpose ,2.6125669512487653
usability methods and techniques series type |usability methods and techniques series Type ,2.608809242675524
standard user interface evaluation questionnaire form |standard user interface evaluation questionnaire forms ,2.608809242675524
b j fraser k g tobin |B J Fraser K G Tobin ,2.608809242675524
edutechwiki unige ch mediawiki index php |edutechwiki unige ch mediawiki index php ,2.608809242675524
user interface satisfaction chin et al |User Interface Satisfaction Chin et al ,2.608809242675524
example |Example |example |examples ,2.520897935415475
audience |audience |Audience ,2.4750634274988306
environment |environment |environments ,2.4750634274988306
person |person |persons ,2.4750634274988306
people |people |People ,2.4750634274988306
hcibib org perlman question cgi |hcibib org perlman question cgi ,2.3504972470841334
help main page recent change |help Main Page Recent changes ,2.3504972470841334
research methods education and instruction |research methods Education and instruction ,2.3504972470841334
sample sizes tullis and stetson |sample sizes Tullis and Stetson ,2.3504972470841334
student |students |Students ,2.3375599037488954
marketing |marketing |Marketing ,2.2000563799989603
ease |Ease |ease ,2.2000563799989603
needed |needed ,2.2000563799989603
world |world ,2.177139126040638
brand pricing |brand pricing ,2.140778655782796
further imagination |further imagination ,2.140778655782796
mcgraw hill |McGraw Hill ,2.140778655782796
complicated task |complicated task ,2.140778655782796
intricate detail |intricate details ,2.140778655782796
language edit |Language edit ,2.140778655782796
carla willig |Carla Willig ,2.140778655782796
design consideration |design considerations ,2.140778655782796
adaptive path |Adaptive Path ,2.140778655782796
well-written text |well-written texts ,2.140778655782796
important element |Important elements ,2.140778655782796
qualitative research |qualitative research ,2.140778655782796
systems requirement |systems requirements ,2.140778655782796
investigative method |investigative methods ,2.140778655782796
design principle |design principles ,2.140778655782796
average-case scenario |average-case scenario ,2.140778655782796
exact definition |exact definition ,2.140778655782796
key click |key click ,2.140778655782796
brand buyer |brand buyers ,2.140778655782796
customer base |customer base ,2.140778655782796
austin henderson |Austin Henderson ,2.140778655782796
average joe |average joe ,2.140778655782796
momentary emotion |Momentary emotion ,2.140778655782796
design experience |design experiences ,2.140778655782796
technical library |Technical library ,2.140778655782796
miramontes computing |Miramontes Computing ,2.140778655782796
online service |online service |Online service ,2.140778655782796
novice analyst |novice analyst ,2.140778655782796
paper form |paper form ,2.140778655782796
additional citation |additional citations ,2.140778655782796
organizational issue |organizational issues ,2.140778655782796
usability practitioner |usability practitioners ,2.140778655782796
software product |software product ,2.140778655782796
computer software |computer software ,2.140778655782796
designs feature |designs Features ,2.140778655782796
proposed solution |Proposed solutions ,2.140778655782796
font style |font style ,2.140778655782796
different form |different forms ,2.140778655782796
wide use |wide use ,2.140778655782796
simplified average |simplified averages ,2.140778655782796
responsibilities goal |responsibilities goals ,2.140778655782796
no additional |no additional ,2.140778655782796
workplace computer |workplace computers ,2.140778655782796
ucd principle |UCD principles ,2.140778655782796
usability people |Usability people ,2.140778655782796
main target |main target ,2.140778655782796
computer system |Computer Systems ,2.140778655782796
edit buxton |edit Buxton ,2.140778655782796
san francisco |San Francisco ,2.140778655782796
personas edit |Personas edit ,2.140778655782796
generalized user |generalized user ,2.140778655782796
focus group |focus groups ,2.140778655782796
pen portrait |pen portraits ,2.140778655782796
entire practice |entire practice ,2.140778655782796
distinct group |distinct groups ,2.140778655782796
practical matter |practical matter ,2.140778655782796
designers edit |Designers edit ,2.140778655782796
actual customer |actual customers ,2.140778655782796
strong focus |strong focus ,2.140778655782796
different stakeholder |different stakeholders ,2.140778655782796
approaches edit |approaches edit ,2.140778655782796
target population |target population ,2.140778655782796
designing website |designing websites ,2.140778655782796
long-term relation |long-term relation ,2.140778655782796
proper context |proper context ,2.140778655782796
no assumption |no assumptions ,2.140778655782796
different interpretation |different interpretation ,2.140778655782796
ornamental font |Ornamental fonts ,2.140778655782796
explicit understanding |explicit understanding ,2.140778655782796
development project |development projects ,2.140778655782796
talk page |talk page ,2.140778655782796
audience feedback |audience feedback ,2.140778655782796
imprecise meaning |imprecise meaning ,2.140778655782796
engineering team |engineering teams ,2.140778655782796
short analysis |short analysis ,2.140778655782796
universal principle |Universal Principles ,2.140778655782796
key factor |key factors ,2.140778655782796
interprets performance |interprets performance ,2.140778655782796
small piece |small pieces ,2.140778655782796
extreme environment |extreme environments ,2.140778655782796
manufacturing planner |manufacturing planner ,2.140778655782796
purported flaw |purported flaws ,2.140778655782796
information structure |Information structure |information structure ,2.140778655782796
sufficient usability |sufficient usability ,2.140778655782796
general term |general term ,2.140778655782796
england jenkinson |England Jenkinson ,2.140778655782796
ux matter |UX Matters ,2.140778655782796
pdf equivalent |PDF equivalents ,2.140778655782796
successful experience |successful experience ,2.140778655782796
primary focus |primary focus ,2.140778655782796
bad usability |bad usability ,2.140778655782796
text message |text message ,2.140778655782796
design work |design work ,2.140778655782796
strong brand |strong brand ,2.140778655782796
qualitative persona |qualitative personas ,2.140778655782796
holistic perspective |holistic perspective ,2.140778655782796
content object |content objects ,2.140778655782796
affective interaction |affective interaction ,2.140778655782796
guided assistance |guided assistance ,2.140778655782796
interface element |interface elements ,2.140778655782796
usability professional |Usability Professionals ,2.140778655782796
individual person |individual person ,2.140778655782796
physical interaction |physical interaction ,2.140778655782796
market segmentation |market segmentation ,2.140778655782796
quantitative evaluation |Quantitative evaluation ,2.140778655782796
internal characteristic |internal characteristics ,2.140778655782796
recent connection |recent connection ,2.140778655782796
scandinavian tradition |Scandinavian tradition ,2.140778655782796
hfes history |HFES History ,2.140778655782796
localization external |localization External ,2.140778655782796
empirical study |empirical study ,2.140778655782796
perceived ease |perceived ease ,2.140778655782796
page number |page numbers ,2.140778655782796
usable product |usable products ,2.140778655782796
widespread use |widespread use ,2.140778655782796
emerging field |emerging field ,2.140778655782796
system aspect |system aspects ,2.140778655782796
quality information |quality information ,2.140778655782796
user-centered evaluation |user-centered evaluation ,2.140778655782796
individual perception |individual perception ,2.140778655782796
application development |application development ,2.140778655782796
behavior pattern |behavior patterns ,2.140778655782796
team politics |team politics ,2.140778655782796
software application |software applications ,2.140778655782796
tinier task |tinier tasks ,2.140778655782796
people team |people teams ,2.140778655782796
complete song |complete song ,2.140778655782796
usage circumstance |usage circumstances ,2.140778655782796
real life |real life ,2.140778655782796
richer scope |richer scope ,2.140778655782796
apple computer |Apple Computer ,2.140778655782796
elsevier science |Elsevier Science ,2.140778655782796
wide range |wide range ,2.140778655782796
user behaviour |user behaviour ,2.140778655782796
real people |real people ,2.140778655782796
edit moser |edit Moser ,2.140778655782796
suitable place |suitable place ,2.140778655782796
system science |System Sciences ,2.140778655782796
cognitive perspective |cognitive perspective ,2.140778655782796
system user |system user ,2.140778655782796
use team |Use Team ,2.140778655782796
ibm ease |IBM Ease ,2.140778655782796
persona lifecycle |Persona Lifecycle ,2.140778655782796
phrase word |phrase words ,2.140778655782796
essential element |essential elements ,2.140778655782796
actual person |actual person ,2.140778655782796
audience group |audience groups ,2.140778655782796
personas scenario |personas scenarios ,2.140778655782796
learning approach |learning approach ,2.140778655782796
stakeholder group |stakeholder group ,2.140778655782796
human user |human users ,2.140778655782796
rockport publisher |Rockport Publishers ,2.140778655782796
human use |human use ,2.140778655782796
edit scenario |edit Scenario ,2.140778655782796
quality assurance |quality assurance ,2.140778655782796
ui design |UI design ,2.140778655782796
everyday life |everyday life ,2.140778655782796
ux curve |UX Curve ,2.140778655782796
peer-reviewed definition |Peer-reviewed definition ,2.140778655782796
kritina holden |Kritina Holden ,2.140778655782796
usability attribute |usability attributes ,2.140778655782796
traditional form |traditional form ,2.140778655782796
search function |search functions ,2.140778655782796
ux innovation |UX Innovation ,2.140778655782796
elements edit |Elements edit ,2.140778655782796
soft metric |soft metrics ,2.140778655782796
imaginal character |imaginal character ,2.140778655782796
iceberg analogy |iceberg analogy ,2.140778655782796
single error |single error ,2.140778655782796
full extent |full extent ,2.140778655782796
chief difference |chief difference ,2.140778655782796
broad range |broad range ,2.140778655782796
tiny interaction |tiny interactions ,2.140778655782796
palatable format |palatable format ,2.140778655782796
website design |website design ,2.140778655782796
branding people |branding people ,2.140778655782796
no control |no control ,2.140778655782796
special kind |special kind ,2.140778655782796
advanced skill |advanced skills ,2.140778655782796
worst-case scenario |worst-case scenario ,2.140778655782796
following question |following questions ,2.140778655782796
sound audience |sound audience ,2.140778655782796
first thinking |first thinking ,2.140778655782796
higher education |higher education ,2.140778655782796
constituent part |constituent parts ,2.140778655782796
customer-centered design |customer-centered design ,2.140778655782796
project organization |project organization ,2.140778655782796
quality relationship |quality relationships ,2.140778655782796
hypothesized group |hypothesized group ,2.140778655782796
scientific method |scientific method ,2.140778655782796
secondary persona |secondary persona ,2.140778655782796
precise visual |Precise visual ,2.140778655782796
product decision |product decisions ,2.140778655782796
resources perform |resources performs ,2.140778655782796
multiple issue |multiple issues ,2.140778655782796
hypothetical user |hypothetical users ,2.140778655782796
user satisfaction |user satisfaction ,2.140778655782796
first solution |first solution ,2.140778655782796
software designer |software designers ,2.140778655782796
envisioning work |Envisioning Work ,2.140778655782796
minor step |minor steps ,2.140778655782796
encyclopedic style |encyclopedic style ,2.140778655782796
high demand |High demand ,2.140778655782796
iso definition |ISO definition ,2.140778655782796
momentary experience |momentary experiences ,2.140778655782796
devices edit |Devices edit ,2.140778655782796
mere usability |mere usability ,2.140778655782796
emotions help |emotions help ,2.140778655782796
product cycle |product cycle ,2.140778655782796
former example |former example ,2.140778655782796
actual context |actual context ,2.140778655782796
italic word |italic words ,2.140778655782796
pivotal role |pivotal role ,2.140778655782796
humans gatherspace |Humans Gatherspace ,2.140778655782796
contributing factor |contributing factors ,2.140778655782796
basic concept |basic concepts ,2.140778655782796
alan cooper |Alan Cooper ,2.140778655782796
www ueq-online |www ueq-online ,2.140778655782796
typical user |typical users ,2.140778655782796
front end |front end ,2.140778655782796
edit moggridge |edit Moggridge ,2.140778655782796
feminist critique |Feminist critique ,2.140778655782796
defining persona |Defining personas ,2.140778655782796
visual communication |visual communication ,2.140778655782796
user multitasking |user multitasking ,2.140778655782796
technology community |technology community ,2.140778655782796
fourth problem |fourth problem ,2.140778655782796
social context |social context ,2.140778655782796
system development |System Development ,2.140778655782796
interactive world |interactive world ,2.140778655782796
elastic user |Elastic User ,2.140778655782796
database marketing |database marketing ,2.140778655782796
fictional story |fictional story ,2.140778655782796
different designer |different designers ,2.140778655782796
communication skill |communication skills ,2.140778655782796
generative method |Generative methods ,2.140778655782796
interaction-design org |Interaction-Design org ,2.140778655782796
traditional definition |traditional definitions ,2.140778655782796
anecdotal feedback |anecdotal feedback ,2.140778655782796
edit tidwell |edit Tidwell ,2.140778655782796
no relation |no relation ,2.140778655782796
affective aspect |affective aspects ,2.140778655782796
card sorting |card sorting ,2.140778655782796
tasks motivation |tasks motivations ,2.140778655782796
existing asset |existing assets ,2.140778655782796
short period |short period ,2.140778655782796
temporal level |temporal levels ,2.140778655782796
non-random fashion |non-random fashion ,2.140778655782796
prototype testing |prototype testing ,2.140778655782796
term persona |term persona ,2.140778655782796
field research |field research ,2.140778655782796
integrated interaction |integrated interactions ,2.140778655782796
small problem |small problems ,2.140778655782796
moderate skill |moderate skills ,2.140778655782796
web navigation |Web Navigation ,2.140778655782796
context edit |Context edit ,2.140778655782796
geographical location |geographical location ,2.140778655782796
smug customer-centricity |smug customer-centricity ,2.140778655782796
online business |online business ,2.140778655782796
reproducible research |reproducible research ,2.140778655782796
simple story |simple story ,2.140778655782796
cognitive science |cognitive science ,2.140778655782796
mit press |MIT Press ,2.140778655782796
content strategy |content strategy ,2.140778655782796
designing interface |Designing Interfaces ,2.140778655782796
general characteristic |general characteristics ,2.140778655782796
aid navigation |aid navigation ,2.140778655782796
private group |private groups ,2.140778655782796
team member |team members ,2.140778655782796
interaction plan |interaction plans ,2.140778655782796
dark text |Dark text ,2.140778655782796
best-case scenario |best-case scenario ,2.140778655782796
important concern |important concern ,2.140778655782796
respective column |respective columns ,2.140778655782796
design engineer |design engineer ,2.140778655782796
individual system |individual systems ,2.140778655782796
important task |important tasks ,2.140778655782796
structured approach |Structured Approach ,2.140778655782796
schuler namioka |Schuler Namioka ,2.140778655782796
product ownership |product ownership ,2.140778655782796
b chapman |b Chapman ,2.140778655782796
michael jacob |Michael Jacobs ,2.140778655782796
no procedure |no procedure ,2.140778655782796
david travis |David Travis ,2.140778655782796
emotional design |Emotional Design ,2.140778655782796
experience level |experience levels ,2.140778655782796
typical stakeholder |typical stakeholder ,2.140778655782796
short questionnaire |Short questionnaire ,2.140778655782796
case specification |case specification ,2.140778655782796
thought process |thought process ,2.140778655782796
main contributor |main contributor ,2.140778655782796
strategic segmentation |strategic segmentation ,2.140778655782796
mother tongue |mother tongue ,2.140778655782796
required information |required information ,2.140778655782796
sme interviewing |SME interviewing ,2.140778655782796
research agenda |Research Agenda ,2.140778655782796
stereotypical user |stereotypical users ,2.140778655782796
task goal |task goals ,2.140778655782796
broader category |broader category ,2.140778655782796
contextual interface |contextual interfaces ,2.140778655782796
extensive attention |extensive attention ,2.140778655782796
user-centred designer |User-Centred Designer ,2.140778655782796
features definition |features definition ,2.140778655782796
information medium |information medium ,2.140778655782796
user-centered approach |user-centered approach ,2.140778655782796
capital letter |capital letters ,2.140778655782796
jonas lowgren |Jonas Lowgren ,2.140778655782796
related concept |related concept ,2.140778655782796
labeled section |labeled sections ,2.140778655782796
organizational objective |organizational objectives ,2.140778655782796
online learning |online learning ,2.140778655782796
essential guide |essential guide ,2.140778655782796
good usability |Good usability ,2.140778655782796
contextual environment |contextual environments ,2.140778655782796
riders press |Riders Press ,2.140778655782796
careful analysis |careful analysis ,2.140778655782796
specific persona |specific personas ,2.140778655782796
larger task |larger task ,2.140778655782796
short sentence |Short sentences ,2.140778655782796
human-centered design |Human-centered design ,2.140778655782796
typical output |Typical outputs ,2.140778655782796
equal footing |equal footing ,2.140778655782796
j persona |J Personas ,2.140778655782796
light background |light background ,2.140778655782796
fictional persona |fictional persona ,2.140778655782796
typical feature |Typical features ,2.140778655782796
information edit |Information edit ,2.140778655782796
brand loyalty |brand loyalty ,2.140778655782796
similar vein |similar vein ,2.140778655782796
tangible interaction |tangible interactions ,2.140778655782796
design measure |design measure ,2.140778655782796
persona edit |Persona edit ,2.140778655782796
personas method |personas method ,2.140778655782796
scenario edit |Scenario edit ,2.140778655782796
needed part |needed Part ,2.140778655782796
noun string |noun strings ,2.140778655782796
human performance |human performance ,2.140778655782796
ux definition |UX definitions ,2.140778655782796
visual element |visual elements ,2.140778655782796
feature requirement |feature requirements ,2.140778655782796
typical life |typical life ,2.140778655782796
screen size |Screen size ,2.140778655782796
technical person |technical person ,2.140778655782796
specific segment |specific segments ,2.140778655782796
ucd viewpoint |UCD viewpoints ,2.140778655782796
component-based usability |Component-Based Usability ,2.140778655782796
key step |key steps ,2.140778655782796
ethnographic study |ethnographic study ,2.140778655782796
history edit |History edit ,2.140778655782796
simple step |simple steps ,2.140778655782796
customer immersion |customer immersion ,2.140778655782796
human activity |human activity ,2.140778655782796
stereotypical archetype |stereotypical archetypes ,2.140778655782796
reality check |reality check ,2.140778655782796
single experience |Single experiences ,2.140778655782796
angus jenkinson |Angus Jenkinson ,2.140778655782796
graphic treatment |Graphic treatment ,2.140778655782796
recent advance |Recent advances ,2.140778655782796
generalized perception |generalized perception ,2.140778655782796
design documentation |design documentation ,2.140778655782796
software development |software development ,2.140778655782796
coherent identity |coherent identity ,2.140778655782796
creating persona |creating personas ,2.140778655782796
licencing status |licencing status ,2.140778655782796
multidisciplinary skill |multidisciplinary skills ,2.140778655782796
final solution |final solution ,2.140778655782796
referential design |referential design ,2.140778655782796
user-centric issue |user-centric issues ,2.140778655782796
higher importance |higher importance ,2.140778655782796
active voice |active voice ,2.140778655782796
ogilvyone cooper |OgilvyOne Cooper ,2.140778655782796
related detail |related details ,2.140778655782796
designing interaction |Designing Interactions ,2.140778655782796
extreme outlier |extreme outliers ,2.140778655782796
broad collection |broad collection ,2.140778655782796
technical term |technical terms ,2.140778655782796
audience edit |Audience edit ,2.140778655782796
underlying logic |underlying logic ,2.140778655782796
secondary issue |secondary issues ,2.140778655782796
key role |key role ,2.140778655782796
first step |first step ,2.140778655782796
scientific logic |scientific logic ,2.140778655782796
installation procedure |installation procedures ,2.140778655782796
palgrave macmillan |Palgrave Macmillan ,2.140778655782796
action |action |actions ,2.131304618123993
cooper |Cooper ,2.131304618123993
system usability scale sus |System Usability Scale SUS ,2.035623909730721
connecting communities learning ccl |Connecting Communities Learning CCL ,2.035623909730721
open-ended positive negative comment |open-ended positive negative comments ,2.035623909730721
generic usability survey instrument |generic usability survey instruments ,2.035623909730721
proceedings western australian institute |Proceedings Western Australian Institute ,2.035623909730721
questionnaire lin et al |Questionnaire Lin et al ,2.035623909730721
choong yee-yin and salvendy |Choong Yee-Yin and Salvendy ,2.035623909730721
user experience and usability |user experience and usability ,2.035623909730721
user interfaces root draper |user interfaces Root Draper ,2.035623909730721
visual design and layout |visual design and layout ,2.035623909730721
web-based usability evaluation questionnaire |web-based usability evaluation questionnaires ,2.035623909730721
email fax bulletin board |email fax bulletin boards ,2.035623909730721
specific web usability questionnaire |specific web usability questionnaires ,2.035623909730721
s heuristic evaluation nielsen |s Heuristic Evaluation Nielsen ,2.035623909730721
version tecfa links page |Version TECFA Links Page ,2.035623909730721
multimedia technology eg animation |multimedia technology eg animation ,2.035623909730721
short or insufficient piece |short or insufficient piece ,2.035623909730721
pdf printable version tool |PDF Printable version Tools ,2.035623909730721
occasional and regular user |occasional and regular users ,2.035623909730721
stc usability sig newsletter |STC Usability SIG Newsletter ,2.035623909730721
validity and or reliability |validity and or reliability ,2.035623909730721
pedagogy engagement and empowerment |pedagogy engagement and empowerment ,2.035623909730721
human-computer interaction interaction design |human-computer interaction Interaction design ,2.035623909730721
recall and verbal report |recall and verbal report ,2.035623909730721
blended web-based learning environment |blended web-based learning environment ,2.035623909730721
regular web based lesson |regular web based lessons ,2.035623909730721
rules blog dks share |rules Blog DKS Share ,2.035623909730721
book |books |book ,1.9938010943740578
technology |technology |Technology ,1.9446926930347952
emotion |emotions ,1.9250493324990903
program |program ,1.9250493324990903
analysis |Analysis |analysis ,1.8700479229991163
norman |Norman ,1.8150465134991423
testing |testing ,1.7875458087491554
link |link |links ,1.7679024482134502
guitar |guitar ,1.6500422849992202
characteristic |characteristics ,1.6500422849992202
focus |focus ,1.6500422849992202
socio-political and organization |Socio-political and organization ,1.632268215499513
satisfaction and achievement |satisfaction and achievement ,1.632268215499513
no inactive link |no inactive links ,1.632268215499513
presenting usability metric |Presenting Usability Metrics ,1.632268215499513
world wide web |world wide web ,1.632268215499513
web-based questionnaires page |Web-Based Questionnaires page ,1.632268215499513
darrell l fisher |Darrell L Fisher ,1.632268215499513
learning environment instrument |learning environment instrument ,1.632268215499513
four core aspect |four core aspects ,1.632268215499513
customizable web-based perl |customizable Web-based perl ,1.632268215499513
use questionnaire author |USE Questionnaire Author ,1.632268215499513
draft interaction design |Draft Interaction design ,1.632268215499513
edutech wiki usability |EduTech Wiki Usability ,1.632268215499513
cc by-nc-sa licence |CC BY-NC-SA Licence ,1.632268215499513
sample sizes tulli |sample sizes Tullis ,1.632268215499513
campus class attendance |campus class attendance ,1.632268215499513
klaus r scherer |Klaus R Scherer ,1.632268215499513
first three aspect |first three aspects ,1.632268215499513
first six item |first six items ,1.632268215499513
questionnaire putq author |Questionnaire PUTQ Author ,1.632268215499513
f d davis |F D Davis ,1.632268215499513
five-point response item |five-point response items ,1.632268215499513
usability evaluation perlman |Usability Evaluation Perlman ,1.632268215499513
scenario questionnaire lewis |Scenario Questionnaire Lewis ,1.632268215499513
validation and application |validation and application ,1.632268215499513
edutech wiki jump |EduTech Wiki Jump ,1.632268215499513
v s chang |V S Chang ,1.632268215499513
electronic form perlman |electronic form Perlman ,1.632268215499513
different software system |Different Software Systems ,1.632268215499513
technology-rich learning environment |Technology-rich learning environments ,1.632268215499513
article or section |article or section ,1.632268215499513
originality and creativity |originality and creativity ,1.632268215499513
information science reference |Information Science Reference ,1.632268215499513
specific emotional episode |specific emotional episode ,1.632268215499513
user inputs proceeding |User Inputs Proceedings ,1.632268215499513
frequently asked question |Frequently Asked Questions ,1.632268215499513
arnold m lund |Arnold M Lund ,1.632268215499513
website unnecessarily complex |website unnecessarily complex ,1.632268215499513
background information section |background information sections ,1.632268215499513
usability and design |usability and Design ,1.632268215499513
kluwer academic publisher |Kluwer Academic Publishers ,1.632268215499513
tutorials print export |Tutorials Print export ,1.632268215499513
web-based questionnaires author |Web-Based Questionnaires Author ,1.632268215499513
edutech wiki disclaimer |EduTech Wiki Disclaimers ,1.632268215499513
tool |tools |tool ,1.6271250310408978
manual |manual |manuals ,1.5812905231242527
application |application |applications ,1.5354560152076075
wikipedia |Wikipedia ,1.512538761249285
proceeding |Proceedings ,1.512538761249285
individual |individual |individuals ,1.512538761249285
product development |product development ,1.4271857705218642
project |projects |project ,1.4208697454159953
question |questions |question ,1.406286038351608
easier |easier ,1.3750352374993502
feature |features |Features ,1.3750352374993502
number |number ,1.3750352374993502
discipline |disciplines |discipline ,1.3750352374993502
chapman |Chapman ,1.3750352374993502
factor |factors ,1.3750352374993502
brand |brand ,1.3750352374993502
hci |HCI ,1.3750352374993502
material |materials |material ,1.3750352374993502
milham |Milham ,1.3750352374993502
approach |approach |approaches ,1.3750352374993502
principle |principles ,1.3750352374993502
jenkinson |Jenkinson ,1.3750352374993502
text |text ,1.3567014343326922
service |services |service ,1.3444788988882537
page |page |Pages ,1.3444788988882537
pruitt |Pruitt ,1.3200338279993762
society |Society ,1.2833662216660602
concept |concept |concepts ,1.2375317137494153
standard |standards |standard ,1.2031558328119314
iso |ISO ,1.1916972058327702
organization |organization |organizations |Organization ,1.1916972058327702
satisfaction |Satisfaction |satisfaction ,1.1458626979161253
event |events |event ,1.1000281899994802
behavior |behavior ,1.1000281899994802
customerprint |CustomerPrints ,1.1000281899994802
topic |topic ,1.1000281899994802
finding |findings |finding |Finding ,1.1000281899994802
language |languages |language ,1.1000281899994802
interest |interests |interest ,1.1000281899994802
practice |practices |practice ,1.1000281899994802
citation |citations ,1.1000281899994802
limitation |limitations ,1.1000281899994802
solution |solutions |solution ,1.1000281899994802
story |story ,1.1000281899994802
accessibility |Accessibility |accessibility ,1.1000281899994802
ergonomics |ergonomics |Ergonomics ,1.072527485249493
environments research |Environments Research ,1.070389327891398
original page |original page ,1.070389327891398
perceived usefulness |Perceived usefulness ,1.070389327891398
positive attitude |positive attitude ,1.070389327891398
online material |online material ,1.070389327891398
s attribute |s Attributes ,1.070389327891398
logical sequence |logical sequence ,1.070389327891398
no problem |no problems ,1.070389327891398
learning-friendly environment |learning-friendly environments ,1.070389327891398
use davis |Use Davis ,1.070389327891398
igi global |IGI Global ,1.070389327891398
citizen science |Citizen science ,1.070389327891398
han x |Han X ,1.070389327891398
enough information |enough information ,1.070389327891398
perl script |Perl scripts ,1.070389327891398
privacy policy |Privacy policy ,1.070389327891398
vjollca ahmeti |Vjollca Ahmeti ,1.070389327891398
electronic survey |Electronic Surveys ,1.070389327891398
job performance |job performance ,1.070389327891398
small variant |small variants ,1.070389327891398
future perspective |future perspective ,1.070389327891398
online interface |online interface ,1.070389327891398
external link |External links ,1.070389327891398
special content |Special contents ,1.070389327891398
science education |science education ,1.070389327891398
customize system |customize system ,1.070389327891398
learning survey |learning surveys ,1.070389327891398
learning process |learning process ,1.070389327891398
relative usability |Relative Usability ,1.070389327891398
stubs ergonomics |Stubs Ergonomics ,1.070389327891398
administrator email |administrator email ,1.070389327891398
final aspect |final aspect ,1.070389327891398
young child |young children ,1.070389327891398
jurek kirakowski |Jurek Kirakowski ,1.070389327891398
affective appeal |affective appeal ,1.070389327891398
fewest step |fewest steps ,1.070389327891398
specific website |specific websites ,1.070389327891398
hcibib org |hcibib org ,1.070389327891398
reliable result |reliable results ,1.070389327891398
international handbook |International handbook ,1.070389327891398
introduction page |Introduction Page ,1.070389327891398
secondary school |secondary school ,1.070389327891398
large pool |large pool ,1.070389327891398
asynchronous nature |asynchronous nature ,1.070389327891398
qualititative perception |Qualititative perceptions ,1.070389327891398
user attitude |user attitudes ,1.070389327891398
design aspect |design aspect ,1.070389327891398
book download |book Download ,1.070389327891398
united kingdom |United Kingdom ,1.070389327891398
afke donker |Afke Donker ,1.070389327891398
no difficulty |no difficulty ,1.070389327891398
quynh le |Quynh Le ,1.070389327891398
consumer product |consumer products ,1.070389327891398
given period |given period ,1.070389327891398
popular questionnaire |popular questionnaires ,1.070389327891398
hcbib org |hcbib org ,1.070389327891398
original link |original links ,1.070389327891398
thao le |Thao Le ,1.070389327891398
educational technology |Educational technology ,1.070389327891398
user acceptance |user acceptance ,1.070389327891398
usability nielsen |Usability Nielsen ,1.070389327891398
proposed index |Proposed Index ,1.070389327891398
learning goal |learning goals ,1.070389327891398
d fisher |D Fisher ,1.070389327891398
vrije universiteit |Vrije Universiteit ,1.070389327891398
real article |real article ,1.070389327891398
web usability |web usability ,1.070389327891398
help system |Help system ,1.070389327891398
chat line |chat line ,1.070389327891398
word system |word system ,1.070389327891398
technology resource |technology resources ,1.070389327891398
substantial attention |substantial attention ,1.070389327891398
following section |following section ,1.070389327891398
written instruction |written instructions ,1.070389327891398
group project |group project ,1.070389327891398
random page |Random page ,1.070389327891398
position paper |Position paper ,1.070389327891398
usability method |usability methods ,1.070389327891398
educational software |educational software ,1.070389327891398
tutor respond |tutor responds ,1.070389327891398
emotion cpm |Emotion CPM ,1.070389327891398
chandra vinesh |Chandra Vinesh ,1.070389327891398
starting point |starting point ,1.070389327891398
customer |Customers |customers ,1.054193682082835
weblei |WEBLEI ,0.9625246662495451
addition |additions |addition ,0.9625246662495451
set |set ,0.9625246662495451
actor |actor ,0.9625246662495451
code |code ,0.9625246662495451
source |sources ,0.9625246662495451
section |section ,0.9281487853120614
piece |piece ,0.9166901583329001
attitude |attitudes ,0.8800225519995841
specific |specific ,0.8708556504162551
science |science ,0.8402993118051584
aesthetic |aesthetic |aesthetics ,0.8250211424996101
description |descriptions ,0.8250211424996101
findability |Findability |findability ,0.8250211424996101
function |functions ,0.8250211424996101
benefit |benefits ,0.8250211424996101
assumption |assumptions ,0.8250211424996101
constraint |constraints |constraint ,0.8250211424996101
level |levels ,0.8250211424996101
alford |Alford ,0.8250211424996101
asylum |Asylum ,0.8250211424996101
music |music ,0.8250211424996101
pleasure |pleasure ,0.8250211424996101
feeling |feelings ,0.8250211424996101
usage |usage ,0.8250211424996101
elrif |Elrif |ElRif ,0.8250211424996101
alan |Alan ,0.8250211424996101
love |Love ,0.8250211424996101
list |list |List ,0.8250211424996101
inmate |Inmates ,0.8250211424996101
part |part |Part ,0.8250211424996101
consideration |considerations |consideration ,0.8250211424996101
order |order ,0.8250211424996101
art |art ,0.7975204377496231
team |team ,0.7464477003567901
structure |structure ,0.6875176187496751
variety |variety ,0.6875176187496751
psychology |Psychology |psychology ,0.6875176187496751
reference |references ,0.6875176187496751
item |items ,0.6875176187496751
subject |subject ,0.6600169139996881
education |education ,0.6531417378121913
result |results ,0.64168311083303
following |following |Following ,0.6187658568747076
evaluation |Evaluation |evaluation ,0.5605912891343504
role |role ,0.5500140949997401
imaginary |Imaginary ,0.5500140949997401
developer |developer |developers ,0.5500140949997401
roto |Roto ,0.5500140949997401
support |support ,0.5500140949997401
decision |decisions ,0.5500140949997401
note |note ,0.5500140949997401
clarification |clarification ,0.5500140949997401
hassenzahl |Hassenzahl ,0.5500140949997401
instrument |Instruments |instrument ,0.5500140949997401
feedback |feedback ,0.5500140949997401
truffle |Truffles ,0.5500140949997401
sigma |Sigma ,0.5500140949997401
procedure |procedure |procedures ,0.5500140949997401
manufacturability |manufacturability ,0.5500140949997401
assembly |assembly ,0.5500140949997401
average |average ,0.5500140949997401
freedom |freedom ,0.5500140949997401
accessdate |accessdate ,0.5500140949997401
end-user |end-users ,0.5500140949997401
understanding |understanding ,0.5500140949997401
message |message ,0.5500140949997401
interview |interview |interviews ,0.5500140949997401
machine |machines ,0.5500140949997401
validity |validity ,0.5500140949997401
relation |relation ,0.5500140949997401
practitioner |practitioners |Practitioner ,0.5500140949997401
branding |branding ,0.5500140949997401
sus |SUS ,0.5500140949997401
sense |sense ,0.5500140949997401
friend |friends |friend ,0.5500140949997401
york |York ,0.5500140949997401
utility |utility ,0.5500140949997401
component |component |components ,0.5500140949997401
guidance |Guidance ,0.5500140949997401
bill |Bill ,0.5500140949997401
reason |reason ,0.5500140949997401
effectiveness |effectiveness |Effectiveness ,0.5500140949997401
empathy |empathy ,0.5500140949997401
unit |units ,0.5500140949997401
mapping |mapping ,0.5500140949997401
beginning |beginning ,0.5500140949997401
image |images ,0.5500140949997401
idea |ideas |idea ,0.5500140949997401
dublin |Dublin ,0.5500140949997401
consequence |consequences |consequence ,0.5500140949997401
integration |Integration |integration ,0.5500140949997401
committee |committee ,0.5500140949997401
thinking |thinking ,0.5500140949997401
peter |Peter ,0.5500140949997401
layout |layout ,0.5500140949997401
helpline |helpline |Helpline ,0.5500140949997401
portigal |Portigal ,0.5500140949997401
journal |Journal ,0.5500140949997401
shift |shift ,0.5500140949997401
usefulness |usefulness |Usefulness ,0.5500140949997401
object |objects ,0.5500140949997401
error |errors |error ,0.5500140949997401
designing |Designing ,0.49501268549976607
tutor |tutor ,0.48126233312477257
requirement |requirements ,0.48126233312477257
communication |communication ,0.45834507916645006
job |job ,0.45834507916645
wording |wording ,0.41251057124980506
engagement |engagement ,0.41251057124980506
chang |Chang ,0.41251057124980506
adlin |Adlin ,0.41251057124980506
behaviour |behaviour |Behaviour ,0.41251057124980506
colour |colour |colours ,0.41251057124980506
knowledge |knowledge ,0.41251057124980506
member |member |members ,0.41251057124980506
sequence |sequence ,0.41251057124980506
series |series ,0.41251057124980506
organisation |organisation |organisations ,0.41251057124980506
nature |nature ,0.41251057124980506
pace |pace ,0.41251057124980506
computer |computer |Computers ,0.37584296491648905
paper |Paper ,0.34375880937483755
interactive |interactive ,0.33000845699984405
table |table ,0.320841555416515
graphic |graphics ,0.30556338611096673
uxdesign |uxdesign ,0.27500704749987004
autonomy |autonomy ,0.27500704749987004
regard |regard ,0.27500704749987004
kort |Kort ,0.27500704749987004
conversation |Conversation ,0.27500704749987004
sweden |Sweden ,0.27500704749987004
tribe |tribe ,0.27500704749987004
column |columns ,0.27500704749987004
business |business ,0.27500704749987004
inference |inference ,0.27500704749987004
social |social ,0.27500704749987004
verification |verification ,0.27500704749987004
branch |branch ,0.27500704749987004
roi |ROI ,0.27500704749987004
anti-persona |anti-persona ,0.27500704749987004
improvement |improvement ,0.27500704749987004
fable |Fable ,0.27500704749987004
writer |writers ,0.27500704749987004
flexibility |flexibility ,0.27500704749987004
clothes |clothes ,0.27500704749987004
acting |acting ,0.27500704749987004
grammar |grammar ,0.27500704749987004
infancy |infancy ,0.27500704749987004
identification |identification ,0.27500704749987004
evangelo |Evangelos ,0.27500704749987004
year |years ,0.27500704749987004
minimum |minimum ,0.27500704749987004
adventure |Adventures ,0.27500704749987004
denver |Denver ,0.27500704749987004
assignment |assignment |assignments ,0.27500704749987004
chart |chart ,0.27500704749987004
rsi |RSI ,0.27500704749987004
sanity |Sanity ,0.27500704749987004
email |email ,0.27500704749987004
song |song ,0.27500704749987004
cloak |cloak ,0.27500704749987004
commentary |commentary ,0.27500704749987004
strength |strengths ,0.27500704749987004
representative |representative ,0.27500704749987004
effect |effect ,0.27500704749987004
consuming |consuming ,0.27500704749987004
working |working ,0.27500704749987004
industry |industry ,0.27500704749987004
tobin |Tobin ,0.27500704749987004
color-coding |color-coding ,0.27500704749987004
virpi |Virpi ,0.27500704749987004
metadata |metadata ,0.27500704749987004
presentation |presentation ,0.27500704749987004
representation |representation ,0.27500704749987004
samfundslitteratur |Samfundslitteratur ,0.27500704749987004
issue |issues ,0.27500704749987004
quote |quote ,0.27500704749987004
fundamental |Fundamentals ,0.27500704749987004
wizard |wizards ,0.27500704749987004
programming |programming ,0.27500704749987004
hypothesis |hypothesis ,0.27500704749987004
convenience |convenience ,0.27500704749987004
waikoloa |Waikoloa ,0.27500704749987004
lesson |lesson ,0.27500704749987004
creation |creation ,0.27500704749987004
influence |Influences ,0.27500704749987004
similar |similar ,0.27500704749987004
maidenhead |Maidenhead ,0.27500704749987004
intersect |intersects ,0.27500704749987004
way |ways ,0.27500704749987004
stage |stage ,0.27500704749987004
sari |Sari ,0.27500704749987004
sub-field |sub-field ,0.27500704749987004
tamara |Tamara ,0.27500704749987004
digital |digital ,0.27500704749987004
drawback |drawbacks ,0.27500704749987004
direct |Direct ,0.27500704749987004
artifact |artifacts ,0.27500704749987004
mixture |mixture ,0.27500704749987004
facet |facets ,0.27500704749987004
gender |gender ,0.27500704749987004
instance |instance ,0.27500704749987004
affordance |affordances ,0.27500704749987004
sum |sum ,0.27500704749987004
touching |touching ,0.27500704749987004
kuniavsky |Kuniavsky ,0.27500704749987004
create |Create ,0.27500704749987004
long-term |long-term ,0.27500704749987004
boston |Boston ,0.27500704749987004
length |length ,0.27500704749987004
stub |stub ,0.27500704749987004
visitor |visitors ,0.27500704749987004
genre |genre ,0.27500704749987004
bold |Bold ,0.27500704749987004
company |company ,0.27500704749987004
rest |rest ,0.27500704749987004
fleming |Fleming ,0.27500704749987004
vol |Vol ,0.27500704749987004
descriptive |descriptive ,0.27500704749987004
mistake |mistakes ,0.27500704749987004
desire |desires ,0.27500704749987004
gesture |gestures ,0.27500704749987004
bolding |bolding ,0.27500704749987004
malmo |Malmo ,0.27500704749987004
bit |bits ,0.27500704749987004
comprehensibility |comprehensibility ,0.27500704749987004
jargon |jargon ,0.27500704749987004
side |side ,0.27500704749987004
emphasis |emphasis ,0.27500704749987004
physical |physical ,0.27500704749987004
client |clients ,0.27500704749987004
begeistern |begeistern ,0.27500704749987004
vermeeren |Vermeeren ,0.27500704749987004
granted |granted ,0.27500704749987004
creator |creator ,0.27500704749987004
law |Law ,0.27500704749987004
programmer |programmer ,0.27500704749987004
orientation |orientation ,0.27500704749987004
diversity |diversity ,0.27500704749987004
reasoning |reasoning ,0.27500704749987004
efficiency |efficiency ,0.27500704749987004
grudin |Grudin ,0.27500704749987004
miller |Miller ,0.27500704749987004
cambridge |Cambridge ,0.27500704749987004
imaginal |imaginal ,0.27500704749987004
christian |Christian ,0.27500704749987004
subset |subset ,0.27500704749987004
sinnel |Sinnel ,0.27500704749987004
colorado |Colorado ,0.27500704749987004
scanning |scanning ,0.27500704749987004
inconsistency |inconsistency ,0.27500704749987004
advertising |advertising ,0.27500704749987004
original |original ,0.27500704749987004
understood |understood ,0.27500704749987004
localization |localization ,0.27500704749987004
explanation |explanations ,0.27500704749987004
wiktionary |Wiktionary ,0.27500704749987004
existence |existence ,0.27500704749987004
platform |platform ,0.27500704749987004
framework |framework ,0.27500704749987004
degree |degree ,0.27500704749987004
holzinger |Holzinger ,0.27500704749987004
phone |phone ,0.27500704749987004
nominal |nominals ,0.27500704749987004
effectively |Effectively ,0.27500704749987004
ogilvyone |OgilvyOne ,0.27500704749987004
retrieved |Retrieved ,0.27500704749987004
definition |definitions ,0.27500704749987004
browsing |browsing ,0.27500704749987004
principal |principal ,0.27500704749987004
government |government ,0.27500704749987004
universe |universe ,0.27500704749987004
pragmatic |pragmatic ,0.27500704749987004
review |review ,0.27500704749987004
berry |Berry ,0.27500704749987004
ued |UED ,0.27500704749987004
deal |deals ,0.27500704749987004
capture |capture ,0.27500704749987004
thrive |thrives ,0.27500704749987004
methodology |methodology ,0.27500704749987004
color |colors ,0.27500704749987004
marketer |Marketers ,0.27500704749987004
growth |growth ,0.27500704749987004
outcome |outcomes ,0.27500704749987004
account |account ,0.27500704749987004
participation |participation ,0.27500704749987004
glance |glance ,0.27500704749987004
kujala |Kujala ,0.27500704749987004
jenifer |Jenifer ,0.27500704749987004
crazy |Crazy ,0.27500704749987004
garrett |Garrett ,0.27500704749987004
act |act ,0.27500704749987004
place |place ,0.27500704749987004
buzzword |buzzword ,0.27500704749987004
extremely |extremely ,0.27500704749987004
infrastructure |infrastructure ,0.27500704749987004
respect |respect ,0.27500704749987004
essence |essence ,0.27500704749987004
proliferation |proliferation ,0.27500704749987004
reach |reach ,0.27500704749987004
karapano |Karapanos ,0.27500704749987004
provider |provider ,0.27500704749987004
subfield |subfield ,0.27500704749987004
collaboration |collaboration ,0.27500704749987004
dictionary |dictionary ,0.27500704749987004
ethnicity |ethnicity ,0.27500704749987004
fisher |Fisher ,0.27500704749987004
symbol |symbols ,0.27500704749987004
brainstorming |brainstorming ,0.27500704749987004
follow-up |follow-up ,0.27500704749987004
importance |importance ,0.27500704749987004
chunking |Chunking ,0.27500704749987004
wiley |Wiley ,0.27500704749987004
kaisa |Kaisa ,0.27500704749987004
engineer |engineers ,0.229172539583225
hcibib |hcibib ,0.20625528562490253
validation |validation ,0.20625528562490253
assistance |Assistance ,0.19643360535705007
implementation |implementation ,0.18333803166658005
stakeholder |stakeholders ,0.18333803166658
analyzing |Analyzing ,0.13750352374993502
nielsen |Nielsen ,0.13750352374993502
basis |basis ,0.13750352374993502
root |roots ,0.13750352374993502
change |changes ,0.13750352374993502
self-evaluation |self-evaluations ,0.13750352374993502
consumer |Consumer ,0.13750352374993502
report |reports ,0.13750352374993502
netherlands |Netherlands ,0.13750352374993502
chandra |Chandra ,0.13750352374993502
technique |technique ,0.13750352374993502
progress |progress ,0.13750352374993502
child |children ,0.13750352374993502
verb |verbs ,0.13750352374993502
permission |permission ,0.13750352374993502
editor |editors ,0.13750352374993502
servicesshare |ServicesShare ,0.13750352374993502
script |script ,0.13750352374993502
thing |things ,0.13750352374993502
dimension |dimensions ,0.13750352374993502
delivery |delivery ,0.13750352374993502
copyright |copyright ,0.13750352374993502
server |server ,0.13750352374993502
travelling |travelling ,0.13750352374993502
albert |Albert ,0.13750352374993502
qualia |Qualia ,0.13750352374993502
entry |entry ,0.13750352374993502
evidence |evidence ,0.13750352374993502
exercise |exercises ,0.13750352374993502
response |response ,0.13750352374993502
phd |PhD ,0.13750352374993502
given |given ,0.13750352374993502
home |home ,0.13750352374993502
quiz |quiz ,0.13750352374993502
difficulty |difficulty ,0.13750352374993502
agreement |agreement ,0.13750352374993502
demographic |demographics ,0.13750352374993502
surprise |surprises ,0.13750352374993502
difficult |difficult ,0.13750352374993502
handful |handful ,0.13750352374993502
download |Download ,0.13750352374993502
survey |Surveys ,0.13750352374993502
boredom |boredom ,0.13750352374993502
peer-evaluation |peer-evaluations ,0.13750352374993502
acceptance |acceptance ,0.13750352374993502
introduction |introduction ,0.13750352374993502
future |Future ,0.13750352374993502
commitment |commitments ,0.13750352374993502
collecting |Collecting ,0.13750352374993502
disclaimer |disclaimer ,0.13750352374993502
course |course ,0.13750352374993502
facebookshare |facebookShare ,0.13750352374993502
default |default ,0.13750352374993502
strategy |strategy ,0.13750352374993502
draper |Draper ,0.13750352374993502
scale |scale ,0.09166901583329003
essential |Essentials ,0.06875176187496751
animation |animation ,0.06875176187496751
large |Large ,0.06875176187496751
attention |attention ,0.06875176187496751
hand |hand ,0.06875176187496751
share |Share ,0.06875176187496751
first |first ,0.045834507916645
emotional |emotional ,0.045834507916645
background |backgrounds ,0.034375880937483755
perspective |perspectives ,0.034375880937483755
performance |performance ,0.027500704749986997
short |short ,0.027500704749986997
ability |ability ,0.022917253958322514
lin |Lin ,0.015278169305548343
age |age ,0.015278169305548343
search |search ,0.0076390846527741715
product system |product system ,0.0
command structure |command structure ,0.0
system virtual |system virtual ,0.0
regular user |regular users ,0.0
targeting measurement |Targeting Measurement ,0.0
product appreciation |product appreciation ,0.0
criticism |criticism ,0.0
opinion essay |opinion essay ,0.0
creativity |creativity ,0.0
managing edit |managing edit ,0.0
personal reflection |personal reflection ,0.0
labeling |Labeling ,0.0
visual perception |visual perception ,0.0
construction |Construction ,0.0
stetson |Stetson ,0.0
recall |recall ,0.0
affinity diagramming |affinity diagramming ,0.0
tutorial |tutorials ,0.0
expansion |expansion ,0.0
sampling overall sample size |sampling overall sample size ,0.0
visibility accessibility legibility |visibility accessibility legibility ,0.0
brand product |brand product ,0.0
originality |originality ,0.0
basic subjective satisfaction |basic subjective satisfaction ,0.0
meaningful manner |meaningful manner ,0.0
choong yee-yin |Choong Yee-Yin ,0.0
techniques series type |techniques series Type ,0.0
device |devices ,0.0
sam |SAMS ,0.0
type meaningful order |type meaningful order ,0.0
circumstance |circumstances ,0.0
mind |Mind ,0.0
end |end ,0.0
valuable aspect |valuable aspects ,0.0
real interface behaviour |real interface behaviour ,0.0
achievement |achievement ,0.0
gestalt psychology |Gestalt psychology ,0.0
design evaluation |design evaluation ,0.0
salvendy |Salvendy ,0.0
grudin j |Grudin J ,0.0
socio-political |Socio-political ,0.0
end user |end users ,0.0
structuring |structuring ,0.0
storyboards prototype |storyboards Prototypes ,0.0
contextual inquiry |contextual inquiry ,0.0
opinion |opinions ,0.0
user experience questionnaire |user experience questionnaire ,0.0
concern |concerns ,0.0
expectation effect |expectation effects ,0.0
skill |skills ,0.0
detailed |detailed ,0.0
effectiveness efficiency |effectiveness efficiency ,0.0
reliability |reliability ,0.0
segmentation |segmentations ,0.0
gather |gathers ,0.0
objective |objectives ,0.0
rise |rise ,0.0
practical experiential affective meaningful |practical experiential affective meaningful ,0.0
hedonic aspect |hedonic aspects ,0.0
guide |guide ,0.0
anticipated use |anticipated use ,0.0
affinity |affinity ,0.0
fact |fact ,0.0
learning curve |learning curve ,0.0
don norman |Don Norman ,0.0
skill level |skill level ,0.0
fun |fun ,0.0
in-the-mind simulation written specification |in-the-mind simulation Written specifications ,0.0
online help |online help ,0.0
effective efficient |effective efficient ,0.0
motivation |motivations ,0.0
technology application |technology applications ,0.0
video game |video games ,0.0
occasional |occasional ,0.0
researcher |researcher ,0.0
scattered user group |scattered user group ,0.0
research methods education |research methods Education ,0.0
access |access ,0.0
donald |Donald ,0.0
small body text |small body text ,0.0
participatory design session |participatory design sessions ,0.0
tutorial information |tutorial information ,0.0
mean |means ,0.0
publication |publication ,0.0
define |define ,0.0
motion graphics design |motion graphics design ,0.0
background increases legibility |background increases legibility ,0.0
cultural issue |cultural issues ,0.0
chapter |chapter ,0.0
small detail |small detail ,0.0
pygmalion effect |Pygmalion effect ,0.0
hierarchy |hierarchy ,0.0
narrative |narrative ,0.0
type |types ,0.0
no replication |no replication ,0.0
empowerment |empowerment ,0.0
target user |target users ,0.0
procedural |procedural ,0.0
look-and-feel |look-and-feel ,0.0
physical characteristic |physical characteristics ,0.0
professor |professor ,0.0
critic |Critics ,0.0
product or service |product or service ,0.0
product service |product service ,0.0
control |control ,0.0
url |url ,0.0
interaction space |interaction space ,0.0
actual user |actual users ,0.0
screen design |screen design ,0.0
unsentimental honest |unsentimental honest ,0.0
benefits edit |Benefits edit ,0.0
insufficient piece |insufficient piece ,0.0
satisfying search |satisfying search ,0.0
hawthorne effect |Hawthorne effect ,0.0
offers principle |offers principles ,0.0
personality |personality ,0.0
ibm |IBM ,0.0
instruction manual computer |Instruction manual computer ,0.0
verbal report |verbal report ,0.0
service product |service product ,0.0
candid descriptor |candid descriptors ,0.0
cax process |CAx processes ,0.0
human factors and ergonomics |human factors and ergonomics ,0.0
efficiency effectiveness |efficiency effectiveness ,0.0
momentary episodic |momentary episodic ,0.0
design graphic mockup |design Graphic mockups ,0.0
job role |job role ,0.0
expert |experts ,0.0
extension |extension ,0.0
non-digital device |non-digital devices ,0.0
italic |italics ,0.0
phrase |phrase ,0.0
theory |theory ,0.0
extent |extent ,0.0
usability navigation menu personal tool |usability Navigation menu Personal tools ,0.0
shared understanding |shared understanding ,0.0
easy navigation |easy navigation ,0.0
response item |Response items ,0.0
date |date ,0.0
critical |critical ,0.0
front |front ,0.0
diversified |diversified ,0.0
user persona |user persona ,0.0
narrative scenario |Narrative Scenarios ,0.0
success |success ,0.0
distinctive |distinctive ,0.0
properly conceived guidelines incorporating business |properly conceived guidelines Incorporating business ,0.0
gestalt |gestalt ,0.0
pedagogy engagement |pedagogy engagement ,0.0
cad cam |CAD CAM ,0.0
power |powers ,0.0
subject matter |subject matter ,0.0
perception |perceptions ,-0.022917253958322482
point |points ,-0.045834507916645
segment |segment ,-0.055001409499973994
instruction |instruction ,-0.08250211424996103
word |words ,-0.09166901583329003
label |labels ,-0.13750352374993502
area |areas ,-0.13750352374993502
location |locations ,-0.13750352374993502
scope |scope ,-0.13750352374993502
video |video ,-0.13750352374993502
sound |sound ,-0.13750352374993502
expectation |Expectations ,-0.13750352374993502
peer |peers ,-0.13750352374993502
site |site ,-0.1546914642186769
human |humans ,-0.18333803166658005
life |life ,-0.27500704749987004
model |Models ,-0.27500704749987004
day |day ,-0.27500704749987004
mode |mode ,-0.27500704749987004
state |states ,-0.8250211424996101
statement |statements ,-0.9625246662495451
ergonomics society |Ergonomics Society ,-1.070389327891398
morgan kaufmann |Morgan Kaufmann ,-1.070389327891398
rating scale |rating scale ,-1.070389327891398
research method |Research Methods ,-1.070389327891398
human computer interaction |human computer interaction ,-1.632268215499513
good design |good design ,-2.140778655782796
