learning |learning ,3.3025619651212343
program |program ,2.9853666525660745
material |materials |material ,2.9309405051716726
user experience design |User Experience Design |user experience design |User experience design ,2.432762756172974
use case |use cases |use case |Use cases ,2.40368600802076
weblei |WEBLEI ,2.3725769605479448
problem |problems |problem ,2.3415857073184183
character |character ,2.2867040430732604
ucd |UCD ,2.249644344091378
research |research ,2.249644344091378
item |items ,2.209340732250558
list |list |List ,2.209340732250558
learning environment |learning environment ,2.209340732250558
user assistance |User assistance |user assistance ,2.203901700052514
world |world ,2.14705366897367
design process |design process ,2.14705366897367
cooper |Cooper ,2.14705366897367
stakeholder group |stakeholder group ,2.075777120732701
job |job ,2.0064414393885537
instrument |Instruments |instrument ,2.0064414393885537
tutor |tutor ,2.0064414393885537
use questionnaire |USE Questionnaire ,2.0064414393885537
usability and user experience |Usability and user experience |usability and user experience ,2.0064414393885537
sus |SUS ,2.0064414393885537
usefulness |usefulness |Usefulness ,2.0064414393885537
guitar |guitar ,1.9853666525660745
factor |factors ,1.9853666525660745
primary stakeholder group |primary stakeholder group ,1.9853666525660745
iso |ISO ,1.868880166401708
society |Society ,1.868880166401708
chapman |Chapman ,1.868880166401708
pruitt |Pruitt ,1.868880166401708
brand |brand ,1.868880166401708
interaction design |interaction design |Interaction Design ,1.868880166401708
milham |Milham ,1.868880166401708
approach |approach |approaches ,1.868880166401708
text |text ,1.868880166401708
jenkinson |Jenkinson ,1.868880166401708
web |Web |web ,1.7768940687294568
chang |Chang ,1.7456318031594364
measuring usability |Measuring Usability ,1.7456318031594364
event |events |event ,1.7154994771041034
graphic design |graphic design ,1.7154994771041034
rhetorical situation |rhetorical situation ,1.7154994771041034
actor |actor ,1.7154994771041034
code |code ,1.7154994771041034
music |music ,1.7154994771041034
ethnographic research |ethnographic research ,1.7154994771041034
solution |solutions |solution ,1.7154994771041034
story |story ,1.7154994771041034
work |work |Work |works ,1.684172082085418
student |students |Students ,1.5920855383975456
description |descriptions ,1.5070395756195103
findability |Findability |findability ,1.5070395756195103
main character |main character ,1.5070395756195103
customerprint |CustomerPrints ,1.5070395756195103
essential use case |essential use cases |essential use case |Essential use cases ,1.5070395756195103
piece |piece ,1.5070395756195103
edge case |Edge Case |edge cases ,1.5070395756195103
team |team ,1.5070395756195103
feeling |feelings ,1.5070395756195103
science |science ,1.5070395756195103
usage |usage ,1.5070395756195103
art |art ,1.5070395756195103
product design |product design |Product Design ,1.5070395756195103
specific |specific ,1.5070395756195103
order |order ,1.5070395756195103
technology |technology |Technology ,1.4908146200115449
experience |Experience |experiences |experience ,1.4594316184040546
persona |personas |Personas |personae |Persona |persona ,1.4594313850828564
edit |edit ,1.452012121924366
link |link |links ,1.4483687364945554
web usability questionnaire |web usability questionnaires ,1.3926997529843965
geneva appraisal questionnaire gaq |Geneva Appraisal Questionnaire GAQ ,1.3926997529843965
email |email ,1.3926997529843965
purdue usability |Purdue Usability ,1.3926997529843965
tobin |Tobin ,1.3926997529843965
daniel k schneider |Daniel K Schneider ,1.3926997529843965
lesson |lesson ,1.3926997529843965
web-based questionnaire |Web-Based Questionnaires ,1.3926997529843965
hcibib |hcibib ,1.3926997529843965
user interface usability evaluation |User Interface Usability Evaluation ,1.3926997529843965
original |original ,1.3926997529843965
web usability |web usability ,1.3926997529843965
course |course ,1.3926997529843965
fisher |Fisher ,1.3926997529843965
subject content |subject content ,1.3926997529843965
individual |individual |individuals ,1.345978004450516
interface |interfaces |interface ,1.2867040430732606
situation |situation ,1.2867040430732606
scenario |scenario |Scenarios |scenarios ,1.2496443440913783
detail |detail |details |Details ,1.2496443440913783
organization |organization |organizations |Organization ,1.2127407602871738
page |page |Pages ,1.2127407602871738
role |role ,1.2093407322505576
user group |user group ,1.2093407322505576
developer |developer |developers ,1.2093407322505576
designing |Designing ,1.2093407322505576
assistance |Assistance ,1.2093407322505576
sheet music |sheet music ,1.2093407322505576
feedback |feedback ,1.2093407322505576
procedure |procedure |procedures ,1.2093407322505576
average |average ,1.2093407322505576
cooperative design |Cooperative Design |Cooperative design ,1.2093407322505576
communication |communication ,1.2093407322505576
real user |real users ,1.2093407322505576
alford |Alford ,1.2093407322505576
relation |relation ,1.2093407322505576
practitioner |practitioners |Practitioner ,1.2093407322505576
branding |branding ,1.2093407322505576
adlin |Adlin ,1.2093407322505576
bit |bits ,1.2093407322505576
knowledge |knowledge ,1.2093407322505576
human system interaction |human system interaction |Human System Interaction ,1.2093407322505576
miller |Miller ,1.2093407322505576
r nkk |R nkk ,1.2093407322505576
elrif |Elrif |ElRif ,1.2093407322505576
evaluation |Evaluation |evaluation ,1.2093407322505576
product lifecycle management |product lifecycle management ,1.2093407322505576
interaction designer |interaction designer |Interaction Designers ,1.2093407322505576
requirement |requirements ,1.2093407322505576
thinking |thinking ,1.2093407322505576
love |Love ,1.2093407322505576
object |objects ,1.2093407322505576
interactive |interactive ,1.2093407322505576
error |errors |error ,1.2093407322505576
audience |audience |Audience ,1.2039017000525136
marketing |marketing |Marketing ,1.14705366897367
action |action |actions ,1.14705366897367
needed |needed ,1.14705366897367
system |systems |system ,1.1352318658021743
case |Cases |cases |case ,1.13358178091763
easier |easier ,1.1305369763829474
satisfaction |Satisfaction |satisfaction ,1.1305369763829474
task |task |Tasks |tasks ,1.1234514400425852
group |group |groups ,1.1108346612856117
questionnaire |questionnaire |Questionnaires |questionnaires ,1.0952613991029425
emotion |emotions ,1.0757771207327012
term user experience |term user experience ,1.0757771207327012
analysis |Analysis |analysis ,1.0757771207327012
norman |Norman ,1.0757771207327012
document |document |documents ,1.063826269661638
aspect |aspect |aspects ,1.0399284745632507
online |Online |online ,0.9949630638106829
tool |tools |tool ,0.9853666525660746
information architecture |information architecture ,0.9853666525660746
manual |manual |manuals ,0.9853666525660746
characteristic |characteristics ,0.9853666525660746
focus |focus ,0.9853666525660746
field |field |fields ,0.9472064879192118
function |functions ,0.9220770748983541
interest |interests |interest ,0.9220770748983541
study |study ,0.9060646406448621
environment |environment |environments ,0.8819736051651512
autonomy |autonomy ,0.8708325414793163
change |changes ,0.8708325414793163
web based material |web based material |web based materials ,0.8708325414793163
online service |online service |Online service ,0.8708325414793163
flexibility |flexibility ,0.8708325414793163
scale |scale ,0.8708325414793163
chandra |Chandra ,0.8708325414793163
assignment |assignment |assignments ,0.8708325414793163
child |children ,0.8708325414793163
end |end ,0.8708325414793163
information structure |Information structure |information structure ,0.8708325414793163
presentation |presentation ,0.8708325414793163
script |script ,0.8708325414793163
perceived ease |perceived ease ,0.8708325414793163
objective |objectives ,0.8708325414793163
fun |fun ,0.8708325414793163
learning approach |learning approach ,0.8708325414793163
stub |stub ,0.8708325414793163
mistake |mistakes ,0.8708325414793163
hcibib org |hcibib org ,0.8708325414793163
higher education |higher education ,0.8708325414793163
response |response ,0.8708325414793163
traditional classroom approach |traditional classroom approach ,0.8708325414793163
short |short ,0.8708325414793163
difficulty |difficulty ,0.8708325414793163
inconsistency |inconsistency ,0.8708325414793163
download |Download ,0.8708325414793163
control |control ,0.8708325414793163
geneva emotion research group |Geneva Emotion Research Group ,0.8708325414793163
survey |Surveys ,0.8708325414793163
lin |Lin ,0.8708325414793163
online learning |online learning ,0.8708325414793163
seven-point likert rating scale |seven-point Likert rating scales ,0.8708325414793163
technical person |technical person ,0.8708325414793163
extremely |extremely ,0.8708325414793163
perception |perceptions ,0.8708325414793163
share |Share ,0.8708325414793163
draper |Draper ,0.8708325414793163
feature |features |Features ,0.8688801664017082
discipline |disciplines |discipline ,0.8688801664017082
standard |standards |standard ,0.8688801664017082
proceeding |Proceedings ,0.8688801664017082
hci |HCI ,0.8688801664017082
source |sources ,0.8688801664017082
principle |principles ,0.8688801664017082
process |process ,0.8616435949559694
designer |designer |designers ,0.8522681828384311
ease |Ease |ease ,0.8251255740863076
element |Elements |elements ,0.8073457594487811
goal |goals |goal ,0.7935799135399592
structure |structure ,0.7876144598267886
subject |subject ,0.7876144598267886
imaginary |Imaginary ,0.7456318031594363
product system |product system ,0.7456318031594363
f real |F Real ,0.7456318031594363
designing pleasurable product |Designing Pleasurable Products ,0.7456318031594363
dead external link |dead external links ,0.7456318031594363
momentary emotion |Momentary emotion ,0.7456318031594363
column |columns ,0.7456318031594363
business |business ,0.7456318031594363
user experience edit |user experience edit ,0.7456318031594363
smaller bit |smaller bits ,0.7456318031594363
small task |small task ,0.7456318031594363
analysis tool |Analysis tools ,0.7456318031594363
interactive product |interactive products |interactive product ,0.7456318031594363
bad design |bad design |bad designs ,0.7456318031594363
social |social ,0.7456318031594363
branch |branch ,0.7456318031594363
note |note ,0.7456318031594363
practical implementation |practical implementation ,0.7456318031594363
clarification |clarification ,0.7456318031594363
hassenzahl |Hassenzahl ,0.7456318031594363
truffle |Truffles ,0.7456318031594363
jim miller |Jim Miller ,0.7456318031594363
game design |game design ,0.7456318031594363
engagement |engagement ,0.7456318031594363
song |song ,0.7456318031594363
effect |effect ,0.7456318031594363
archetype user |archetype users ,0.7456318031594363
paper |Paper ,0.7456318031594363
issue |issues ,0.7456318031594363
user manual |user manual ,0.7456318031594363
freedom |freedom ,0.7456318031594363
accessdate |accessdate ,0.7456318031594363
quantitative evaluation |Quantitative evaluation ,0.7456318031594363
creation |creation ,0.7456318031594363
influence |Influences ,0.7456318031594363
similar |similar ,0.7456318031594363
contextual design |Contextual Design |Contextual design ,0.7456318031594363
text messaging |text messaging ,0.7456318031594363
user requirement |User requirements |user requirements ,0.7456318031594363
real life |real life ,0.7456318031594363
stage |stage ,0.7456318031594363
digital |digital ,0.7456318031594363
fact |fact ,0.7456318031594363
external link |External links ,0.7456318031594363
entire code |entire code ,0.7456318031594363
tasks and goal |tasks and goals ,0.7456318031594363
navigational element |navigational elements |Navigational elements ,0.7456318031594363
long-term |long-term ,0.7456318031594363
person s perception |person s perceptions ,0.7456318031594363
daily life |daily life ,0.7456318031594363
york |York ,0.7456318031594363
actor world |Actor World ,0.7456318031594363
inclusive design |Inclusive Design ,0.7456318031594363
physical |physical ,0.7456318031594363
ucd process |UCD process ,0.7456318031594363
bill |Bill ,0.7456318031594363
law |Law ,0.7456318031594363
style editing |style editing ,0.7456318031594363
entire design process |entire design process ,0.7456318031594363
visual communication |visual communication ,0.7456318031594363
efficiency |efficiency ,0.7456318031594363
grudin |Grudin ,0.7456318031594363
imaginal |imaginal ,0.7456318031594363
edit cooper |edit Cooper ,0.7456318031594363
product development |product development ,0.7456318031594363
irish ergonomics society annual conference |Irish Ergonomics Society Annual Conference ,0.7456318031594363
field research |field research ,0.7456318031594363
localization |localization ,0.7456318031594363
existence |existence ,0.7456318031594363
mapping |mapping ,0.7456318031594363
smaller task |smaller tasks ,0.7456318031594363
pruitt and adlin |Pruitt and Adlin ,0.7456318031594363
ogilvyone |OgilvyOne ,0.7456318031594363
beginning |beginning ,0.7456318031594363
definition |definitions ,0.7456318031594363
image |images ,0.7456318031594363
pragmatic |pragmatic ,0.7456318031594363
primary stakeholder user |primary stakeholder user ,0.7456318031594363
dublin |Dublin ,0.7456318031594363
peter |Peter ,0.7456318031594363
act |act ,0.7456318031594363
place |place ,0.7456318031594363
affective factor |affective factors ,0.7456318031594363
scenario-based design |Scenario-Based Design ,0.7456318031594363
helpline |helpline |Helpline ,0.7456318031594363
product system or service |product system or service ,0.7456318031594363
portigal |Portigal ,0.7456318031594363
empirical result |empirical results ,0.7456318031594363
journal |Journal ,0.7456318031594363
shift |shift ,0.7456318031594363
customer segment |customer segments ,0.7456318031594363
importance |importance ,0.7456318031594363
communication design |communication design ,0.7456318031594363
product lifecycle management system |product lifecycle management systems ,0.7456318031594363
strategy |strategy ,0.7456318031594363
participatory design |Participatory Design |participatory design ,0.7154994771041034
finding |findings |finding |Finding ,0.7154994771041034
ergonomics |ergonomics |Ergonomics ,0.7154994771041034
language |languages |language ,0.7154994771041034
customer |Customers |customers ,0.7154994771041034
practice |practices |practice ,0.7154994771041034
accessibility |Accessibility |accessibility ,0.7154994771041034
visual design |Visual design |visual design ,0.7114031423283493
development |development |developments ,0.6646818433702218
use |use |Use ,0.6518631370388647
education |education ,0.6243782315294015
computer |computer |Computers ,0.6243782315294015
effectiveness |effectiveness |Effectiveness ,0.6243782315294015
graphic |graphics ,0.6243782315294015
human-computer interaction |Human-Computer Interaction |Human-Computer Interactions |human-computer interaction |Human-computer interaction ,0.6189391993313574
article |articles |article |Articles ,0.613554850491923
application |application |applications ,0.6090124102843099
software |software ,0.5545016473930088
project |projects |project ,0.5469520715143458
website |website |websites ,0.5095362366404411
topic |topic ,0.5070395756195102
attitude |attitudes ,0.5070395756195102
assumption |assumptions ,0.5070395756195102
constraint |constraints |constraint ,0.5070395756195102
level |levels ,0.5070395756195102
unsourced statement |unsourced statements ,0.5070395756195102
reference |references ,0.5070395756195102
alan |Alan ,0.5070395756195102
limitation |limitations ,0.5070395756195102
additional reference |additional references ,0.5070395756195102
part |part |Part ,0.5070395756195102
consideration |considerations |consideration ,0.5070395756195102
stakeholder |stakeholders ,0.5070395756195102
book |books |book ,0.49081462001154486
testing |testing ,0.49081462001154486
user-centered design |User-centered design |user-centered design |User-Centered Design ,0.43723068355958733
help |help ,0.43276275617297394
behaviour |behaviour |Behaviour ,0.4214789386673975
member |member |members ,0.4214789386673975
organisation |organisation |organisations ,0.4214789386673975
layout |layout ,0.4214789386673975
purpose |purposes |Purpose |purpose ,0.42063781347462037
form |form |forms ,0.42063781347462037
example |Example |example |examples ,0.39654677799490956
people |people |People ,0.39654677799490956
web site |web sites |web site ,0.39357138221674104
addition |additions |addition ,0.2978218154241805
design |designs |design |Design ,0.28950661719498505
user experience |User Experience |user experience |User Experiences |User experience ,0.2895066083425916
usability |usability |Usability ,0.2894992266028511
information |Information |information ,0.28892602833148706
interaction |interaction |interactions ,0.2887439412382496
product |product |products ,0.2874325066683436
question |questions |question ,0.283917665680552
service |services |service ,0.283917665680552
human factor |Human factors |human factors |Human Factors ,0.2684221986750968
context |Context |context |contexts ,0.26027381326177534
donald norman |Donald Norman ,0.2093407322505577
following |following |Following ,0.2093407322505577
human face |human face ,0.2093407322505577
decision |decisions ,0.2093407322505577
design team |design team |design teams ,0.2093407322505577
benefit |benefits ,0.2093407322505577
understanding |understanding ,0.2093407322505577
message |message ,0.2093407322505577
fictional character |fictional characters |fictional character ,0.2093407322505577
donald |Donald ,0.2093407322505577
component |component |components ,0.2093407322505577
everyday thing |Everyday Things ,0.2093407322505577
asylum |Asylum ,0.2093407322505577
user research |User Research |user research ,0.2093407322505577
industrial design |industrial design ,0.2093407322505577
iso standard |ISO standard ,0.2093407322505577
unit |units ,0.2093407322505577
inmate |Inmates ,0.2093407322505577
person |person |persons ,0.2039017000525136
section |section ,0.1851114807321479
method |methods |Method |method ,0.18229204247475866
support |support ,0.16066930243828023
information technology |Information Technology |information technology ,0.16066930243828023
table |table ,0.16066930243828023
sense |sense ,0.16066930243828023
friend |friends |friend ,0.16066930243828023
behavior |behavior ,0.13053697638294726
citation |citations ,0.13053697638294726
user interface |user interface ,0.13053697638294726
thing |things ,0.050648865660582305
set |set ,0.050648865660582305
result |results ,0.050648865660582305
psychology |Psychology |psychology ,0.050648865660582305
user |Users |users |user ,0.0
term |term |terms ,-0.006773231779759327
concept |concept |concepts ,-0.00965166104927411
analyzing |Analyzing ,-0.0650802857102558
socio-political and organization |Socio-political and organization ,-0.0650802857102558
environments research |Environments Research ,-0.0650802857102558
original page |original page ,-0.0650802857102558
basis |basis ,-0.0650802857102558
self-evaluation |self-evaluations ,-0.0650802857102558
regular user |regular users ,-0.0650802857102558
satisfaction and achievement |satisfaction and achievement ,-0.0650802857102558
label |labels ,-0.0650802857102558
creativity |creativity ,-0.0650802857102558
perceived usefulness |Perceived usefulness ,-0.0650802857102558
no inactive link |no inactive links ,-0.0650802857102558
presenting usability metric |Presenting Usability Metrics ,-0.0650802857102558
acronym instrument reference institution example quis questionnaire |Acronym Instrument Reference Institution Example QUIS Questionnaire ,-0.0650802857102558
system usability scale sus |System Usability Scale SUS ,-0.0650802857102558
connecting communities learning ccl |Connecting Communities Learning CCL ,-0.0650802857102558
hcibib org perlman question cgi |hcibib org perlman question cgi ,-0.0650802857102558
stetson |Stetson ,-0.0650802857102558
recall |recall ,-0.0650802857102558
world wide web |world wide web ,-0.0650802857102558
positive attitude |positive attitude ,-0.0650802857102558
open-ended positive negative comment |open-ended positive negative comments ,-0.0650802857102558
online material |online material ,-0.0650802857102558
netherlands |Netherlands ,-0.0650802857102558
generic usability survey instrument |generic usability survey instruments ,-0.0650802857102558
s attribute |s Attributes ,-0.0650802857102558
proceedings western australian institute |Proceedings Western Australian Institute ,-0.0650802857102558
originality |originality ,-0.0650802857102558
life |life ,-0.0650802857102558
usability methods and techniques series type |usability methods and techniques series Type ,-0.0650802857102558
progress |progress ,-0.0650802857102558
questionnaire lin et al |Questionnaire Lin et al ,-0.0650802857102558
choong yee-yin |Choong Yee-Yin ,-0.0650802857102558
web-based questionnaires page |Web-Based Questionnaires page ,-0.0650802857102558
logical sequence |logical sequence ,-0.0650802857102558
help main page recent change |help Main Page Recent changes ,-0.0650802857102558
darrell l fisher |Darrell L Fisher ,-0.0650802857102558
learning environment instrument |learning environment instrument ,-0.0650802857102558
techniques series type |techniques series Type ,-0.0650802857102558
four core aspect |four core aspects ,-0.0650802857102558
no problem |no problems ,-0.0650802857102558
research methods education and instruction |research methods Education and instruction ,-0.0650802857102558
learning-friendly environment |learning-friendly environments ,-0.0650802857102558
choong yee-yin and salvendy |Choong Yee-Yin and Salvendy ,-0.0650802857102558
use davis |Use Davis ,-0.0650802857102558
igi global |IGI Global ,-0.0650802857102558
customizable web-based perl |customizable Web-based perl ,-0.0650802857102558
standard user interface evaluation questionnaire form |standard user interface evaluation questionnaire forms ,-0.0650802857102558
citizen science |Citizen science ,-0.0650802857102558
achievement |achievement ,-0.0650802857102558
permission |permission ,-0.0650802857102558
epub big brother new pages contribution scores popular page |ePub big brother New Pages Contribution scores Popular Pages ,-0.0650802857102558
salvendy |Salvendy ,-0.0650802857102558
use questionnaire author |USE Questionnaire Author ,-0.0650802857102558
user interfaces root draper |user interfaces Root Draper ,-0.0650802857102558
socio-political |Socio-political ,-0.0650802857102558
han x |Han X ,-0.0650802857102558
sample sizes tullis and stetson |sample sizes Tullis and Stetson ,-0.0650802857102558
visual design and layout |visual design and layout ,-0.0650802857102558
web-based usability evaluation questionnaire |web-based usability evaluation questionnaires ,-0.0650802857102558
email fax bulletin board |email fax bulletin boards ,-0.0650802857102558
editor |editors ,-0.0650802857102558
enough information |enough information ,-0.0650802857102558
specific web usability questionnaire |specific web usability questionnaires ,-0.0650802857102558
draft interaction design |Draft Interaction design ,-0.0650802857102558
servicesshare |ServicesShare ,-0.0650802857102558
edutech wiki usability |EduTech Wiki Usability ,-0.0650802857102558
perl script |Perl scripts ,-0.0650802857102558
s heuristic evaluation nielsen |s Heuristic Evaluation Nielsen ,-0.0650802857102558
privacy policy |Privacy policy ,-0.0650802857102558
area |areas ,-0.0650802857102558
dimension |dimensions ,-0.0650802857102558
cc by-nc-sa licence |CC BY-NC-SA Licence ,-0.0650802857102558
sample sizes tulli |sample sizes Tullis ,-0.0650802857102558
delivery |delivery ,-0.0650802857102558
vjollca ahmeti |Vjollca Ahmeti ,-0.0650802857102558
version tecfa links page |Version TECFA Links Page ,-0.0650802857102558
electronic survey |Electronic Surveys ,-0.0650802857102558
multimedia technology eg animation |multimedia technology eg animation ,-0.0650802857102558
short or insufficient piece |short or insufficient piece ,-0.0650802857102558
location |locations ,-0.0650802857102558
reliability |reliability ,-0.0650802857102558
campus class attendance |campus class attendance ,-0.0650802857102558
statement |statements ,-0.0650802857102558
scope |scope ,-0.0650802857102558
klaus r scherer |Klaus R Scherer ,-0.0650802857102558
copyright |copyright ,-0.0650802857102558
job performance |job performance ,-0.0650802857102558
first three aspect |first three aspects ,-0.0650802857102558
small variant |small variants ,-0.0650802857102558
future perspective |future perspective ,-0.0650802857102558
first six item |first six items ,-0.0650802857102558
online interface |online interface ,-0.0650802857102558
special content |Special contents ,-0.0650802857102558
science education |science education ,-0.0650802857102558
customize system |customize system ,-0.0650802857102558
questionnaire putq author |Questionnaire PUTQ Author ,-0.0650802857102558
server |server ,-0.0650802857102558
learning survey |learning surveys ,-0.0650802857102558
travelling |travelling ,-0.0650802857102558
occasional |occasional ,-0.0650802857102558
pdf printable version tool |PDF Printable version Tools ,-0.0650802857102558
f d davis |F D Davis ,-0.0650802857102558
user experience and usability navigation menu personal tool |user experience and usability Navigation menu Personal tools ,-0.0650802857102558
research methods education |research methods Education ,-0.0650802857102558
learning process |learning process ,-0.0650802857102558
relative usability |Relative Usability ,-0.0650802857102558
albert |Albert ,-0.0650802857102558
stubs ergonomics |Stubs Ergonomics ,-0.0650802857102558
administrator email |administrator email ,-0.0650802857102558
word |words ,-0.0650802857102558
final aspect |final aspect ,-0.0650802857102558
young child |young children ,-0.0650802857102558
jurek kirakowski |Jurek Kirakowski ,-0.0650802857102558
affective appeal |affective appeal ,-0.0650802857102558
fewest step |fewest steps ,-0.0650802857102558
qualia |Qualia ,-0.0650802857102558
entry |entry ,-0.0650802857102558
specific website |specific websites ,-0.0650802857102558
video |video ,-0.0650802857102558
reliable result |reliable results ,-0.0650802857102558
international handbook |International handbook ,-0.0650802857102558
introduction page |Introduction Page ,-0.0650802857102558
secondary school |secondary school ,-0.0650802857102558
five-point response item |five-point response items ,-0.0650802857102558
large pool |large pool ,-0.0650802857102558
asynchronous nature |asynchronous nature ,-0.0650802857102558
qualititative perception |Qualititative perceptions ,-0.0650802857102558
evidence |evidence ,-0.0650802857102558
exercise |exercises ,-0.0650802857102558
b j fraser k g tobin |B J Fraser K G Tobin ,-0.0650802857102558
phd |PhD ,-0.0650802857102558
user attitude |user attitudes ,-0.0650802857102558
home |home ,-0.0650802857102558
quiz |quiz ,-0.0650802857102558
design aspect |design aspect ,-0.0650802857102558
rating scale |rating scale ,-0.0650802857102558
usability evaluation perlman |Usability Evaluation Perlman ,-0.0650802857102558
scenario questionnaire lewis |Scenario Questionnaire Lewis ,-0.0650802857102558
validation and application |validation and application ,-0.0650802857102558
occasional and regular user |occasional and regular users ,-0.0650802857102558
book download |book Download ,-0.0650802857102558
agreement |agreement ,-0.0650802857102558
empowerment |empowerment ,-0.0650802857102558
edutech wiki jump |EduTech Wiki Jump ,-0.0650802857102558
surprise |surprises ,-0.0650802857102558
v s chang |V S Chang ,-0.0650802857102558
electronic form perlman |electronic form Perlman ,-0.0650802857102558
united kingdom |United Kingdom ,-0.0650802857102558
handful |handful ,-0.0650802857102558
afke donker |Afke Donker ,-0.0650802857102558
sound |sound ,-0.0650802857102558
no difficulty |no difficulty ,-0.0650802857102558
quynh le |Quynh Le ,-0.0650802857102558
expectation |Expectations ,-0.0650802857102558
different software system |Different Software Systems ,-0.0650802857102558
consumer product |consumer products ,-0.0650802857102558
stc usability sig newsletter |STC Usability SIG Newsletter ,-0.0650802857102558
technology-rich learning environment |Technology-rich learning environments ,-0.0650802857102558
given period |given period ,-0.0650802857102558
popular questionnaire |popular questionnaires ,-0.0650802857102558
hcbib org |hcbib org ,-0.0650802857102558
insufficient piece |insufficient piece ,-0.0650802857102558
original link |original links ,-0.0650802857102558
validity and or reliability |validity and or reliability ,-0.0650802857102558
thao le |Thao Le ,-0.0650802857102558
boredom |boredom ,-0.0650802857102558
article or section |article or section ,-0.0650802857102558
originality and creativity |originality and creativity ,-0.0650802857102558
peer-evaluation |peer-evaluations ,-0.0650802857102558
educational technology |Educational technology ,-0.0650802857102558
user acceptance |user acceptance ,-0.0650802857102558
verbal report |verbal report ,-0.0650802857102558
usability nielsen |Usability Nielsen ,-0.0650802857102558
proposed index |Proposed Index ,-0.0650802857102558
learning goal |learning goals ,-0.0650802857102558
information science reference |Information Science Reference ,-0.0650802857102558
d fisher |D Fisher ,-0.0650802857102558
vrije universiteit |Vrije Universiteit ,-0.0650802857102558
real article |real article ,-0.0650802857102558
specific emotional episode |specific emotional episode ,-0.0650802857102558
help system |Help system ,-0.0650802857102558
user inputs proceeding |User Inputs Proceedings ,-0.0650802857102558
commitment |commitments ,-0.0650802857102558
chat line |chat line ,-0.0650802857102558
pedagogy engagement and empowerment |pedagogy engagement and empowerment ,-0.0650802857102558
frequently asked question |Frequently Asked Questions ,-0.0650802857102558
arnold m lund |Arnold M Lund ,-0.0650802857102558
word system |word system ,-0.0650802857102558
website unnecessarily complex |website unnecessarily complex ,-0.0650802857102558
human-computer interaction interaction design |human-computer interaction Interaction design ,-0.0650802857102558
usability navigation menu personal tool |usability Navigation menu Personal tools ,-0.0650802857102558
peer |peers ,-0.0650802857102558
recall and verbal report |recall and verbal report ,-0.0650802857102558
technology resource |technology resources ,-0.0650802857102558
substantial attention |substantial attention ,-0.0650802857102558
following section |following section ,-0.0650802857102558
research method |Research Methods ,-0.0650802857102558
background information section |background information sections ,-0.0650802857102558
response item |Response items ,-0.0650802857102558
written instruction |written instructions ,-0.0650802857102558
group project |group project ,-0.0650802857102558
blended web-based learning environment |blended web-based learning environment ,-0.0650802857102558
usability and design |usability and Design ,-0.0650802857102558
collecting |Collecting ,-0.0650802857102558
random page |Random page ,-0.0650802857102558
kluwer academic publisher |Kluwer Academic Publishers ,-0.0650802857102558
position paper |Position paper ,-0.0650802857102558
instruction |instruction ,-0.0650802857102558
tutorials print export |Tutorials Print export ,-0.0650802857102558
edutechwiki unige ch mediawiki index php |edutechwiki unige ch mediawiki index php ,-0.0650802857102558
facebookshare |facebookShare ,-0.0650802857102558
regular web based lesson |regular web based lessons ,-0.0650802857102558
usability method |usability methods ,-0.0650802857102558
mode |mode ,-0.0650802857102558
educational software |educational software ,-0.0650802857102558
rules blog dks share |rules Blog DKS Share ,-0.0650802857102558
point |points ,-0.0650802857102558
tutor respond |tutor responds ,-0.0650802857102558
user interface satisfaction chin et al |User Interface Satisfaction Chin et al ,-0.0650802857102558
pedagogy engagement |pedagogy engagement ,-0.0650802857102558
web-based questionnaires author |Web-Based Questionnaires Author ,-0.0650802857102558
emotion cpm |Emotion CPM ,-0.0650802857102558
edutech wiki disclaimer |EduTech Wiki Disclaimers ,-0.0650802857102558
chandra vinesh |Chandra Vinesh ,-0.0650802857102558
default |default ,-0.0650802857102558
starting point |starting point ,-0.0650802857102558
interactive system |interactive system |interactive systems |Interactive Systems ,-0.07792292510164595
content |content |contents |Contents ,-0.0808892043761819
affinity diagramming and participatory design session |affinity diagramming and participatory design sessions ,-0.12916745852068373
v n nen-vainio-mattila |V n nen-Vainio-Mattila ,-0.12916745852068373
s learning curve |s learning curve ,-0.12916745852068373
effective efficient and satisfying search |effective efficient and satisfying search ,-0.12916745852068373
freely available questionnaire |freely available questionnaire ,-0.12916745852068373
uxdesign |uxdesign ,-0.12916745852068373
easy navigation and findability |easy navigation and findability ,-0.12916745852068373
nielsen |Nielsen ,-0.12916745852068373
brand pricing |brand pricing ,-0.12916745852068373
fictional personal detail |fictional personal details ,-0.12916745852068373
further imagination |further imagination ,-0.12916745852068373
regard |regard ,-0.12916745852068373
mcgraw hill |McGraw Hill ,-0.12916745852068373
designer or developer |designer or developer ,-0.12916745852068373
complicated task |complicated task ,-0.12916745852068373
intricate detail |intricate details ,-0.12916745852068373
kort |Kort ,-0.12916745852068373
language edit |Language edit ,-0.12916745852068373
carla willig |Carla Willig ,-0.12916745852068373
design consideration |design considerations ,-0.12916745852068373
adaptive path |Adaptive Path ,-0.12916745852068373
conversation |Conversation ,-0.12916745852068373
command structure |command structure ,-0.12916745852068373
well-written text |well-written texts ,-0.12916745852068373
sweden |Sweden ,-0.12916745852068373
tribe |tribe ,-0.12916745852068373
important element |Important elements ,-0.12916745852068373
system virtual |system virtual ,-0.12916745852068373
qualitative research |qualitative research ,-0.12916745852068373
systems requirement |systems requirements ,-0.12916745852068373
laugwitz b schrepp m held |Laugwitz B Schrepp M Held ,-0.12916745852068373
investigative method |investigative methods ,-0.12916745852068373
design principle |design principles ,-0.12916745852068373
average-case scenario |average-case scenario ,-0.12916745852068373
exact definition |exact definition ,-0.12916745852068373
key click |key click ,-0.12916745852068373
root |roots ,-0.12916745852068373
brand buyer |brand buyers ,-0.12916745852068373
multidisciplinary skills and perspective |multidisciplinary skills and perspectives ,-0.12916745852068373
consumer |Consumer ,-0.12916745852068373
content inventory wireframes screen blueprint |Content Inventory Wireframes screen blueprints ,-0.12916745852068373
targeting measurement |Targeting Measurement ,-0.12916745852068373
customer base |customer base ,-0.12916745852068373
austin henderson |Austin Henderson ,-0.12916745852068373
search user experience ux |search User Experience UX ,-0.12916745852068373
average joe |average joe ,-0.12916745852068373
product appreciation |product appreciation ,-0.12916745852068373
search user-centered design ucd |search User-centered design UCD ,-0.12916745852068373
criticism |criticism ,-0.12916745852068373
digital and non-digital device |digital and non-digital devices ,-0.12916745852068373
opinion essay |opinion essay ,-0.12916745852068373
noted pioneer software developer |noted pioneer software developer ,-0.12916745852068373
north american term |North American term ,-0.12916745852068373
pruitt et al |Pruitt et al ,-0.12916745852068373
similar bulk-text situation |similar bulk-text situations ,-0.12916745852068373
design experience |design experiences ,-0.12916745852068373
main research question |main research questions ,-0.12916745852068373
development and validation |development and validation ,-0.12916745852068373
google books further reading edit |Google Books Further reading edit ,-0.12916745852068373
george olsen usable persona academic tool |George Olsen Usable Persona Academic Tool ,-0.12916745852068373
inference |inference ,-0.12916745852068373
hci design designing pleasurable product |HCI Design Designing Pleasurable Products ,-0.12916745852068373
managing edit |managing edit ,-0.12916745852068373
technical library |Technical library ,-0.12916745852068373
miramontes computing |Miramontes Computing ,-0.12916745852068373
report |reports ,-0.12916745852068373
primary stakeholder user group |primary stakeholder user group ,-0.12916745852068373
legibility edit text |Legibility edit Text ,-0.12916745852068373
experience design uxd |experience design UXD ,-0.12916745852068373
persona fictitious user |Persona Fictitious users ,-0.12916745852068373
novice analyst |novice analyst ,-0.12916745852068373
paper form |paper form ,-0.12916745852068373
verification |verification ,-0.12916745852068373
attributes e g |attributes e g ,-0.12916745852068373
allaboutux org law |AllAboutUX org Law ,-0.12916745852068373
personal reflection |personal reflection ,-0.12916745852068373
roi |ROI ,-0.12916745852068373
additional citation |additional citations ,-0.12916745852068373
design evaluation and implementation |design evaluation and implementation ,-0.12916745852068373
organizational issue |organizational issues ,-0.12916745852068373
usability practitioner |usability practitioners ,-0.12916745852068373
contextual inquiry design thinking empathic design human-centered computing |Contextual inquiry Design Thinking Empathic design Human-centered computing ,-0.12916745852068373
ux design defined |UX Design Defined ,-0.12916745852068373
user experience and product appreciation |user experience and product appreciation ,-0.12916745852068373
software product |software product ,-0.12916745852068373
labeling |Labeling ,-0.12916745852068373
visual perception |visual perception ,-0.12916745852068373
critical success factor |critical success factor ,-0.12916745852068373
construction |Construction ,-0.12916745852068373
type meaningful order or hierarchy |type meaningful order or hierarchy ,-0.12916745852068373
information and feature |information and features ,-0.12916745852068373
anti-persona |anti-persona ,-0.12916745852068373
computer software |computer software ,-0.12916745852068373
single archetypal user |single archetypal users ,-0.12916745852068373
improvement |improvement ,-0.12916745852068373
technical communication ad-hoc personas empathetic focus essay |Technical Communication Ad-Hoc Personas Empathetic Focus essay ,-0.12916745852068373
finding and managing edit |Finding and managing edit ,-0.12916745852068373
fable |Fable ,-0.12916745852068373
designs feature |designs Features ,-0.12916745852068373
proposed solution |Proposed solutions ,-0.12916745852068373
font style |font style ,-0.12916745852068373
different form |different forms ,-0.12916745852068373
writer |writers ,-0.12916745852068373
wide use |wide use ,-0.12916745852068373
simplified average |simplified averages ,-0.12916745852068373
affinity diagramming |affinity diagramming ,-0.12916745852068373
clothes |clothes ,-0.12916745852068373
great user experience |great user experience ,-0.12916745852068373
tutorial |tutorials ,-0.12916745852068373
actual user s reality |actual user s reality ,-0.12916745852068373
large or small body text |Large or small body text ,-0.12916745852068373
acting |acting ,-0.12916745852068373
responsibilities goal |responsibilities goals ,-0.12916745852068373
no additional |no additional ,-0.12916745852068373
workplace computer |workplace computers ,-0.12916745852068373
expansion |expansion ,-0.12916745852068373
ucd principle |UCD principles ,-0.12916745852068373
usability people |Usability people ,-0.12916745852068373
main target |main target ,-0.12916745852068373
human s ability |human s ability ,-0.12916745852068373
computer system |Computer Systems ,-0.12916745852068373
similar user-centered design field |similar user-centered design fields ,-0.12916745852068373
edit buxton |edit Buxton ,-0.12916745852068373
san francisco |San Francisco ,-0.12916745852068373
art and science |art and science ,-0.12916745852068373
efficiency effectiveness and basic subjective satisfaction |efficiency effectiveness and basic subjective satisfaction ,-0.12916745852068373
grammar |grammar ,-0.12916745852068373
infancy |infancy ,-0.12916745852068373
identification |identification ,-0.12916745852068373
grudin and pruitt |Grudin and Pruitt ,-0.12916745852068373
personas edit |Personas edit ,-0.12916745852068373
detailed and properly conceived guidelines incorporating business |detailed and properly conceived guidelines Incorporating business ,-0.12916745852068373
product service or process |product service or process ,-0.12916745852068373
technique |technique ,-0.12916745852068373
generalized user |generalized user ,-0.12916745852068373
focus group |focus groups ,-0.12916745852068373
website user experience |website user experience ,-0.12916745852068373
evangelo |Evangelos ,-0.12916745852068373
user experience questionnaire ueq |User Experience Questionnaire UEQ ,-0.12916745852068373
year |years ,-0.12916745852068373
pen portrait |pen portraits ,-0.12916745852068373
aesthetics or look-and-feel |aesthetics or look-and-feel ,-0.12916745852068373
entire practice |entire practice ,-0.12916745852068373
distinct group |distinct groups ,-0.12916745852068373
practical matter |practical matter ,-0.12916745852068373
sampling overall sample size |sampling overall sample size ,-0.12916745852068373
subject matter expert |subject matter expert ,-0.12916745852068373
existing best practice |existing best practice ,-0.12916745852068373
designers edit |Designers edit ,-0.12916745852068373
minimum |minimum ,-0.12916745852068373
cad digital mockup |CAD digital mockup ,-0.12916745852068373
wider usage context |wider usage context ,-0.12916745852068373
visibility accessibility legibility |visibility accessibility legibility ,-0.12916745852068373
mobile ubiquitous social |mobile ubiquitous social ,-0.12916745852068373
brand product |brand product ,-0.12916745852068373
actual customer |actual customers ,-0.12916745852068373
larger more complicated code |larger more complicated code ,-0.12916745852068373
adventure |Adventures ,-0.12916745852068373
denver |Denver ,-0.12916745852068373
school empathic design frugal innovation kansei engineering |School Empathic design Frugal innovation Kansei engineering ,-0.12916745852068373
strong focus |strong focus ,-0.12916745852068373
use case edit |Use case edit ,-0.12916745852068373
hawthorne effect or pygmalion effect |Hawthorne effect or Pygmalion effect ,-0.12916745852068373
basic subjective satisfaction |basic subjective satisfaction ,-0.12916745852068373
chart |chart ,-0.12916745852068373
rsi |RSI ,-0.12916745852068373
design edit user experience design |Design edit User experience design ,-0.12916745852068373
user experience architect |user experience architect ,-0.12916745852068373
meaningful manner |meaningful manner ,-0.12916745852068373
conventional persona creation |Conventional persona creation ,-0.12916745852068373
different stakeholder |different stakeholders ,-0.12916745852068373
approaches edit |approaches edit ,-0.12916745852068373
bi-annual participatory design conference |bi-annual Participatory Design Conference ,-0.12916745852068373
target population |target population ,-0.12916745852068373
designing website |designing websites ,-0.12916745852068373
long-term relation |long-term relation ,-0.12916745852068373
sanity |Sanity ,-0.12916745852068373
earlier work citation |earlier work citation ,-0.12916745852068373
brand s value |brand s values ,-0.12916745852068373
proper context |proper context ,-0.12916745852068373
personas references edit william lidwell |Personas References edit William Lidwell ,-0.12916745852068373
cloak |cloak ,-0.12916745852068373
no assumption |no assumptions ,-0.12916745852068373
commentary |commentary ,-0.12916745852068373
verb |verbs ,-0.12916745852068373
use and understanding |use and understanding ,-0.12916745852068373
performance |performance ,-0.12916745852068373
different interpretation |different interpretation ,-0.12916745852068373
different design constraint |different design constraints ,-0.12916745852068373
strength |strengths ,-0.12916745852068373
ornamental font |Ornamental fonts ,-0.12916745852068373
content management system |content management systems ,-0.12916745852068373
representative |representative ,-0.12916745852068373
explicit understanding |explicit understanding ,-0.12916745852068373
development project |development projects ,-0.12916745852068373
device |devices ,-0.12916745852068373
talk page |talk page ,-0.12916745852068373
sam |SAMS ,-0.12916745852068373
consuming |consuming ,-0.12916745852068373
traditional user interface |traditional user interface ,-0.12916745852068373
working |working ,-0.12916745852068373
industry |industry ,-0.12916745852068373
audience feedback |audience feedback ,-0.12916745852068373
imprecise meaning |imprecise meaning ,-0.12916745852068373
type meaningful order |type meaningful order ,-0.12916745852068373
engineering team |engineering teams ,-0.12916745852068373
short analysis |short analysis ,-0.12916745852068373
product lifecycle management systems edit |product lifecycle management systems edit ,-0.12916745852068373
universal principle |Universal Principles ,-0.12916745852068373
circumstance |circumstances ,-0.12916745852068373
theory and method |theory and method ,-0.12916745852068373
color-coding |color-coding ,-0.12916745852068373
mind |Mind ,-0.12916745852068373
key factor |key factors ,-0.12916745852068373
skills required edit |Skills required edit ,-0.12916745852068373
virpi |Virpi ,-0.12916745852068373
valuable aspect |valuable aspects ,-0.12916745852068373
interprets performance |interprets performance ,-0.12916745852068373
small piece |small pieces ,-0.12916745852068373
real interface behaviour |real interface behaviour ,-0.12916745852068373
extreme environment |extreme environments ,-0.12916745852068373
manufacturing planner |manufacturing planner ,-0.12916745852068373
purported flaw |purported flaws ,-0.12916745852068373
sufficient usability |sufficient usability ,-0.12916745852068373
metadata |metadata ,-0.12916745852068373
general term |general term ,-0.12916745852068373
visibility edit visibility |Visibility edit Visibility ,-0.12916745852068373
gestalt psychology |Gestalt psychology ,-0.12916745852068373
design and evaluation |Design and Evaluation ,-0.12916745852068373
representation |representation ,-0.12916745852068373
england jenkinson |England Jenkinson ,-0.12916745852068373
samfundslitteratur |Samfundslitteratur ,-0.12916745852068373
ux matter |UX Matters ,-0.12916745852068373
design evaluation |design evaluation ,-0.12916745852068373
state |states ,-0.12916745852068373
influence user experience |influence user experience ,-0.12916745852068373
site audit usability study |Site Audit usability study ,-0.12916745852068373
practical experiential affective meaningful and valuable aspect |practical experiential affective meaningful and valuable aspects ,-0.12916745852068373
specific consistent understanding |specific consistent understanding ,-0.12916745852068373
quote |quote ,-0.12916745852068373
pdf equivalent |PDF equivalents ,-0.12916745852068373
user experience and usability |user experience and usability ,-0.12916745852068373
successful experience |successful experience ,-0.12916745852068373
grudin j |Grudin J ,-0.12916745852068373
use case examples ratio group |Use Case Examples Ratio Group ,-0.12916745852068373
end user |end users ,-0.12916745852068373
fundamental |Fundamentals ,-0.12916745852068373
primary focus |primary focus ,-0.12916745852068373
structuring |structuring ,-0.12916745852068373
search |search ,-0.12916745852068373
visual design edit |Visual design edit ,-0.12916745852068373
pre-requisite behavioral concern |pre-requisite behavioral concerns ,-0.12916745852068373
bad usability |bad usability ,-0.12916745852068373
text message |text message ,-0.12916745852068373
actual physical world |actual physical world ,-0.12916745852068373
design work |design work ,-0.12916745852068373
screen design and command structure |screen design and command structure ,-0.12916745852068373
strong brand |strong brand ,-0.12916745852068373
wizard |wizards ,-0.12916745852068373
storyboards prototype |storyboards Prototypes ,-0.12916745852068373
contextual inquiry |contextual inquiry ,-0.12916745852068373
programming |programming ,-0.12916745852068373
qualitative persona |qualitative personas ,-0.12916745852068373
holistic perspective |holistic perspective ,-0.12916745852068373
content object |content objects ,-0.12916745852068373
affective interaction |affective interaction ,-0.12916745852068373
guided assistance |guided assistance ,-0.12916745852068373
persona user experience |persona user experience ,-0.12916745852068373
interface element |interface elements ,-0.12916745852068373
usability professional |Usability Professionals ,-0.12916745852068373
background |backgrounds ,-0.12916745852068373
individual person |individual person ,-0.12916745852068373
physical interaction |physical interaction ,-0.12916745852068373
market segmentation |market segmentation ,-0.12916745852068373
no clear relationship |no clear relationship ,-0.12916745852068373
opinion |opinions ,-0.12916745852068373
internal characteristic |internal characteristics ,-0.12916745852068373
system virtual or physical |system virtual or physical ,-0.12916745852068373
common values attitudes and assumption |common values attitudes and assumptions ,-0.12916745852068373
recent connection |recent connection ,-0.12916745852068373
ergonomics society |Ergonomics Society ,-0.12916745852068373
scandinavian tradition |Scandinavian tradition ,-0.12916745852068373
job role and skill level |job role and skill level ,-0.12916745852068373
momentary episodic and long-term |momentary episodic and long-term ,-0.12916745852068373
hfes history |HFES History ,-0.12916745852068373
user experience questionnaire |user experience questionnaire ,-0.12916745852068373
localization external |localization External ,-0.12916745852068373
empirical study |empirical study ,-0.12916745852068373
hypothesis |hypothesis ,-0.12916745852068373
examples and offers principle |examples and offers principles ,-0.12916745852068373
key research finding |key research findings ,-0.12916745852068373
personas scenarios and essential use case |personas scenarios and essential use cases ,-0.12916745852068373
page number |page numbers ,-0.12916745852068373
usable product |usable products ,-0.12916745852068373
information architecture and user interface |information architecture and user interface ,-0.12916745852068373
interface define interaction pattern |interface Define Interaction patterns ,-0.12916745852068373
widespread use |widespread use ,-0.12916745852068373
concern |concerns ,-0.12916745852068373
expectation effect |expectation effects ,-0.12916745852068373
convenience |convenience ,-0.12916745852068373
waikoloa |Waikoloa ,-0.12916745852068373
forms edit instruction manual edit |Forms edit Instruction manual edit ,-0.12916745852068373
user-centered design edit |user-centered design edit ,-0.12916745852068373
emerging field |emerging field ,-0.12916745852068373
system aspect |system aspects ,-0.12916745852068373
quality information |quality information ,-0.12916745852068373
skill |skills ,-0.12916745852068373
ethnographic research edit |ethnographic research edit ,-0.12916745852068373
user-centered evaluation |user-centered evaluation ,-0.12916745852068373
feedback completes performance use case |feedback completes performance Use cases ,-0.12916745852068373
system or application |system or application ,-0.12916745852068373
individual perception |individual perception ,-0.12916745852068373
detailed |detailed ,-0.12916745852068373
effectiveness efficiency |effectiveness efficiency ,-0.12916745852068373
application development |application development ,-0.12916745852068373
behavior pattern |behavior patterns ,-0.12916745852068373
team politics |team politics ,-0.12916745852068373
personal reflection or opinion essay |personal reflection or opinion essay ,-0.12916745852068373
software application |software applications ,-0.12916745852068373
tinier task |tinier tasks ,-0.12916745852068373
segmentation |segmentations ,-0.12916745852068373
people team |people teams ,-0.12916745852068373
complete song |complete song ,-0.12916745852068373
l engaging personas and narrative scenario |L Engaging Personas and Narrative Scenarios ,-0.12916745852068373
individual user persona |individual user personas ,-0.12916745852068373
gather |gathers ,-0.12916745852068373
maidenhead |Maidenhead ,-0.12916745852068373
usage circumstance |usage circumstances ,-0.12916745852068373
high-tech products drive |High-Tech Products Drive ,-0.12916745852068373
intersect |intersects ,-0.12916745852068373
don norman making personas more powerful |Don Norman Making Personas More Powerful ,-0.12916745852068373
way |ways ,-0.12916745852068373
richer scope |richer scope ,-0.12916745852068373
apple computer |Apple Computer ,-0.12916745852068373
rise |rise ,-0.12916745852068373
practical experiential affective meaningful |practical experiential affective meaningful ,-0.12916745852068373
elsevier science |Elsevier Science ,-0.12916745852068373
wide range |wide range ,-0.12916745852068373
service product or interaction space |service product or interaction space ,-0.12916745852068373
morgan kaufmann |Morgan Kaufmann ,-0.12916745852068373
user behaviour |user behaviour ,-0.12916745852068373
criticism edit criticism |Criticism edit Criticism ,-0.12916745852068373
real people |real people ,-0.12916745852068373
expansion and extension |expansion and extension ,-0.12916745852068373
human factors and ergonomics society |Human Factors and Ergonomics Society ,-0.12916745852068373
hedonic aspect |hedonic aspects ,-0.12916745852068373
sari |Sari ,-0.12916745852068373
edit moser |edit Moser ,-0.12916745852068373
human computer interaction usability technical communication internet marketing terminology |Human computer interaction Usability Technical communication Internet marketing terminology ,-0.12916745852068373
sub-field |sub-field ,-0.12916745852068373
guide |guide ,-0.12916745852068373
design portal action research activity-centered design chief experience officer |Design portal Action research Activity-centered design Chief experience officer ,-0.12916745852068373
products and service |products and services ,-0.12916745852068373
good overall user experience |good overall user experience ,-0.12916745852068373
suitable place |suitable place ,-0.12916745852068373
software user assistance resources microsoft |software user assistance resources Microsoft ,-0.12916745852068373
system science |System Sciences ,-0.12916745852068373
psychology anthropology architecture sociology computer science |psychology anthropology architecture sociology computer science ,-0.12916745852068373
anticipated use |anticipated use ,-0.12916745852068373
cognitive perspective |cognitive perspective ,-0.12916745852068373
unsentimental honest and candid descriptor |unsentimental honest and candid descriptors ,-0.12916745852068373
system user |system user ,-0.12916745852068373
behavior or design graphic mockup |behavior or design Graphic mockups ,-0.12916745852068373
tamara |Tamara ,-0.12916745852068373
use team |Use Team ,-0.12916745852068373
drawback |drawbacks ,-0.12916745852068373
ibm ease |IBM Ease ,-0.12916745852068373
persona lifecycle |Persona Lifecycle ,-0.12916745852068373
direct |Direct ,-0.12916745852068373
tasks and environment |tasks and environments ,-0.12916745852068373
affinity |affinity ,-0.12916745852068373
artifact |artifacts ,-0.12916745852068373
phrase word |phrase words ,-0.12916745852068373
mixture |mixture ,-0.12916745852068373
learning curve |learning curve ,-0.12916745852068373
context incorporate user |context Incorporate user ,-0.12916745852068373
facet |facets ,-0.12916745852068373
essential element |essential elements ,-0.12916745852068373
actual person |actual person ,-0.12916745852068373
don norman |Don Norman ,-0.12916745852068373
audience group |audience groups ,-0.12916745852068373
gestalt psychology and visual perception |Gestalt psychology and visual perception ,-0.12916745852068373
gender |gender ,-0.12916745852068373
skill level |skill level ,-0.12916745852068373
instance |instance ,-0.12916745852068373
in-the-mind simulation written specification |in-the-mind simulation Written specifications ,-0.12916745852068373
external links edit |External links edit ,-0.12916745852068373
affordance |affordances ,-0.12916745852068373
cause-and effect scheme |cause-and effect scheme ,-0.12916745852068373
personas scenario |personas scenarios ,-0.12916745852068373
model |Models ,-0.12916745852068373
online help |online help ,-0.12916745852068373
sum |sum ,-0.12916745852068373
practically all area |practically all areas ,-0.12916745852068373
human user |human users ,-0.12916745852068373
no replication or sampling overall sample size |no replication or sampling overall sample size ,-0.12916745852068373
rockport publisher |Rockport Publishers ,-0.12916745852068373
john m making use |John M Making Use ,-0.12916745852068373
sue peer-reviewed online textbook |Sue Peer-reviewed online textbook ,-0.12916745852068373
human use |human use ,-0.12916745852068373
benefits edit user experience design |Benefits edit User experience design ,-0.12916745852068373
edit scenario |edit Scenario ,-0.12916745852068373
effective efficient |effective efficient ,-0.12916745852068373
quality assurance |quality assurance ,-0.12916745852068373
touching |touching ,-0.12916745852068373
kuniavsky |Kuniavsky ,-0.12916745852068373
ui design |UI design ,-0.12916745852068373
everyday life |everyday life ,-0.12916745852068373
emotional or physical characteristic |emotional or physical characteristics ,-0.12916745852068373
motivation |motivations ,-0.12916745852068373
ux curve |UX Curve ,-0.12916745852068373
no url wikipedia article |no URL Wikipedia articles ,-0.12916745852068373
peer-reviewed definition |Peer-reviewed definition ,-0.12916745852068373
kritina holden |Kritina Holden ,-0.12916745852068373
usability attribute |usability attributes ,-0.12916745852068373
technology application |technology applications ,-0.12916745852068373
video game |video games ,-0.12916745852068373
researcher |researcher ,-0.12916745852068373
create |Create ,-0.12916745852068373
scattered user group |scattered user group ,-0.12916745852068373
traditional form |traditional form ,-0.12916745852068373
search function |search functions ,-0.12916745852068373
ux innovation |UX Innovation ,-0.12916745852068373
online help edit |Online help edit ,-0.12916745852068373
boston |Boston ,-0.12916745852068373
elements edit |Elements edit ,-0.12916745852068373
soft metric |soft metrics ,-0.12916745852068373
length |length ,-0.12916745852068373
access |access ,-0.12916745852068373
visitor |visitors ,-0.12916745852068373
small body text |small body text ,-0.12916745852068373
chapman and milham |Chapman and Milham ,-0.12916745852068373
genre |genre ,-0.12916745852068373
multidisciplinary design branch |multidisciplinary design branch ,-0.12916745852068373
imaginal character |imaginal character ,-0.12916745852068373
use and efficiency |use and efficiency ,-0.12916745852068373
iceberg analogy |iceberg analogy ,-0.12916745852068373
single error |single error ,-0.12916745852068373
bold |Bold ,-0.12916745852068373
full extent |full extent ,-0.12916745852068373
dead external links article |dead external links Articles ,-0.12916745852068373
participatory design session |participatory design sessions ,-0.12916745852068373
chief difference |chief difference ,-0.12916745852068373
effective visual communication |effective visual communication ,-0.12916745852068373
s particular feeling |s particular feelings ,-0.12916745852068373
simply a small action |simply a small action ,-0.12916745852068373
company |company ,-0.12916745852068373
broad range |broad range ,-0.12916745852068373
rest |rest ,-0.12916745852068373
fleming |Fleming ,-0.12916745852068373
tutorial information |tutorial information ,-0.12916745852068373
tiny interaction |tiny interactions ,-0.12916745852068373
vol |Vol ,-0.12916745852068373
palatable format |palatable format ,-0.12916745852068373
mean |means ,-0.12916745852068373
website design |website design ,-0.12916745852068373
partially controlled study |partially controlled study ,-0.12916745852068373
descriptive |descriptive ,-0.12916745852068373
desire |desires ,-0.12916745852068373
branding people |branding people ,-0.12916745852068373
gesture |gestures ,-0.12916745852068373
no control |no control ,-0.12916745852068373
special kind |special kind ,-0.12916745852068373
publication |publication ,-0.12916745852068373
early user experience publication |early user experience publications ,-0.12916745852068373
advanced skill |advanced skills ,-0.12916745852068373
worst-case scenario |worst-case scenario ,-0.12916745852068373
following question |following questions ,-0.12916745852068373
bolding |bolding ,-0.12916745852068373
malmo |Malmo ,-0.12916745852068373
distinctive and meaningful manner |distinctive and meaningful manner ,-0.12916745852068373
further possible problem |further possible problems ,-0.12916745852068373
sound audience |sound audience ,-0.12916745852068373
animation |animation ,-0.12916745852068373
unnecessary product feature |unnecessary product features ,-0.12916745852068373
first thinking |first thinking ,-0.12916745852068373
constituent part |constituent parts ,-0.12916745852068373
required adjustments audience applause |required adjustments audience applause ,-0.12916745852068373
customer-centric technical publication |customer-centric technical publications ,-0.12916745852068373
online and technology application |online and technology applications ,-0.12916745852068373
comprehensibility |comprehensibility ,-0.12916745852068373
customer-centered design |customer-centered design ,-0.12916745852068373
project organization |project organization ,-0.12916745852068373
quality relationship |quality relationships ,-0.12916745852068373
content design discipline |content design disciplines ,-0.12916745852068373
hypothesized group |hypothesized group ,-0.12916745852068373
scientific method |scientific method ,-0.12916745852068373
jargon |jargon ,-0.12916745852068373
social or cultural issue |social or cultural issues ,-0.12916745852068373
understanding interaction design |understanding interaction design ,-0.12916745852068373
side |side ,-0.12916745852068373
emphasis |emphasis ,-0.12916745852068373
guitar display sheet music |guitar display sheet music ,-0.12916745852068373
sub-optimal user experience |sub-optimal user experiences ,-0.12916745852068373
simple sentence structure |simple sentence structure ,-0.12916745852068373
define |define ,-0.12916745852068373
online marketing purpose |online marketing purposes ,-0.12916745852068373
secondary persona |secondary persona ,-0.12916745852068373
precise visual |Precise visual ,-0.12916745852068373
product decision |product decisions ,-0.12916745852068373
resources perform |resources performs ,-0.12916745852068373
multiple issue |multiple issues ,-0.12916745852068373
hypothetical user |hypothetical users ,-0.12916745852068373
matches user expectation |matches user expectations ,-0.12916745852068373
pragmatic and hedonic aspect |pragmatic and hedonic aspects ,-0.12916745852068373
client |clients ,-0.12916745852068373
user satisfaction |user satisfaction ,-0.12916745852068373
first solution |first solution ,-0.12916745852068373
motion graphics design |motion graphics design ,-0.12916745852068373
software designer |software designers ,-0.12916745852068373
hci and usability |HCI and usability ,-0.12916745852068373
begeistern |begeistern ,-0.12916745852068373
envisioning work |Envisioning Work ,-0.12916745852068373
greenbaum kyng ed |Greenbaum Kyng eds ,-0.12916745852068373
extreme outliers or edge case |extreme outliers or edge cases ,-0.12916745852068373
transgenerational design ubiquitous computing usability |Transgenerational design Ubiquitous computing Usability ,-0.12916745852068373
perspective |perspectives ,-0.12916745852068373
minor step |minor steps ,-0.12916745852068373
encyclopedic style |encyclopedic style ,-0.12916745852068373
general characteristics uses and best practice |general characteristics uses and best practices ,-0.12916745852068373
background increases legibility |background increases legibility ,-0.12916745852068373
high demand |High demand ,-0.12916745852068373
iso definition |ISO definition ,-0.12916745852068373
momentary experience |momentary experiences ,-0.12916745852068373
computing systems conference |Computing Systems conference ,-0.12916745852068373
cultural issue |cultural issues ,-0.12916745852068373
day |day ,-0.12916745852068373
large |Large ,-0.12916745852068373
vermeeren |Vermeeren ,-0.12916745852068373
devices edit |Devices edit ,-0.12916745852068373
mere usability |mere usability ,-0.12916745852068373
granted |granted ,-0.12916745852068373
creator |creator ,-0.12916745852068373
chapter |chapter ,-0.12916745852068373
emotions help |emotions help ,-0.12916745852068373
product cycle |product cycle ,-0.12916745852068373
final bigger task |final bigger task ,-0.12916745852068373
former example |former example ,-0.12916745852068373
targeting measurement and analysis |Targeting Measurement and Analysis ,-0.12916745852068373
actual context |actual context ,-0.12916745852068373
process and implementation |process and implementation ,-0.12916745852068373
drag-drop selections mouse |drag-drop selections mouse ,-0.12916745852068373
italic word |italic words ,-0.12916745852068373
programmer |programmer ,-0.12916745852068373
intricate details and interaction |intricate details and interactions ,-0.12916745852068373
pivotal role |pivotal role ,-0.12916745852068373
given |given ,-0.12916745852068373
humans gatherspace |Humans Gatherspace ,-0.12916745852068373
experience design software development process core activities requirement |Experience design Software development process Core activities Requirements ,-0.12916745852068373
orientation |orientation ,-0.12916745852068373
contributing factor |contributing factors ,-0.12916745852068373
momentary emotion or overall user experience edit |Momentary emotion or overall user experience edit ,-0.12916745852068373
basic concept |basic concepts ,-0.12916745852068373
alan cooper |Alan Cooper ,-0.12916745852068373
www ueq-online |www ueq-online ,-0.12916745852068373
typical user |typical users ,-0.12916745852068373
front end |front end ,-0.12916745852068373
latest ui pattern |latest UI patterns ,-0.12916745852068373
edit moggridge |edit Moggridge ,-0.12916745852068373
small detail |small detail ,-0.12916745852068373
feminist critique |Feminist critique ,-0.12916745852068373
scientific research method |scientific research method ,-0.12916745852068373
researcher and designer |researcher and designer ,-0.12916745852068373
pygmalion effect |Pygmalion effect ,-0.12916745852068373
defining persona |Defining personas ,-0.12916745852068373
hierarchy |hierarchy ,-0.12916745852068373
diversity |diversity ,-0.12916745852068373
human computer interaction |human computer interaction ,-0.12916745852068373
user multitasking |user multitasking ,-0.12916745852068373
technology community |technology community ,-0.12916745852068373
fourth problem |fourth problem ,-0.12916745852068373
reasoning |reasoning ,-0.12916745852068373
writing editing task analysis |writing editing task analysis ,-0.12916745852068373
effective user assistance development |Effective user assistance development ,-0.12916745852068373
choice criticism edit |choice Criticism edit ,-0.12916745852068373
narrative |narrative ,-0.12916745852068373
social context |social context ,-0.12916745852068373
segment |segment ,-0.12916745852068373
system development |System Development ,-0.12916745852068373
helander s handbook |Helander s Handbook ,-0.12916745852068373
type |types ,-0.12916745852068373
interactive world |interactive world ,-0.12916745852068373
elastic user |Elastic User ,-0.12916745852068373
low level task |low level tasks ,-0.12916745852068373
database marketing |database marketing ,-0.12916745852068373
user-focused design discussion |user-focused design discussion ,-0.12916745852068373
expected end result |expected end result ,-0.12916745852068373
cambridge |Cambridge ,-0.12916745852068373
fictional story |fictional story ,-0.12916745852068373
first column labelled actor second column labelled world |first column labelled actor second column labelled world ,-0.12916745852068373
iso standard human-centred design |ISO standard Human-centred design ,-0.12916745852068373
different designer |different designers ,-0.12916745852068373
communication skill |communication skills ,-0.12916745852068373
christian |Christian ,-0.12916745852068373
user assistance profession |user assistance profession ,-0.12916745852068373
professor and student |professor and students ,-0.12916745852068373
design focus cooper |design focus Cooper ,-0.12916745852068373
generative method |Generative methods ,-0.12916745852068373
interaction-design org |Interaction-Design org ,-0.12916745852068373
participatory design and product development |participatory design and product development ,-0.12916745852068373
subset |subset ,-0.12916745852068373
sinnel |Sinnel ,-0.12916745852068373
traditional definition |traditional definitions ,-0.12916745852068373
colorado |Colorado ,-0.12916745852068373
no replication |no replication ,-0.12916745852068373
procedural and tutorial information |procedural and tutorial information ,-0.12916745852068373
actual low level process |actual low level processes ,-0.12916745852068373
anecdotal feedback |anecdotal feedback ,-0.12916745852068373
information architecture edit information architecture |Information architecture edit Information architecture ,-0.12916745852068373
l engaging persona |L Engaging Personas ,-0.12916745852068373
target user |target users ,-0.12916745852068373
edit tidwell |edit Tidwell ,-0.12916745852068373
different user type |different user types ,-0.12916745852068373
human face and existence |human face and existence ,-0.12916745852068373
procedural |procedural ,-0.12916745852068373
no relation |no relation ,-0.12916745852068373
scanning |scanning ,-0.12916745852068373
affective aspect |affective aspects ,-0.12916745852068373
card sorting |card sorting ,-0.12916745852068373
look-and-feel |look-and-feel ,-0.12916745852068373
physical characteristic |physical characteristics ,-0.12916745852068373
improved user experience |improved user experiences ,-0.12916745852068373
professor |professor ,-0.12916745852068373
rapid technological advancement |rapid technological advancements ,-0.12916745852068373
participatory design pd |Participatory design PD ,-0.12916745852068373
picture demographics role |picture demographics roles ,-0.12916745852068373
tasks motivation |tasks motivations ,-0.12916745852068373
critic |Critics ,-0.12916745852068373
high figure-ground contrast |High figure-ground contrast ,-0.12916745852068373
advertising |advertising ,-0.12916745852068373
product or service |product or service ,-0.12916745852068373
difficult |difficult ,-0.12916745852068373
existing asset |existing assets ,-0.12916745852068373
latest ui patterns and component |latest UI patterns and components ,-0.12916745852068373
short period |short period ,-0.12916745852068373
s persona non grata |S Persona non grata ,-0.12916745852068373
site |site ,-0.12916745852068373
personality and characteristic |personality and characteristics ,-0.12916745852068373
product service |product service ,-0.12916745852068373
different inputs mode |different inputs modes ,-0.12916745852068373
temporal level |temporal levels ,-0.12916745852068373
user needs and goal |user needs and goals ,-0.12916745852068373
non-random fashion |non-random fashion ,-0.12916745852068373
prototype testing |prototype testing ,-0.12916745852068373
term persona |term persona ,-0.12916745852068373
understood |understood ,-0.12916745852068373
instruction manual computer and video game |Instruction manual computer and video games ,-0.12916745852068373
integrated interaction |integrated interactions ,-0.12916745852068373
small problem |small problems ,-0.12916745852068373
explanation |explanations ,-0.12916745852068373
url |url ,-0.12916745852068373
construction and evaluation |Construction and evaluation ,-0.12916745852068373
moderate skill |moderate skills ,-0.12916745852068373
edit user interface internationalization |edit User interface Internationalization ,-0.12916745852068373
web navigation |Web Navigation ,-0.12916745852068373
context edit |Context edit ,-0.12916745852068373
geographical location |geographical location ,-0.12916745852068373
wiktionary |Wiktionary ,-0.12916745852068373
attention |attention ,-0.12916745852068373
smug customer-centricity |smug customer-centricity ,-0.12916745852068373
online business |online business ,-0.12916745852068373
interaction space |interaction space ,-0.12916745852068373
reproducible research |reproducible research ,-0.12916745852068373
enterprise knowledge base |enterprise knowledge bases ,-0.12916745852068373
user interface behavior |user Interface behavior ,-0.12916745852068373
marketing branding visual design |marketing branding visual design ,-0.12916745852068373
grudin j and pruitt |Grudin J and Pruitt ,-0.12916745852068373
actual user |actual users ,-0.12916745852068373
simple story |simple story ,-0.12916745852068373
cognitive science |cognitive science ,-0.12916745852068373
mit press |MIT Press ,-0.12916745852068373
content strategy |content strategy ,-0.12916745852068373
designing interface |Designing Interfaces ,-0.12916745852068373
multiple technical aspect |multiple technical aspects ,-0.12916745852068373
general characteristic |general characteristics ,-0.12916745852068373
aid navigation |aid navigation ,-0.12916745852068373
private group |private groups ,-0.12916745852068373
platform |platform ,-0.12916745852068373
screen design |screen design ,-0.12916745852068373
www ibm com developerworks library w-berry |www ibm com developerworks library w-berry ,-0.12916745852068373
user experience design edit |user experience design edit ,-0.12916745852068373
team member |team members ,-0.12916745852068373
product development cf |product development cf ,-0.12916745852068373
interaction plan |interaction plans ,-0.12916745852068373
dark text |Dark text ,-0.12916745852068373
best-case scenario |best-case scenario ,-0.12916745852068373
pleasurable end user experience |pleasurable end user experience ,-0.12916745852068373
actual interaction episode |actual interaction episode ,-0.12916745852068373
important concern |important concern ,-0.12916745852068373
interaction design ixd |interaction design IxD ,-0.12916745852068373
unsentimental honest |unsentimental honest ,-0.12916745852068373
framework |framework ,-0.12916745852068373
respective column |respective columns ,-0.12916745852068373
interaction design edit |Interaction design edit ,-0.12916745852068373
imaginal or fictional character |imaginal or fictional characters ,-0.12916745852068373
degree |degree ,-0.12916745852068373
benefits edit |Benefits edit ,-0.12916745852068373
holzinger |Holzinger ,-0.12916745852068373
design engineer |design engineer ,-0.12916745852068373
phone |phone ,-0.12916745852068373
real life occurrence |real life occurrences ,-0.12916745852068373
nominal |nominals ,-0.12916745852068373
individual system |individual systems ,-0.12916745852068373
common design pitfall |common design pitfalls ,-0.12916745852068373
minor steps and detail |minor steps and details ,-0.12916745852068373
similar buying behaviour |similar buying behaviours ,-0.12916745852068373
effectively |Effectively ,-0.12916745852068373
important task |important tasks ,-0.12916745852068373
user experience research |user experience research ,-0.12916745852068373
ieee internet computing |IEEE Internet Computing ,-0.12916745852068373
satisfying search |satisfying search ,-0.12916745852068373
hawthorne effect |Hawthorne effect ,-0.12916745852068373
structured approach |Structured Approach ,-0.12916745852068373
schuler namioka |Schuler Namioka ,-0.12916745852068373
product ownership |product ownership ,-0.12916745852068373
b chapman |b Chapman ,-0.12916745852068373
michael jacob |Michael Jacobs ,-0.12916745852068373
no procedure |no procedure ,-0.12916745852068373
offers principle |offers principles ,-0.12916745852068373
david travis |David Travis ,-0.12916745852068373
acceptance |acceptance ,-0.12916745852068373
emotional design |Emotional Design ,-0.12916745852068373
retrieved |Retrieved ,-0.12916745852068373
experience level |experience levels ,-0.12916745852068373
typical stakeholder |typical stakeholder ,-0.12916745852068373
short questionnaire |Short questionnaire ,-0.12916745852068373
first |first ,-0.12916745852068373
browsing |browsing ,-0.12916745852068373
case specification |case specification ,-0.12916745852068373
thought process |thought process ,-0.12916745852068373
main contributor |main contributor ,-0.12916745852068373
personality |personality ,-0.12916745852068373
multi-stage problem solving process |multi-stage problem solving process ,-0.12916745852068373
strategic segmentation |strategic segmentation ,-0.12916745852068373
long-term user experience |long-term user experience ,-0.12916745852068373
mother tongue |mother tongue ,-0.12916745852068373
required information |required information ,-0.12916745852068373
principal |principal ,-0.12916745852068373
day-in-the-life archetype description |day-in-the-life archetype descriptions ,-0.12916745852068373
sme interviewing |SME interviewing ,-0.12916745852068373
government |government ,-0.12916745852068373
research agenda |Research Agenda ,-0.12916745852068373
ibm |IBM ,-0.12916745852068373
mit erlebniszentrierter softwareentwicklung zu produkten |Mit erlebniszentrierter Softwareentwicklung zu Produkten ,-0.12916745852068373
stereotypical user |stereotypical users ,-0.12916745852068373
universe |universe ,-0.12916745852068373
instruction manual computer |Instruction manual computer ,-0.12916745852068373
task goal |task goals ,-0.12916745852068373
review |review ,-0.12916745852068373
introduction |introduction ,-0.12916745852068373
designers and user |designers and users ,-0.12916745852068373
service product |service product ,-0.12916745852068373
candid descriptor |candid descriptors ,-0.12916745852068373
universally recognized definition |universally recognized definition ,-0.12916745852068373
berry |Berry ,-0.12916745852068373
broader category |broader category ,-0.12916745852068373
contextual interface |contextual interfaces ,-0.12916745852068373
extensive attention |extensive attention ,-0.12916745852068373
effectiveness efficiency and satisfaction |effectiveness efficiency and satisfaction ,-0.12916745852068373
user-centred designer |User-Centred Designer ,-0.12916745852068373
ued |UED ,-0.12916745852068373
c n milham |C N Milham ,-0.12916745852068373
features definition |features definition ,-0.12916745852068373
information medium |information medium ,-0.12916745852068373
brand product or service |brand product or service ,-0.12916745852068373
deal |deals ,-0.12916745852068373
future |Future ,-0.12916745852068373
user-centered approach |user-centered approach ,-0.12916745852068373
basic smaller part |basic smaller parts ,-0.12916745852068373
capture |capture ,-0.12916745852068373
o reilly associate |O Reilly Associates ,-0.12916745852068373
capital letter |capital letters ,-0.12916745852068373
rhetorical situation edit |Rhetorical situation edit ,-0.12916745852068373
cax process |CAx processes ,-0.12916745852068373
basic building unit |basic building units ,-0.12916745852068373
accessibility edit accessibility |Accessibility edit Accessibility ,-0.12916745852068373
higher course evaluation |higher course evaluations ,-0.12916745852068373
real interface behaviour and attitude |real interface behaviour and attitudes ,-0.12916745852068373
jonas lowgren |Jonas Lowgren ,-0.12916745852068373
related concept |related concept ,-0.12916745852068373
thrive |thrives ,-0.12916745852068373
labeled section |labeled sections ,-0.12916745852068373
organizational objective |organizational objectives ,-0.12916745852068373
essential guide |essential guide ,-0.12916745852068373
good usability |Good usability ,-0.12916745852068373
contextual environment |contextual environments ,-0.12916745852068373
human factors and ergonomics |human factors and ergonomics ,-0.12916745852068373
riders press |Riders Press ,-0.12916745852068373
careful analysis |careful analysis ,-0.12916745852068373
specific persona |specific personas ,-0.12916745852068373
traditional human-computer interaction hci design |traditional human-computer interaction HCI design ,-0.12916745852068373
methodology |methodology ,-0.12916745852068373
development and design |development and design ,-0.12916745852068373
color |colors ,-0.12916745852068373
user-centered design and marketing |user-centered design and marketing ,-0.12916745852068373
emotional |emotional ,-0.12916745852068373
larger task |larger task ,-0.12916745852068373
marketer |Marketers ,-0.12916745852068373
growth |growth ,-0.12916745852068373
efficiency effectiveness |efficiency effectiveness ,-0.12916745852068373
momentary episodic |momentary episodic ,-0.12916745852068373
short sentence |Short sentences ,-0.12916745852068373
human-centered design |Human-centered design ,-0.12916745852068373
design graphic mockup |design Graphic mockups ,-0.12916745852068373
typical output |Typical outputs ,-0.12916745852068373
equal footing |equal footing ,-0.12916745852068373
text and background increases legibility |text and background increases legibility ,-0.12916745852068373
j persona |J Personas ,-0.12916745852068373
job role |job role ,-0.12916745852068373
light background |light background ,-0.12916745852068373
fictional persona |fictional persona ,-0.12916745852068373
interactive or in-the-mind simulation written specification |interactive or in-the-mind simulation Written specifications ,-0.12916745852068373
expert |experts ,-0.12916745852068373
term usability pre-date |term usability pre-dates ,-0.12916745852068373
typical feature |Typical features ,-0.12916745852068373
purpose edit ucd |Purpose edit UCD ,-0.12916745852068373
information edit |Information edit ,-0.12916745852068373
usability including pragmatic aspect |usability including pragmatic aspects ,-0.12916745852068373
brand loyalty |brand loyalty ,-0.12916745852068373
ornamental fonts and text |Ornamental fonts and text ,-0.12916745852068373
similar vein |similar vein ,-0.12916745852068373
usage context situation |usage context situation ,-0.12916745852068373
outcome |outcomes ,-0.12916745852068373
extension |extension ,-0.12916745852068373
tangible interaction |tangible interactions ,-0.12916745852068373
account |account ,-0.12916745852068373
subject-matter expert sme |subject-matter expert SME ,-0.12916745852068373
non-digital device |non-digital devices ,-0.12916745852068373
design measure |design measure ,-0.12916745852068373
italic |italics ,-0.12916745852068373
usability and findability |usability and findability ,-0.12916745852068373
persona edit |Persona edit ,-0.12916745852068373
participation |participation ,-0.12916745852068373
age |age ,-0.12916745852068373
phrase |phrase ,-0.12916745852068373
print simple persona |Print Simple Personas ,-0.12916745852068373
personas method |personas method ,-0.12916745852068373
glance |glance ,-0.12916745852068373
scenario edit |Scenario edit ,-0.12916745852068373
basingstoke uk jenkinson |Basingstoke UK Jenkinson ,-0.12916745852068373
smaller interaction experience |smaller interaction experiences ,-0.12916745852068373
needed part |needed Part ,-0.12916745852068373
kujala |Kujala ,-0.12916745852068373
theory |theory ,-0.12916745852068373
jenifer |Jenifer ,-0.12916745852068373
noun string |noun strings ,-0.12916745852068373
human performance |human performance ,-0.12916745852068373
crazy |Crazy ,-0.12916745852068373
extent |extent ,-0.12916745852068373
labeling edit structuring |labeling edit Structuring ,-0.12916745852068373
ux definition |UX definitions ,-0.12916745852068373
shared understanding |shared understanding ,-0.12916745852068373
real world test |real world tests ,-0.12916745852068373
human |humans ,-0.12916745852068373
garrett |Garrett ,-0.12916745852068373
visual element |visual elements ,-0.12916745852068373
easy navigation |easy navigation ,-0.12916745852068373
feature requirement |feature requirements ,-0.12916745852068373
usability edit usability |Usability edit Usability ,-0.12916745852068373
cad cam and cax process |CAD CAM and CAx processes ,-0.12916745852068373
typical life |typical life ,-0.12916745852068373
screen size |Screen size ,-0.12916745852068373
linkedin software user assistance group |Linkedin Software User Assistance group ,-0.12916745852068373
specific segment |specific segments ,-0.12916745852068373
ucd viewpoint |UCD viewpoints ,-0.12916745852068373
common values attitude |common values attitudes ,-0.12916745852068373
component-based usability |Component-Based Usability ,-0.12916745852068373
date |date ,-0.12916745852068373
buzzword |buzzword ,-0.12916745852068373
user assistance professional |User assistance professionals ,-0.12916745852068373
critical |critical ,-0.12916745852068373
key step |key steps ,-0.12916745852068373
ability |ability ,-0.12916745852068373
ethnographic study |ethnographic study ,-0.12916745852068373
don norman user experience questionnaire |Don Norman User Experience Questionnaire ,-0.12916745852068373
history edit |History edit ,-0.12916745852068373
front |front ,-0.12916745852068373
b pruitt john adlin |b Pruitt John Adlin ,-0.12916745852068373
infrastructure |infrastructure ,-0.12916745852068373
respect |respect ,-0.12916745852068373
personal human face |personal human face ,-0.12916745852068373
essence |essence ,-0.12916745852068373
proliferation |proliferation ,-0.12916745852068373
user interface text |user interface text ,-0.12916745852068373
simple step |simple steps ,-0.12916745852068373
customer immersion |customer immersion ,-0.12916745852068373
scenarios site map |scenarios Site Maps ,-0.12916745852068373
human activity |human activity ,-0.12916745852068373
stereotypical archetype |stereotypical archetypes ,-0.12916745852068373
diversified |diversified ,-0.12916745852068373
reality check |reality check ,-0.12916745852068373
user persona |user persona ,-0.12916745852068373
single experience |Single experiences ,-0.12916745852068373
goals and behavior |goals and behavior ,-0.12916745852068373
narrative scenario |Narrative Scenarios ,-0.12916745852068373
angus jenkinson |Angus Jenkinson ,-0.12916745852068373
computing use case market segment personalization dave |computing Use case Market segment Personalization Dave ,-0.12916745852068373
graphic treatment |Graphic treatment ,-0.12916745852068373
content inventory wireframes screen blueprints or storyboards prototype |Content Inventory Wireframes screen blueprints or storyboards Prototypes ,-0.12916745852068373
usability addresses aspect |usability addresses aspects ,-0.12916745852068373
j l quantitative evaluation |J L Quantitative evaluation ,-0.12916745852068373
hand |hand ,-0.12916745852068373
reach |reach ,-0.12916745852068373
recent advance |Recent advances ,-0.12916745852068373
karapano |Karapanos ,-0.12916745852068373
diversified and scattered user group |diversified and scattered user group ,-0.12916745852068373
generalized perception |generalized perception ,-0.12916745852068373
design documentation |design documentation ,-0.12916745852068373
hawaii international conference |Hawaii International Conference ,-0.12916745852068373
performer assess performance |performer assess performance ,-0.12916745852068373
provider |provider ,-0.12916745852068373
scientific research edit |Scientific research edit ,-0.12916745852068373
visibility accessibility legibility and language |visibility accessibility legibility and language ,-0.12916745852068373
success |success ,-0.12916745852068373
interaction designers critical |Interaction Designers critical ,-0.12916745852068373
disclaimer |disclaimer ,-0.12916745852068373
people teams or organisation |people teams or organisations ,-0.12916745852068373
human-computer interaction further reading edit norman |Human-Computer Interaction Further reading edit Norman ,-0.12916745852068373
distinctive |distinctive ,-0.12916745852068373
highly multi-disciplinary field |highly multi-disciplinary field ,-0.12916745852068373
coherent identity |coherent identity ,-0.12916745852068373
creating persona |creating personas ,-0.12916745852068373
human-computer interaction edit |Human-computer interaction edit ,-0.12916745852068373
interactive computing system |interactive computing systems ,-0.12916745852068373
good design |good design ,-0.12916745852068373
subfield |subfield ,-0.12916745852068373
goals capabilities and context |goals capabilities and contexts ,-0.12916745852068373
licencing status |licencing status ,-0.12916745852068373
properly conceived guidelines incorporating business |properly conceived guidelines Incorporating business ,-0.12916745852068373
multidisciplinary skill |multidisciplinary skills ,-0.12916745852068373
collaboration |collaboration ,-0.12916745852068373
final solution |final solution ,-0.12916745852068373
referential design |referential design ,-0.12916745852068373
user-centric issue |user-centric issues ,-0.12916745852068373
motion graphics design and animation |motion graphics design and animation ,-0.12916745852068373
higher importance |higher importance ,-0.12916745852068373
dictionary |dictionary ,-0.12916745852068373
patrick w jordan |Patrick W Jordan ,-0.12916745852068373
active voice |active voice ,-0.12916745852068373
ogilvyone cooper |OgilvyOne Cooper ,-0.12916745852068373
gestalt |gestalt ,-0.12916745852068373
ethnicity |ethnicity ,-0.12916745852068373
abstract use case |abstract use case ,-0.12916745852068373
cad cam |CAD CAM ,-0.12916745852068373
contributing factors or expectation effect |contributing factors or expectation effects ,-0.12916745852068373
individual but small detail |individual but small details ,-0.12916745852068373
related detail |related details ,-0.12916745852068373
contextual inquiry customer experience design |Contextual inquiry Customer experience Design ,-0.12916745852068373
designing interaction |Designing Interactions ,-0.12916745852068373
extreme outlier |extreme outliers ,-0.12916745852068373
broad collection |broad collection ,-0.12916745852068373
power |powers ,-0.12916745852068373
symbol |symbols ,-0.12916745852068373
brainstorming |brainstorming ,-0.12916745852068373
common shared understanding |common shared understanding ,-0.12916745852068373
target user population |target user population ,-0.12916745852068373
follow-up |follow-up ,-0.12916745852068373
chunking |Chunking ,-0.12916745852068373
technical term |technical terms ,-0.12916745852068373
chapter ignored use dmy date |Chapter ignored Use dmy dates ,-0.12916745852068373
audience edit |Audience edit ,-0.12916745852068373
subject matter |subject matter ,-0.12916745852068373
underlying logic |underlying logic ,-0.12916745852068373
wiley |Wiley ,-0.12916745852068373
field research process |field research process ,-0.12916745852068373
secondary issue |secondary issues ,-0.12916745852068373
accessibility edit user |Accessibility edit Users ,-0.12916745852068373
key role |key role ,-0.12916745852068373
use or anticipated use |use or anticipated use ,-0.12916745852068373
first step |first step ,-0.12916745852068373
event or action |event or action ,-0.12916745852068373
scientific logic |scientific logic ,-0.12916745852068373
installation procedure |installation procedures ,-0.12916745852068373
palgrave macmillan |Palgrave Macmillan ,-0.12916745852068373
kaisa |Kaisa ,-0.12916745852068373
navigation |navigation |Navigation ,-0.19029703583072302
wording |wording ,-0.19226274773675972
morgan kaufmann publisher |Morgan Kaufmann Publishers ,-0.19226274773675972
usability engineering |usability engineering |Usability Engineering ,-0.19226274773675972
colour |colour |colours ,-0.19226274773675972
validation |validation ,-0.19226274773675972
demographic |demographics ,-0.19226274773675972
pace |pace ,-0.19226274773675972
wikipedia |Wikipedia ,-0.2461509741546613
director eduction element |director eduction elements ,-0.25436819684056367
essential |Essentials ,-0.25436819684056367
roto |Roto ,-0.25436819684056367
tool tools intellectual property organization |tool Tools Intellectual property Organizations ,-0.25436819684056367
implementation |implementation ,-0.25436819684056367
sigma |Sigma ,-0.25436819684056367
engineer |engineers ,-0.25436819684056367
manufacturability |manufacturability ,-0.25436819684056367
applied art |Applied arts ,-0.25436819684056367
assembly |assembly ,-0.25436819684056367
human computer interaction user |Human computer interaction User ,-0.25436819684056367
end-user |end-users ,-0.25436819684056367
mental model |mental models |mental model ,-0.25436819684056367
machine |machines ,-0.25436819684056367
design and development |design and development ,-0.25436819684056367
international standard |International standards |international standard ,-0.25436819684056367
user-centered design process |user-centered design process ,-0.25436819684056367
references or source |references or sources ,-0.25436819684056367
instructional design |instructional design ,-0.25436819684056367
industries association design council international forum design |Industries Association Design Council International Forum Design ,-0.25436819684056367
positive user experience |positive user experiences |positive user experience ,-0.25436819684056367
utility |utility ,-0.25436819684056367
sequence |sequence ,-0.25436819684056367
guidance |Guidance ,-0.25436819684056367
reason |reason ,-0.25436819684056367
designers design |Designers Design ,-0.25436819684056367
empathy |empathy ,-0.25436819684056367
leadership management methods pattern research science strategy |leadership management methods pattern research science strategy ,-0.25436819684056367
intelligent design new product development philosophy |Intelligent design New product development Philosophy ,-0.25436819684056367
idea |ideas |idea ,-0.25436819684056367
wider knowledge |wider knowledge ,-0.25436819684056367
consequence |consequences |consequence ,-0.25436819684056367
integration |Integration |integration ,-0.25436819684056367
chicago good design award |Chicago Good Design Awards ,-0.25436819684056367
committee |committee ,-0.25436819684056367
series |series ,-0.25436819684056367
nature |nature ,-0.25436819684056367
usability testing |usability testing ,-0.25436819684056367
software development |software development ,-0.25436819684056367
website wireframe intellectual property community design design |Website wireframe Intellectual property Community design Design ,-0.25436819684056367
number |number ,-0.30104483504060425
validity |validity ,-0.31548665549880883
variety |variety ,-0.31548665549880883
aesthetic |aesthetic |aesthetics ,-0.37562176847059847
interview |interview |interviews ,-0.37562176847059847
unsourced material |Unsourced material ,-0.37562176847059847
pleasure |pleasure ,-0.37562176847059847
reliable source |reliable sources ,-0.37562176847059847
en wikipedia |en wikipedia ,-0.49296042438048987
encyclopedia jump |encyclopedia Jump ,-0.606428617783259
