design |designs |design |Design ,754.0
user |Users |users |user ,419.0
experience |Experience |experiences |experience ,248.0
user experience |User Experience |user experience |User Experiences |User experience ,208.0
persona |personas |Personas |personae |Persona |persona ,172.0
usability |usability |Usability ,134.0
use |use |Use ,97.0
information |Information |information ,86.0
interaction |interaction |interactions ,83.0
product |product |products ,72.0
system |systems |system ,71.0
case |Cases |cases |case ,65.0
term |term |terms ,59.0
edit |edit ,58.0
process |process ,52.0
task |task |Tasks |tasks ,51.0
designer |designer |designers ,46.0
user-centered design |User-centered design |user-centered design |User-Centered Design ,46.0
help |help ,44.0
group |group |groups ,44.0
user experience design |User Experience Design |user experience design |User experience design ,44.0
context |Context |context |contexts ,43.0
article |articles |article |Articles ,40.0
questionnaire |questionnaire |Questionnaires |questionnaires ,39.0
use case |use cases |use case |Use cases ,36.0
element |Elements |elements ,34.0
document |document |documents ,33.0
goal |goals |goal ,32.0
content |content |contents |Contents ,32.0
web |Web |web ,30.0
aspect |aspect |aspects ,30.0
software |software ,30.0
method |methods |Method |method ,29.0
problem |problems |problem ,28.0
online |Online |online ,26.0
website |website |websites ,26.0
learning |learning ,25.0
interface |interfaces |interface ,24.0
character |character ,24.0
situation |situation ,24.0
navigation |navigation |Navigation ,23.0
work |work |Work |works ,23.0
field |field |fields ,23.0
scenario |scenario |Scenarios |scenarios ,22.0
detail |detail |details |Details ,22.0
ucd |UCD ,22.0
development |development |developments ,22.0
research |research ,22.0
study |study ,21.0
purpose |purposes |Purpose |purpose ,21.0
form |form |forms ,21.0
example |Example |example |examples ,20.0
user assistance |User assistance |user assistance ,20.0
audience |audience |Audience ,20.0
environment |environment |environments ,20.0
human-computer interaction |Human-Computer Interaction |Human-Computer Interactions |human-computer interaction |Human-computer interaction ,20.0
person |person |persons ,20.0
people |people |People ,20.0
student |students |Students ,19.0
marketing |marketing |Marketing ,18.0
action |action |actions ,18.0
world |world ,18.0
design process |design process ,18.0
cooper |Cooper ,18.0
ease |Ease |ease ,18.0
needed |needed ,18.0
human factor |Human factors |human factors |Human Factors ,16.0
emotion |emotions ,16.0
wikipedia |Wikipedia ,16.0
stakeholder group |stakeholder group ,16.0
term user experience |term user experience ,16.0
book |books |book ,16.0
testing |testing ,16.0
analysis |Analysis |analysis ,16.0
norman |Norman ,16.0
technology |technology |Technology ,16.0
link |link |links ,15.0
visual design |Visual design |visual design ,15.0
tool |tools |tool ,14.0
guitar |guitar ,14.0
factor |factors ,14.0
program |program ,14.0
information architecture |information architecture ,14.0
manual |manual |manuals ,14.0
characteristic |characteristics ,14.0
focus |focus ,14.0
primary stakeholder group |primary stakeholder group ,14.0
application |application |applications ,13.0
material |materials |material ,13.0
individual |individual |individuals ,13.0
feature |features |Features ,12.0
iso |ISO ,12.0
question |questions |question ,12.0
number |number ,12.0
discipline |disciplines |discipline ,12.0
society |Society ,12.0
chapman |Chapman ,12.0
pruitt |Pruitt ,12.0
standard |standards |standard ,12.0
proceeding |Proceedings ,12.0
service |services |service ,12.0
brand |brand ,12.0
interaction design |interaction design |Interaction Design ,12.0
project |projects |project ,12.0
hci |HCI ,12.0
source |sources ,12.0
milham |Milham ,12.0
approach |approach |approaches ,12.0
principle |principles ,12.0
text |text ,12.0
jenkinson |Jenkinson ,12.0
organization |organization |organizations |Organization ,11.0
concept |concept |concepts ,11.0
page |page |Pages ,11.0
event |events |event ,10.0
behavior |behavior ,10.0
participatory design |Participatory Design |participatory design ,10.0
easier |easier ,10.0
graphic design |graphic design ,10.0
encyclopedia jump |encyclopedia Jump ,10.0
satisfaction |Satisfaction |satisfaction ,10.0
finding |findings |finding |Finding ,10.0
web site |web sites |web site ,10.0
rhetorical situation |rhetorical situation ,10.0
actor |actor ,10.0
ergonomics |ergonomics |Ergonomics ,10.0
language |languages |language ,10.0
code |code ,10.0
music |music ,10.0
ethnographic research |ethnographic research ,10.0
customer |Customers |customers ,10.0
practice |practices |practice ,10.0
citation |citations ,10.0
solution |solutions |solution ,10.0
story |story ,10.0
accessibility |Accessibility |accessibility ,10.0
user interface |user interface ,10.0
addition |additions |addition ,9.0
description |descriptions ,8.0
findability |Findability |findability ,8.0
main character |main character ,8.0
customerprint |CustomerPrints ,8.0
topic |topic ,8.0
attitude |attitudes ,8.0
function |functions ,8.0
assumption |assumptions ,8.0
constraint |constraints |constraint ,8.0
level |levels ,8.0
essential use case |essential use cases |essential use case |Essential use cases ,8.0
piece |piece ,8.0
unsourced statement |unsourced statements ,8.0
en wikipedia |en wikipedia ,8.0
edge case |Edge Case |edge cases ,8.0
team |team ,8.0
interest |interests |interest ,8.0
feeling |feelings ,8.0
science |science ,8.0
interactive system |interactive system |interactive systems |Interactive Systems ,8.0
reference |references ,8.0
usage |usage ,8.0
alan |Alan ,8.0
limitation |limitations ,8.0
additional reference |additional references ,8.0
section |section ,8.0
part |part |Part ,8.0
art |art ,8.0
product design |product design |Product Design ,8.0
consideration |considerations |consideration ,8.0
specific |specific ,8.0
order |order ,8.0
stakeholder |stakeholders ,8.0
weblei |WEBLEI ,7.0
thing |things ,7.0
set |set ,7.0
structure |structure ,7.0
subject |subject ,7.0
result |results ,7.0
psychology |Psychology |psychology ,7.0
role |role ,6.0
donald norman |Donald Norman ,6.0
aesthetic |aesthetic |aesthetics ,6.0
user group |user group ,6.0
developer |developer |developers ,6.0
designing |Designing ,6.0
education |education ,6.0
following |following |Following ,6.0
human face |human face ,6.0
assistance |Assistance ,6.0
decision |decisions ,6.0
sheet music |sheet music ,6.0
feedback |feedback ,6.0
procedure |procedure |procedures ,6.0
design team |design team |design teams ,6.0
average |average ,6.0
benefit |benefits ,6.0
computer |computer |Computers ,6.0
cooperative design |Cooperative Design |Cooperative design ,6.0
understanding |understanding ,6.0
communication |communication ,6.0
message |message ,6.0
real user |real users ,6.0
interview |interview |interviews ,6.0
alford |Alford ,6.0
relation |relation ,6.0
practitioner |practitioners |Practitioner ,6.0
branding |branding ,6.0
adlin |Adlin ,6.0
fictional character |fictional characters |fictional character ,6.0
donald |Donald ,6.0
bit |bits ,6.0
knowledge |knowledge ,6.0
component |component |components ,6.0
everyday thing |Everyday Things ,6.0
asylum |Asylum ,6.0
human system interaction |human system interaction |Human System Interaction ,6.0
unsourced material |Unsourced material ,6.0
user research |User Research |user research ,6.0
miller |Miller ,6.0
pleasure |pleasure ,6.0
industrial design |industrial design ,6.0
r nkk |R nkk ,6.0
effectiveness |effectiveness |Effectiveness ,6.0
graphic |graphics ,6.0
iso standard |ISO standard ,6.0
unit |units ,6.0
reliable source |reliable sources ,6.0
elrif |Elrif |ElRif ,6.0
evaluation |Evaluation |evaluation ,6.0
product lifecycle management |product lifecycle management ,6.0
interaction designer |interaction designer |Interaction Designers ,6.0
requirement |requirements ,6.0
thinking |thinking ,6.0
item |items ,6.0
love |Love ,6.0
list |list |List ,6.0
inmate |Inmates ,6.0
learning environment |learning environment ,6.0
object |objects ,6.0
interactive |interactive ,6.0
error |errors |error ,6.0
job |job ,5.0
instrument |Instruments |instrument ,5.0
tutor |tutor ,5.0
use questionnaire |USE Questionnaire ,5.0
usability and user experience |Usability and user experience |usability and user experience ,5.0
validity |validity ,5.0
sus |SUS ,5.0
variety |variety ,5.0
behaviour |behaviour |Behaviour ,5.0
member |member |members ,5.0
organisation |organisation |organisations ,5.0
layout |layout ,5.0
usefulness |usefulness |Usefulness ,5.0
director eduction element |director eduction elements ,4.0
essential |Essentials ,4.0
imaginary |Imaginary ,4.0
product system |product system ,4.0
f real |F Real ,4.0
designing pleasurable product |Designing Pleasurable Products ,4.0
dead external link |dead external links ,4.0
momentary emotion |Momentary emotion ,4.0
column |columns ,4.0
business |business ,4.0
user experience edit |user experience edit ,4.0
smaller bit |smaller bits ,4.0
small task |small task ,4.0
analysis tool |Analysis tools ,4.0
interactive product |interactive products |interactive product ,4.0
bad design |bad design |bad designs ,4.0
roto |Roto ,4.0
social |social ,4.0
support |support ,4.0
branch |branch ,4.0
note |note ,4.0
practical implementation |practical implementation ,4.0
tool tools intellectual property organization |tool Tools Intellectual property Organizations ,4.0
clarification |clarification ,4.0
hassenzahl |Hassenzahl ,4.0
implementation |implementation ,4.0
truffle |Truffles ,4.0
jim miller |Jim Miller ,4.0
sigma |Sigma ,4.0
game design |game design ,4.0
engagement |engagement ,4.0
song |song ,4.0
engineer |engineers ,4.0
effect |effect ,4.0
chang |Chang ,4.0
archetype user |archetype users ,4.0
manufacturability |manufacturability ,4.0
applied art |Applied arts ,4.0
assembly |assembly ,4.0
paper |Paper ,4.0
issue |issues ,4.0
user manual |user manual ,4.0
human computer interaction user |Human computer interaction User ,4.0
freedom |freedom ,4.0
accessdate |accessdate ,4.0
quantitative evaluation |Quantitative evaluation ,4.0
end-user |end-users ,4.0
mental model |mental models |mental model ,4.0
creation |creation ,4.0
influence |Influences ,4.0
similar |similar ,4.0
contextual design |Contextual Design |Contextual design ,4.0
text messaging |text messaging ,4.0
machine |machines ,4.0
user requirement |User requirements |user requirements ,4.0
design and development |design and development ,4.0
real life |real life ,4.0
stage |stage ,4.0
international standard |International standards |international standard ,4.0
user-centered design process |user-centered design process ,4.0
digital |digital ,4.0
fact |fact ,4.0
external link |External links ,4.0
entire code |entire code ,4.0
references or source |references or sources ,4.0
tasks and goal |tasks and goals ,4.0
instructional design |instructional design ,4.0
information technology |Information Technology |information technology ,4.0
navigational element |navigational elements |Navigational elements ,4.0
table |table ,4.0
long-term |long-term ,4.0
industries association design council international forum design |Industries Association Design Council International Forum Design ,4.0
person s perception |person s perceptions ,4.0
daily life |daily life ,4.0
sense |sense ,4.0
friend |friends |friend ,4.0
positive user experience |positive user experiences |positive user experience ,4.0
york |York ,4.0
actor world |Actor World ,4.0
inclusive design |Inclusive Design ,4.0
utility |utility ,4.0
sequence |sequence ,4.0
physical |physical ,4.0
ucd process |UCD process ,4.0
guidance |Guidance ,4.0
bill |Bill ,4.0
law |Law ,4.0
reason |reason ,4.0
style editing |style editing ,4.0
entire design process |entire design process ,4.0
visual communication |visual communication ,4.0
efficiency |efficiency ,4.0
grudin |Grudin ,4.0
imaginal |imaginal ,4.0
edit cooper |edit Cooper ,4.0
designers design |Designers Design ,4.0
product development |product development ,4.0
irish ergonomics society annual conference |Irish Ergonomics Society Annual Conference ,4.0
empathy |empathy ,4.0
field research |field research ,4.0
localization |localization ,4.0
leadership management methods pattern research science strategy |leadership management methods pattern research science strategy ,4.0
existence |existence ,4.0
mapping |mapping ,4.0
smaller task |smaller tasks ,4.0
pruitt and adlin |Pruitt and Adlin ,4.0
ogilvyone |OgilvyOne ,4.0
beginning |beginning ,4.0
definition |definitions ,4.0
intelligent design new product development philosophy |Intelligent design New product development Philosophy ,4.0
image |images ,4.0
pragmatic |pragmatic ,4.0
primary stakeholder user |primary stakeholder user ,4.0
idea |ideas |idea ,4.0
dublin |Dublin ,4.0
wider knowledge |wider knowledge ,4.0
consequence |consequences |consequence ,4.0
integration |Integration |integration ,4.0
chicago good design award |Chicago Good Design Awards ,4.0
committee |committee ,4.0
series |series ,4.0
measuring usability |Measuring Usability ,4.0
peter |Peter ,4.0
act |act ,4.0
nature |nature ,4.0
place |place ,4.0
usability testing |usability testing ,4.0
affective factor |affective factors ,4.0
scenario-based design |Scenario-Based Design ,4.0
helpline |helpline |Helpline ,4.0
product system or service |product system or service ,4.0
portigal |Portigal ,4.0
empirical result |empirical results ,4.0
journal |Journal ,4.0
software development |software development ,4.0
website wireframe intellectual property community design design |Website wireframe Intellectual property Community design Design ,4.0
shift |shift ,4.0
customer segment |customer segments ,4.0
importance |importance ,4.0
communication design |communication design ,4.0
product lifecycle management system |product lifecycle management systems ,4.0
strategy |strategy ,4.0
web usability questionnaire |web usability questionnaires ,3.0
wording |wording ,3.0
geneva appraisal questionnaire gaq |Geneva Appraisal Questionnaire GAQ ,3.0
email |email ,3.0
morgan kaufmann publisher |Morgan Kaufmann Publishers ,3.0
purdue usability |Purdue Usability ,3.0
tobin |Tobin ,3.0
daniel k schneider |Daniel K Schneider ,3.0
lesson |lesson ,3.0
web-based questionnaire |Web-Based Questionnaires ,3.0
usability engineering |usability engineering |Usability Engineering ,3.0
colour |colour |colours ,3.0
hcibib |hcibib ,3.0
user interface usability evaluation |User Interface Usability Evaluation ,3.0
validation |validation ,3.0
demographic |demographics ,3.0
original |original ,3.0
web usability |web usability ,3.0
course |course ,3.0
pace |pace ,3.0
fisher |Fisher ,3.0
subject content |subject content ,3.0
affinity diagramming and participatory design session |affinity diagramming and participatory design sessions ,2.0
v n nen-vainio-mattila |V n nen-Vainio-Mattila ,2.0
s learning curve |s learning curve ,2.0
effective efficient and satisfying search |effective efficient and satisfying search ,2.0
freely available questionnaire |freely available questionnaire ,2.0
uxdesign |uxdesign ,2.0
autonomy |autonomy ,2.0
easy navigation and findability |easy navigation and findability ,2.0
nielsen |Nielsen ,2.0
brand pricing |brand pricing ,2.0
fictional personal detail |fictional personal details ,2.0
further imagination |further imagination ,2.0
regard |regard ,2.0
mcgraw hill |McGraw Hill ,2.0
designer or developer |designer or developer ,2.0
complicated task |complicated task ,2.0
intricate detail |intricate details ,2.0
kort |Kort ,2.0
language edit |Language edit ,2.0
carla willig |Carla Willig ,2.0
design consideration |design considerations ,2.0
adaptive path |Adaptive Path ,2.0
conversation |Conversation ,2.0
command structure |command structure ,2.0
well-written text |well-written texts ,2.0
sweden |Sweden ,2.0
tribe |tribe ,2.0
important element |Important elements ,2.0
system virtual |system virtual ,2.0
qualitative research |qualitative research ,2.0
systems requirement |systems requirements ,2.0
laugwitz b schrepp m held |Laugwitz B Schrepp M Held ,2.0
investigative method |investigative methods ,2.0
design principle |design principles ,2.0
average-case scenario |average-case scenario ,2.0
exact definition |exact definition ,2.0
key click |key click ,2.0
root |roots ,2.0
change |changes ,2.0
brand buyer |brand buyers ,2.0
multidisciplinary skills and perspective |multidisciplinary skills and perspectives ,2.0
consumer |Consumer ,2.0
content inventory wireframes screen blueprint |Content Inventory Wireframes screen blueprints ,2.0
targeting measurement |Targeting Measurement ,2.0
customer base |customer base ,2.0
austin henderson |Austin Henderson ,2.0
search user experience ux |search User Experience UX ,2.0
average joe |average joe ,2.0
product appreciation |product appreciation ,2.0
search user-centered design ucd |search User-centered design UCD ,2.0
criticism |criticism ,2.0
digital and non-digital device |digital and non-digital devices ,2.0
web based material |web based material |web based materials ,2.0
opinion essay |opinion essay ,2.0
noted pioneer software developer |noted pioneer software developer ,2.0
north american term |North American term ,2.0
pruitt et al |Pruitt et al ,2.0
similar bulk-text situation |similar bulk-text situations ,2.0
design experience |design experiences ,2.0
main research question |main research questions ,2.0
development and validation |development and validation ,2.0
google books further reading edit |Google Books Further reading edit ,2.0
george olsen usable persona academic tool |George Olsen Usable Persona Academic Tool ,2.0
inference |inference ,2.0
hci design designing pleasurable product |HCI Design Designing Pleasurable Products ,2.0
managing edit |managing edit ,2.0
technical library |Technical library ,2.0
miramontes computing |Miramontes Computing ,2.0
online service |online service |Online service ,2.0
report |reports ,2.0
primary stakeholder user group |primary stakeholder user group ,2.0
legibility edit text |Legibility edit Text ,2.0
experience design uxd |experience design UXD ,2.0
persona fictitious user |Persona Fictitious users ,2.0
novice analyst |novice analyst ,2.0
paper form |paper form ,2.0
verification |verification ,2.0
attributes e g |attributes e g ,2.0
allaboutux org law |AllAboutUX org Law ,2.0
personal reflection |personal reflection ,2.0
roi |ROI ,2.0
additional citation |additional citations ,2.0
design evaluation and implementation |design evaluation and implementation ,2.0
organizational issue |organizational issues ,2.0
usability practitioner |usability practitioners ,2.0
contextual inquiry design thinking empathic design human-centered computing |Contextual inquiry Design Thinking Empathic design Human-centered computing ,2.0
ux design defined |UX Design Defined ,2.0
user experience and product appreciation |user experience and product appreciation ,2.0
software product |software product ,2.0
labeling |Labeling ,2.0
visual perception |visual perception ,2.0
critical success factor |critical success factor ,2.0
construction |Construction ,2.0
type meaningful order or hierarchy |type meaningful order or hierarchy ,2.0
information and feature |information and features ,2.0
anti-persona |anti-persona ,2.0
computer software |computer software ,2.0
single archetypal user |single archetypal users ,2.0
improvement |improvement ,2.0
technical communication ad-hoc personas empathetic focus essay |Technical Communication Ad-Hoc Personas Empathetic Focus essay ,2.0
finding and managing edit |Finding and managing edit ,2.0
fable |Fable ,2.0
designs feature |designs Features ,2.0
proposed solution |Proposed solutions ,2.0
font style |font style ,2.0
different form |different forms ,2.0
writer |writers ,2.0
flexibility |flexibility ,2.0
wide use |wide use ,2.0
simplified average |simplified averages ,2.0
affinity diagramming |affinity diagramming ,2.0
clothes |clothes ,2.0
great user experience |great user experience ,2.0
tutorial |tutorials ,2.0
actual user s reality |actual user s reality ,2.0
large or small body text |Large or small body text ,2.0
acting |acting ,2.0
responsibilities goal |responsibilities goals ,2.0
no additional |no additional ,2.0
workplace computer |workplace computers ,2.0
scale |scale ,2.0
expansion |expansion ,2.0
ucd principle |UCD principles ,2.0
usability people |Usability people ,2.0
main target |main target ,2.0
human s ability |human s ability ,2.0
computer system |Computer Systems ,2.0
similar user-centered design field |similar user-centered design fields ,2.0
edit buxton |edit Buxton ,2.0
san francisco |San Francisco ,2.0
art and science |art and science ,2.0
efficiency effectiveness and basic subjective satisfaction |efficiency effectiveness and basic subjective satisfaction ,2.0
grammar |grammar ,2.0
infancy |infancy ,2.0
chandra |Chandra ,2.0
identification |identification ,2.0
grudin and pruitt |Grudin and Pruitt ,2.0
personas edit |Personas edit ,2.0
detailed and properly conceived guidelines incorporating business |detailed and properly conceived guidelines Incorporating business ,2.0
product service or process |product service or process ,2.0
technique |technique ,2.0
generalized user |generalized user ,2.0
focus group |focus groups ,2.0
website user experience |website user experience ,2.0
evangelo |Evangelos ,2.0
user experience questionnaire ueq |User Experience Questionnaire UEQ ,2.0
year |years ,2.0
pen portrait |pen portraits ,2.0
aesthetics or look-and-feel |aesthetics or look-and-feel ,2.0
entire practice |entire practice ,2.0
distinct group |distinct groups ,2.0
practical matter |practical matter ,2.0
sampling overall sample size |sampling overall sample size ,2.0
subject matter expert |subject matter expert ,2.0
existing best practice |existing best practice ,2.0
designers edit |Designers edit ,2.0
minimum |minimum ,2.0
cad digital mockup |CAD digital mockup ,2.0
wider usage context |wider usage context ,2.0
visibility accessibility legibility |visibility accessibility legibility ,2.0
mobile ubiquitous social |mobile ubiquitous social ,2.0
brand product |brand product ,2.0
actual customer |actual customers ,2.0
larger more complicated code |larger more complicated code ,2.0
adventure |Adventures ,2.0
denver |Denver ,2.0
school empathic design frugal innovation kansei engineering |School Empathic design Frugal innovation Kansei engineering ,2.0
strong focus |strong focus ,2.0
use case edit |Use case edit ,2.0
hawthorne effect or pygmalion effect |Hawthorne effect or Pygmalion effect ,2.0
basic subjective satisfaction |basic subjective satisfaction ,2.0
assignment |assignment |assignments ,2.0
chart |chart ,2.0
rsi |RSI ,2.0
design edit user experience design |Design edit User experience design ,2.0
user experience architect |user experience architect ,2.0
meaningful manner |meaningful manner ,2.0
conventional persona creation |Conventional persona creation ,2.0
different stakeholder |different stakeholders ,2.0
approaches edit |approaches edit ,2.0
bi-annual participatory design conference |bi-annual Participatory Design Conference ,2.0
target population |target population ,2.0
designing website |designing websites ,2.0
long-term relation |long-term relation ,2.0
sanity |Sanity ,2.0
earlier work citation |earlier work citation ,2.0
brand s value |brand s values ,2.0
proper context |proper context ,2.0
personas references edit william lidwell |Personas References edit William Lidwell ,2.0
cloak |cloak ,2.0
child |children ,2.0
no assumption |no assumptions ,2.0
commentary |commentary ,2.0
verb |verbs ,2.0
use and understanding |use and understanding ,2.0
performance |performance ,2.0
different interpretation |different interpretation ,2.0
different design constraint |different design constraints ,2.0
strength |strengths ,2.0
ornamental font |Ornamental fonts ,2.0
content management system |content management systems ,2.0
representative |representative ,2.0
explicit understanding |explicit understanding ,2.0
development project |development projects ,2.0
device |devices ,2.0
talk page |talk page ,2.0
sam |SAMS ,2.0
consuming |consuming ,2.0
traditional user interface |traditional user interface ,2.0
working |working ,2.0
industry |industry ,2.0
audience feedback |audience feedback ,2.0
imprecise meaning |imprecise meaning ,2.0
type meaningful order |type meaningful order ,2.0
engineering team |engineering teams ,2.0
short analysis |short analysis ,2.0
product lifecycle management systems edit |product lifecycle management systems edit ,2.0
universal principle |Universal Principles ,2.0
circumstance |circumstances ,2.0
theory and method |theory and method ,2.0
color-coding |color-coding ,2.0
mind |Mind ,2.0
key factor |key factors ,2.0
skills required edit |Skills required edit ,2.0
end |end ,2.0
virpi |Virpi ,2.0
valuable aspect |valuable aspects ,2.0
interprets performance |interprets performance ,2.0
small piece |small pieces ,2.0
real interface behaviour |real interface behaviour ,2.0
extreme environment |extreme environments ,2.0
manufacturing planner |manufacturing planner ,2.0
purported flaw |purported flaws ,2.0
information structure |Information structure |information structure ,2.0
sufficient usability |sufficient usability ,2.0
metadata |metadata ,2.0
general term |general term ,2.0
visibility edit visibility |Visibility edit Visibility ,2.0
gestalt psychology |Gestalt psychology ,2.0
design and evaluation |Design and Evaluation ,2.0
presentation |presentation ,2.0
representation |representation ,2.0
england jenkinson |England Jenkinson ,2.0
samfundslitteratur |Samfundslitteratur ,2.0
ux matter |UX Matters ,2.0
design evaluation |design evaluation ,2.0
state |states ,2.0
influence user experience |influence user experience ,2.0
site audit usability study |Site Audit usability study ,2.0
practical experiential affective meaningful and valuable aspect |practical experiential affective meaningful and valuable aspects ,2.0
specific consistent understanding |specific consistent understanding ,2.0
quote |quote ,2.0
pdf equivalent |PDF equivalents ,2.0
user experience and usability |user experience and usability ,2.0
successful experience |successful experience ,2.0
grudin j |Grudin J ,2.0
use case examples ratio group |Use Case Examples Ratio Group ,2.0
end user |end users ,2.0
fundamental |Fundamentals ,2.0
primary focus |primary focus ,2.0
structuring |structuring ,2.0
search |search ,2.0
visual design edit |Visual design edit ,2.0
pre-requisite behavioral concern |pre-requisite behavioral concerns ,2.0
bad usability |bad usability ,2.0
text message |text message ,2.0
actual physical world |actual physical world ,2.0
design work |design work ,2.0
screen design and command structure |screen design and command structure ,2.0
strong brand |strong brand ,2.0
wizard |wizards ,2.0
storyboards prototype |storyboards Prototypes ,2.0
contextual inquiry |contextual inquiry ,2.0
programming |programming ,2.0
qualitative persona |qualitative personas ,2.0
holistic perspective |holistic perspective ,2.0
content object |content objects ,2.0
affective interaction |affective interaction ,2.0
guided assistance |guided assistance ,2.0
persona user experience |persona user experience ,2.0
interface element |interface elements ,2.0
usability professional |Usability Professionals ,2.0
background |backgrounds ,2.0
individual person |individual person ,2.0
physical interaction |physical interaction ,2.0
market segmentation |market segmentation ,2.0
no clear relationship |no clear relationship ,2.0
opinion |opinions ,2.0
internal characteristic |internal characteristics ,2.0
system virtual or physical |system virtual or physical ,2.0
common values attitudes and assumption |common values attitudes and assumptions ,2.0
script |script ,2.0
recent connection |recent connection ,2.0
ergonomics society |Ergonomics Society ,2.0
scandinavian tradition |Scandinavian tradition ,2.0
job role and skill level |job role and skill level ,2.0
momentary episodic and long-term |momentary episodic and long-term ,2.0
hfes history |HFES History ,2.0
user experience questionnaire |user experience questionnaire ,2.0
localization external |localization External ,2.0
empirical study |empirical study ,2.0
hypothesis |hypothesis ,2.0
examples and offers principle |examples and offers principles ,2.0
key research finding |key research findings ,2.0
personas scenarios and essential use case |personas scenarios and essential use cases ,2.0
perceived ease |perceived ease ,2.0
page number |page numbers ,2.0
usable product |usable products ,2.0
information architecture and user interface |information architecture and user interface ,2.0
interface define interaction pattern |interface Define Interaction patterns ,2.0
widespread use |widespread use ,2.0
concern |concerns ,2.0
expectation effect |expectation effects ,2.0
convenience |convenience ,2.0
waikoloa |Waikoloa ,2.0
forms edit instruction manual edit |Forms edit Instruction manual edit ,2.0
user-centered design edit |user-centered design edit ,2.0
emerging field |emerging field ,2.0
system aspect |system aspects ,2.0
quality information |quality information ,2.0
skill |skills ,2.0
ethnographic research edit |ethnographic research edit ,2.0
user-centered evaluation |user-centered evaluation ,2.0
feedback completes performance use case |feedback completes performance Use cases ,2.0
system or application |system or application ,2.0
individual perception |individual perception ,2.0
detailed |detailed ,2.0
effectiveness efficiency |effectiveness efficiency ,2.0
application development |application development ,2.0
behavior pattern |behavior patterns ,2.0
team politics |team politics ,2.0
personal reflection or opinion essay |personal reflection or opinion essay ,2.0
software application |software applications ,2.0
tinier task |tinier tasks ,2.0
segmentation |segmentations ,2.0
people team |people teams ,2.0
complete song |complete song ,2.0
l engaging personas and narrative scenario |L Engaging Personas and Narrative Scenarios ,2.0
individual user persona |individual user personas ,2.0
gather |gathers ,2.0
maidenhead |Maidenhead ,2.0
usage circumstance |usage circumstances ,2.0
high-tech products drive |High-Tech Products Drive ,2.0
objective |objectives ,2.0
intersect |intersects ,2.0
don norman making personas more powerful |Don Norman Making Personas More Powerful ,2.0
way |ways ,2.0
richer scope |richer scope ,2.0
apple computer |Apple Computer ,2.0
rise |rise ,2.0
practical experiential affective meaningful |practical experiential affective meaningful ,2.0
elsevier science |Elsevier Science ,2.0
wide range |wide range ,2.0
service product or interaction space |service product or interaction space ,2.0
morgan kaufmann |Morgan Kaufmann ,2.0
user behaviour |user behaviour ,2.0
criticism edit criticism |Criticism edit Criticism ,2.0
real people |real people ,2.0
expansion and extension |expansion and extension ,2.0
human factors and ergonomics society |Human Factors and Ergonomics Society ,2.0
hedonic aspect |hedonic aspects ,2.0
sari |Sari ,2.0
edit moser |edit Moser ,2.0
human computer interaction usability technical communication internet marketing terminology |Human computer interaction Usability Technical communication Internet marketing terminology ,2.0
sub-field |sub-field ,2.0
guide |guide ,2.0
design portal action research activity-centered design chief experience officer |Design portal Action research Activity-centered design Chief experience officer ,2.0
products and service |products and services ,2.0
good overall user experience |good overall user experience ,2.0
suitable place |suitable place ,2.0
software user assistance resources microsoft |software user assistance resources Microsoft ,2.0
system science |System Sciences ,2.0
psychology anthropology architecture sociology computer science |psychology anthropology architecture sociology computer science ,2.0
anticipated use |anticipated use ,2.0
cognitive perspective |cognitive perspective ,2.0
unsentimental honest and candid descriptor |unsentimental honest and candid descriptors ,2.0
system user |system user ,2.0
behavior or design graphic mockup |behavior or design Graphic mockups ,2.0
tamara |Tamara ,2.0
use team |Use Team ,2.0
drawback |drawbacks ,2.0
ibm ease |IBM Ease ,2.0
persona lifecycle |Persona Lifecycle ,2.0
direct |Direct ,2.0
tasks and environment |tasks and environments ,2.0
affinity |affinity ,2.0
artifact |artifacts ,2.0
phrase word |phrase words ,2.0
mixture |mixture ,2.0
learning curve |learning curve ,2.0
context incorporate user |context Incorporate user ,2.0
facet |facets ,2.0
essential element |essential elements ,2.0
actual person |actual person ,2.0
don norman |Don Norman ,2.0
audience group |audience groups ,2.0
gestalt psychology and visual perception |Gestalt psychology and visual perception ,2.0
gender |gender ,2.0
skill level |skill level ,2.0
instance |instance ,2.0
fun |fun ,2.0
in-the-mind simulation written specification |in-the-mind simulation Written specifications ,2.0
external links edit |External links edit ,2.0
affordance |affordances ,2.0
cause-and effect scheme |cause-and effect scheme ,2.0
personas scenario |personas scenarios ,2.0
learning approach |learning approach ,2.0
model |Models ,2.0
online help |online help ,2.0
sum |sum ,2.0
practically all area |practically all areas ,2.0
human user |human users ,2.0
no replication or sampling overall sample size |no replication or sampling overall sample size ,2.0
rockport publisher |Rockport Publishers ,2.0
john m making use |John M Making Use ,2.0
sue peer-reviewed online textbook |Sue Peer-reviewed online textbook ,2.0
human use |human use ,2.0
benefits edit user experience design |Benefits edit User experience design ,2.0
edit scenario |edit Scenario ,2.0
effective efficient |effective efficient ,2.0
quality assurance |quality assurance ,2.0
touching |touching ,2.0
kuniavsky |Kuniavsky ,2.0
ui design |UI design ,2.0
everyday life |everyday life ,2.0
emotional or physical characteristic |emotional or physical characteristics ,2.0
motivation |motivations ,2.0
ux curve |UX Curve ,2.0
no url wikipedia article |no URL Wikipedia articles ,2.0
peer-reviewed definition |Peer-reviewed definition ,2.0
kritina holden |Kritina Holden ,2.0
usability attribute |usability attributes ,2.0
technology application |technology applications ,2.0
video game |video games ,2.0
researcher |researcher ,2.0
create |Create ,2.0
scattered user group |scattered user group ,2.0
traditional form |traditional form ,2.0
search function |search functions ,2.0
ux innovation |UX Innovation ,2.0
online help edit |Online help edit ,2.0
boston |Boston ,2.0
elements edit |Elements edit ,2.0
soft metric |soft metrics ,2.0
length |length ,2.0
stub |stub ,2.0
access |access ,2.0
visitor |visitors ,2.0
small body text |small body text ,2.0
chapman and milham |Chapman and Milham ,2.0
genre |genre ,2.0
multidisciplinary design branch |multidisciplinary design branch ,2.0
imaginal character |imaginal character ,2.0
use and efficiency |use and efficiency ,2.0
iceberg analogy |iceberg analogy ,2.0
single error |single error ,2.0
bold |Bold ,2.0
full extent |full extent ,2.0
dead external links article |dead external links Articles ,2.0
participatory design session |participatory design sessions ,2.0
chief difference |chief difference ,2.0
effective visual communication |effective visual communication ,2.0
s particular feeling |s particular feelings ,2.0
simply a small action |simply a small action ,2.0
company |company ,2.0
broad range |broad range ,2.0
rest |rest ,2.0
fleming |Fleming ,2.0
tutorial information |tutorial information ,2.0
tiny interaction |tiny interactions ,2.0
vol |Vol ,2.0
palatable format |palatable format ,2.0
mean |means ,2.0
website design |website design ,2.0
partially controlled study |partially controlled study ,2.0
descriptive |descriptive ,2.0
mistake |mistakes ,2.0
desire |desires ,2.0
branding people |branding people ,2.0
gesture |gestures ,2.0
no control |no control ,2.0
special kind |special kind ,2.0
publication |publication ,2.0
early user experience publication |early user experience publications ,2.0
advanced skill |advanced skills ,2.0
hcibib org |hcibib org ,2.0
worst-case scenario |worst-case scenario ,2.0
following question |following questions ,2.0
bolding |bolding ,2.0
malmo |Malmo ,2.0
distinctive and meaningful manner |distinctive and meaningful manner ,2.0
further possible problem |further possible problems ,2.0
sound audience |sound audience ,2.0
animation |animation ,2.0
unnecessary product feature |unnecessary product features ,2.0
first thinking |first thinking ,2.0
higher education |higher education ,2.0
constituent part |constituent parts ,2.0
required adjustments audience applause |required adjustments audience applause ,2.0
customer-centric technical publication |customer-centric technical publications ,2.0
online and technology application |online and technology applications ,2.0
comprehensibility |comprehensibility ,2.0
customer-centered design |customer-centered design ,2.0
project organization |project organization ,2.0
quality relationship |quality relationships ,2.0
content design discipline |content design disciplines ,2.0
hypothesized group |hypothesized group ,2.0
scientific method |scientific method ,2.0
jargon |jargon ,2.0
social or cultural issue |social or cultural issues ,2.0
understanding interaction design |understanding interaction design ,2.0
side |side ,2.0
emphasis |emphasis ,2.0
guitar display sheet music |guitar display sheet music ,2.0
sub-optimal user experience |sub-optimal user experiences ,2.0
simple sentence structure |simple sentence structure ,2.0
define |define ,2.0
online marketing purpose |online marketing purposes ,2.0
secondary persona |secondary persona ,2.0
precise visual |Precise visual ,2.0
product decision |product decisions ,2.0
resources perform |resources performs ,2.0
multiple issue |multiple issues ,2.0
hypothetical user |hypothetical users ,2.0
matches user expectation |matches user expectations ,2.0
pragmatic and hedonic aspect |pragmatic and hedonic aspects ,2.0
client |clients ,2.0
user satisfaction |user satisfaction ,2.0
first solution |first solution ,2.0
motion graphics design |motion graphics design ,2.0
software designer |software designers ,2.0
hci and usability |HCI and usability ,2.0
begeistern |begeistern ,2.0
envisioning work |Envisioning Work ,2.0
greenbaum kyng ed |Greenbaum Kyng eds ,2.0
extreme outliers or edge case |extreme outliers or edge cases ,2.0
transgenerational design ubiquitous computing usability |Transgenerational design Ubiquitous computing Usability ,2.0
perspective |perspectives ,2.0
minor step |minor steps ,2.0
encyclopedic style |encyclopedic style ,2.0
general characteristics uses and best practice |general characteristics uses and best practices ,2.0
background increases legibility |background increases legibility ,2.0
high demand |High demand ,2.0
iso definition |ISO definition ,2.0
momentary experience |momentary experiences ,2.0
computing systems conference |Computing Systems conference ,2.0
cultural issue |cultural issues ,2.0
day |day ,2.0
large |Large ,2.0
vermeeren |Vermeeren ,2.0
devices edit |Devices edit ,2.0
mere usability |mere usability ,2.0
granted |granted ,2.0
creator |creator ,2.0
response |response ,2.0
chapter |chapter ,2.0
emotions help |emotions help ,2.0
product cycle |product cycle ,2.0
final bigger task |final bigger task ,2.0
former example |former example ,2.0
targeting measurement and analysis |Targeting Measurement and Analysis ,2.0
actual context |actual context ,2.0
process and implementation |process and implementation ,2.0
drag-drop selections mouse |drag-drop selections mouse ,2.0
italic word |italic words ,2.0
programmer |programmer ,2.0
intricate details and interaction |intricate details and interactions ,2.0
pivotal role |pivotal role ,2.0
given |given ,2.0
humans gatherspace |Humans Gatherspace ,2.0
experience design software development process core activities requirement |Experience design Software development process Core activities Requirements ,2.0
orientation |orientation ,2.0
contributing factor |contributing factors ,2.0
momentary emotion or overall user experience edit |Momentary emotion or overall user experience edit ,2.0
basic concept |basic concepts ,2.0
alan cooper |Alan Cooper ,2.0
www ueq-online |www ueq-online ,2.0
typical user |typical users ,2.0
front end |front end ,2.0
latest ui pattern |latest UI patterns ,2.0
edit moggridge |edit Moggridge ,2.0
small detail |small detail ,2.0
traditional classroom approach |traditional classroom approach ,2.0
short |short ,2.0
feminist critique |Feminist critique ,2.0
scientific research method |scientific research method ,2.0
researcher and designer |researcher and designer ,2.0
pygmalion effect |Pygmalion effect ,2.0
defining persona |Defining personas ,2.0
hierarchy |hierarchy ,2.0
diversity |diversity ,2.0
human computer interaction |human computer interaction ,2.0
user multitasking |user multitasking ,2.0
technology community |technology community ,2.0
fourth problem |fourth problem ,2.0
reasoning |reasoning ,2.0
writing editing task analysis |writing editing task analysis ,2.0
effective user assistance development |Effective user assistance development ,2.0
choice criticism edit |choice Criticism edit ,2.0
narrative |narrative ,2.0
social context |social context ,2.0
segment |segment ,2.0
system development |System Development ,2.0
helander s handbook |Helander s Handbook ,2.0
difficulty |difficulty ,2.0
type |types ,2.0
interactive world |interactive world ,2.0
elastic user |Elastic User ,2.0
low level task |low level tasks ,2.0
database marketing |database marketing ,2.0
user-focused design discussion |user-focused design discussion ,2.0
expected end result |expected end result ,2.0
cambridge |Cambridge ,2.0
fictional story |fictional story ,2.0
first column labelled actor second column labelled world |first column labelled actor second column labelled world ,2.0
iso standard human-centred design |ISO standard Human-centred design ,2.0
different designer |different designers ,2.0
communication skill |communication skills ,2.0
christian |Christian ,2.0
user assistance profession |user assistance profession ,2.0
professor and student |professor and students ,2.0
design focus cooper |design focus Cooper ,2.0
generative method |Generative methods ,2.0
interaction-design org |Interaction-Design org ,2.0
participatory design and product development |participatory design and product development ,2.0
subset |subset ,2.0
sinnel |Sinnel ,2.0
traditional definition |traditional definitions ,2.0
colorado |Colorado ,2.0
no replication |no replication ,2.0
procedural and tutorial information |procedural and tutorial information ,2.0
actual low level process |actual low level processes ,2.0
anecdotal feedback |anecdotal feedback ,2.0
information architecture edit information architecture |Information architecture edit Information architecture ,2.0
l engaging persona |L Engaging Personas ,2.0
target user |target users ,2.0
edit tidwell |edit Tidwell ,2.0
different user type |different user types ,2.0
human face and existence |human face and existence ,2.0
procedural |procedural ,2.0
no relation |no relation ,2.0
scanning |scanning ,2.0
affective aspect |affective aspects ,2.0
card sorting |card sorting ,2.0
look-and-feel |look-and-feel ,2.0
physical characteristic |physical characteristics ,2.0
improved user experience |improved user experiences ,2.0
professor |professor ,2.0
rapid technological advancement |rapid technological advancements ,2.0
participatory design pd |Participatory design PD ,2.0
picture demographics role |picture demographics roles ,2.0
tasks motivation |tasks motivations ,2.0
critic |Critics ,2.0
high figure-ground contrast |High figure-ground contrast ,2.0
inconsistency |inconsistency ,2.0
advertising |advertising ,2.0
product or service |product or service ,2.0
difficult |difficult ,2.0
existing asset |existing assets ,2.0
latest ui patterns and component |latest UI patterns and components ,2.0
short period |short period ,2.0
s persona non grata |S Persona non grata ,2.0
site |site ,2.0
personality and characteristic |personality and characteristics ,2.0
product service |product service ,2.0
different inputs mode |different inputs modes ,2.0
temporal level |temporal levels ,2.0
user needs and goal |user needs and goals ,2.0
non-random fashion |non-random fashion ,2.0
prototype testing |prototype testing ,2.0
term persona |term persona ,2.0
download |Download ,2.0
understood |understood ,2.0
instruction manual computer and video game |Instruction manual computer and video games ,2.0
control |control ,2.0
integrated interaction |integrated interactions ,2.0
small problem |small problems ,2.0
explanation |explanations ,2.0
url |url ,2.0
construction and evaluation |Construction and evaluation ,2.0
moderate skill |moderate skills ,2.0
edit user interface internationalization |edit User interface Internationalization ,2.0
web navigation |Web Navigation ,2.0
context edit |Context edit ,2.0
geographical location |geographical location ,2.0
wiktionary |Wiktionary ,2.0
attention |attention ,2.0
smug customer-centricity |smug customer-centricity ,2.0
online business |online business ,2.0
interaction space |interaction space ,2.0
reproducible research |reproducible research ,2.0
enterprise knowledge base |enterprise knowledge bases ,2.0
user interface behavior |user Interface behavior ,2.0
marketing branding visual design |marketing branding visual design ,2.0
grudin j and pruitt |Grudin J and Pruitt ,2.0
actual user |actual users ,2.0
simple story |simple story ,2.0
cognitive science |cognitive science ,2.0
mit press |MIT Press ,2.0
content strategy |content strategy ,2.0
designing interface |Designing Interfaces ,2.0
multiple technical aspect |multiple technical aspects ,2.0
general characteristic |general characteristics ,2.0
aid navigation |aid navigation ,2.0
private group |private groups ,2.0
platform |platform ,2.0
screen design |screen design ,2.0
www ibm com developerworks library w-berry |www ibm com developerworks library w-berry ,2.0
user experience design edit |user experience design edit ,2.0
team member |team members ,2.0
product development cf |product development cf ,2.0
interaction plan |interaction plans ,2.0
dark text |Dark text ,2.0
best-case scenario |best-case scenario ,2.0
pleasurable end user experience |pleasurable end user experience ,2.0
actual interaction episode |actual interaction episode ,2.0
important concern |important concern ,2.0
interaction design ixd |interaction design IxD ,2.0
geneva emotion research group |Geneva Emotion Research Group ,2.0
unsentimental honest |unsentimental honest ,2.0
framework |framework ,2.0
respective column |respective columns ,2.0
interaction design edit |Interaction design edit ,2.0
imaginal or fictional character |imaginal or fictional characters ,2.0
degree |degree ,2.0
benefits edit |Benefits edit ,2.0
holzinger |Holzinger ,2.0
design engineer |design engineer ,2.0
phone |phone ,2.0
real life occurrence |real life occurrences ,2.0
nominal |nominals ,2.0
individual system |individual systems ,2.0
common design pitfall |common design pitfalls ,2.0
survey |Surveys ,2.0
minor steps and detail |minor steps and details ,2.0
similar buying behaviour |similar buying behaviours ,2.0
effectively |Effectively ,2.0
important task |important tasks ,2.0
user experience research |user experience research ,2.0
ieee internet computing |IEEE Internet Computing ,2.0
satisfying search |satisfying search ,2.0
hawthorne effect |Hawthorne effect ,2.0
structured approach |Structured Approach ,2.0
schuler namioka |Schuler Namioka ,2.0
product ownership |product ownership ,2.0
b chapman |b Chapman ,2.0
michael jacob |Michael Jacobs ,2.0
no procedure |no procedure ,2.0
offers principle |offers principles ,2.0
david travis |David Travis ,2.0
acceptance |acceptance ,2.0
emotional design |Emotional Design ,2.0
retrieved |Retrieved ,2.0
lin |Lin ,2.0
experience level |experience levels ,2.0
typical stakeholder |typical stakeholder ,2.0
short questionnaire |Short questionnaire ,2.0
first |first ,2.0
browsing |browsing ,2.0
case specification |case specification ,2.0
thought process |thought process ,2.0
main contributor |main contributor ,2.0
personality |personality ,2.0
multi-stage problem solving process |multi-stage problem solving process ,2.0
strategic segmentation |strategic segmentation ,2.0
long-term user experience |long-term user experience ,2.0
mother tongue |mother tongue ,2.0
required information |required information ,2.0
principal |principal ,2.0
day-in-the-life archetype description |day-in-the-life archetype descriptions ,2.0
sme interviewing |SME interviewing ,2.0
government |government ,2.0
research agenda |Research Agenda ,2.0
ibm |IBM ,2.0
mit erlebniszentrierter softwareentwicklung zu produkten |Mit erlebniszentrierter Softwareentwicklung zu Produkten ,2.0
stereotypical user |stereotypical users ,2.0
universe |universe ,2.0
instruction manual computer |Instruction manual computer ,2.0
task goal |task goals ,2.0
review |review ,2.0
introduction |introduction ,2.0
designers and user |designers and users ,2.0
service product |service product ,2.0
candid descriptor |candid descriptors ,2.0
universally recognized definition |universally recognized definition ,2.0
berry |Berry ,2.0
broader category |broader category ,2.0
contextual interface |contextual interfaces ,2.0
extensive attention |extensive attention ,2.0
effectiveness efficiency and satisfaction |effectiveness efficiency and satisfaction ,2.0
user-centred designer |User-Centred Designer ,2.0
ued |UED ,2.0
c n milham |C N Milham ,2.0
features definition |features definition ,2.0
information medium |information medium ,2.0
brand product or service |brand product or service ,2.0
deal |deals ,2.0
future |Future ,2.0
user-centered approach |user-centered approach ,2.0
basic smaller part |basic smaller parts ,2.0
capture |capture ,2.0
o reilly associate |O Reilly Associates ,2.0
capital letter |capital letters ,2.0
rhetorical situation edit |Rhetorical situation edit ,2.0
cax process |CAx processes ,2.0
basic building unit |basic building units ,2.0
accessibility edit accessibility |Accessibility edit Accessibility ,2.0
higher course evaluation |higher course evaluations ,2.0
real interface behaviour and attitude |real interface behaviour and attitudes ,2.0
jonas lowgren |Jonas Lowgren ,2.0
related concept |related concept ,2.0
thrive |thrives ,2.0
labeled section |labeled sections ,2.0
organizational objective |organizational objectives ,2.0
online learning |online learning ,2.0
essential guide |essential guide ,2.0
good usability |Good usability ,2.0
contextual environment |contextual environments ,2.0
human factors and ergonomics |human factors and ergonomics ,2.0
riders press |Riders Press ,2.0
careful analysis |careful analysis ,2.0
specific persona |specific personas ,2.0
traditional human-computer interaction hci design |traditional human-computer interaction HCI design ,2.0
methodology |methodology ,2.0
development and design |development and design ,2.0
color |colors ,2.0
user-centered design and marketing |user-centered design and marketing ,2.0
emotional |emotional ,2.0
larger task |larger task ,2.0
marketer |Marketers ,2.0
growth |growth ,2.0
efficiency effectiveness |efficiency effectiveness ,2.0
momentary episodic |momentary episodic ,2.0
short sentence |Short sentences ,2.0
human-centered design |Human-centered design ,2.0
design graphic mockup |design Graphic mockups ,2.0
typical output |Typical outputs ,2.0
equal footing |equal footing ,2.0
text and background increases legibility |text and background increases legibility ,2.0
j persona |J Personas ,2.0
job role |job role ,2.0
light background |light background ,2.0
fictional persona |fictional persona ,2.0
interactive or in-the-mind simulation written specification |interactive or in-the-mind simulation Written specifications ,2.0
expert |experts ,2.0
term usability pre-date |term usability pre-dates ,2.0
typical feature |Typical features ,2.0
purpose edit ucd |Purpose edit UCD ,2.0
information edit |Information edit ,2.0
usability including pragmatic aspect |usability including pragmatic aspects ,2.0
brand loyalty |brand loyalty ,2.0
ornamental fonts and text |Ornamental fonts and text ,2.0
similar vein |similar vein ,2.0
usage context situation |usage context situation ,2.0
outcome |outcomes ,2.0
extension |extension ,2.0
tangible interaction |tangible interactions ,2.0
account |account ,2.0
subject-matter expert sme |subject-matter expert SME ,2.0
non-digital device |non-digital devices ,2.0
design measure |design measure ,2.0
italic |italics ,2.0
usability and findability |usability and findability ,2.0
persona edit |Persona edit ,2.0
participation |participation ,2.0
age |age ,2.0
phrase |phrase ,2.0
print simple persona |Print Simple Personas ,2.0
personas method |personas method ,2.0
glance |glance ,2.0
scenario edit |Scenario edit ,2.0
basingstoke uk jenkinson |Basingstoke UK Jenkinson ,2.0
smaller interaction experience |smaller interaction experiences ,2.0
needed part |needed Part ,2.0
kujala |Kujala ,2.0
theory |theory ,2.0
jenifer |Jenifer ,2.0
noun string |noun strings ,2.0
human performance |human performance ,2.0
crazy |Crazy ,2.0
extent |extent ,2.0
labeling edit structuring |labeling edit Structuring ,2.0
seven-point likert rating scale |seven-point Likert rating scales ,2.0
ux definition |UX definitions ,2.0
shared understanding |shared understanding ,2.0
real world test |real world tests ,2.0
human |humans ,2.0
garrett |Garrett ,2.0
visual element |visual elements ,2.0
easy navigation |easy navigation ,2.0
feature requirement |feature requirements ,2.0
usability edit usability |Usability edit Usability ,2.0
cad cam and cax process |CAD CAM and CAx processes ,2.0
typical life |typical life ,2.0
screen size |Screen size ,2.0
linkedin software user assistance group |Linkedin Software User Assistance group ,2.0
technical person |technical person ,2.0
specific segment |specific segments ,2.0
ucd viewpoint |UCD viewpoints ,2.0
common values attitude |common values attitudes ,2.0
component-based usability |Component-Based Usability ,2.0
date |date ,2.0
buzzword |buzzword ,2.0
user assistance professional |User assistance professionals ,2.0
critical |critical ,2.0
key step |key steps ,2.0
ability |ability ,2.0
extremely |extremely ,2.0
ethnographic study |ethnographic study ,2.0
don norman user experience questionnaire |Don Norman User Experience Questionnaire ,2.0
history edit |History edit ,2.0
front |front ,2.0
b pruitt john adlin |b Pruitt John Adlin ,2.0
infrastructure |infrastructure ,2.0
respect |respect ,2.0
personal human face |personal human face ,2.0
essence |essence ,2.0
proliferation |proliferation ,2.0
user interface text |user interface text ,2.0
simple step |simple steps ,2.0
customer immersion |customer immersion ,2.0
scenarios site map |scenarios Site Maps ,2.0
human activity |human activity ,2.0
stereotypical archetype |stereotypical archetypes ,2.0
diversified |diversified ,2.0
reality check |reality check ,2.0
user persona |user persona ,2.0
single experience |Single experiences ,2.0
goals and behavior |goals and behavior ,2.0
narrative scenario |Narrative Scenarios ,2.0
angus jenkinson |Angus Jenkinson ,2.0
computing use case market segment personalization dave |computing Use case Market segment Personalization Dave ,2.0
graphic treatment |Graphic treatment ,2.0
perception |perceptions ,2.0
content inventory wireframes screen blueprints or storyboards prototype |Content Inventory Wireframes screen blueprints or storyboards Prototypes ,2.0
usability addresses aspect |usability addresses aspects ,2.0
j l quantitative evaluation |J L Quantitative evaluation ,2.0
hand |hand ,2.0
reach |reach ,2.0
recent advance |Recent advances ,2.0
karapano |Karapanos ,2.0
diversified and scattered user group |diversified and scattered user group ,2.0
generalized perception |generalized perception ,2.0
design documentation |design documentation ,2.0
hawaii international conference |Hawaii International Conference ,2.0
performer assess performance |performer assess performance ,2.0
provider |provider ,2.0
scientific research edit |Scientific research edit ,2.0
visibility accessibility legibility and language |visibility accessibility legibility and language ,2.0
success |success ,2.0
interaction designers critical |Interaction Designers critical ,2.0
disclaimer |disclaimer ,2.0
people teams or organisation |people teams or organisations ,2.0
human-computer interaction further reading edit norman |Human-Computer Interaction Further reading edit Norman ,2.0
distinctive |distinctive ,2.0
highly multi-disciplinary field |highly multi-disciplinary field ,2.0
coherent identity |coherent identity ,2.0
creating persona |creating personas ,2.0
human-computer interaction edit |Human-computer interaction edit ,2.0
interactive computing system |interactive computing systems ,2.0
good design |good design ,2.0
subfield |subfield ,2.0
goals capabilities and context |goals capabilities and contexts ,2.0
licencing status |licencing status ,2.0
properly conceived guidelines incorporating business |properly conceived guidelines Incorporating business ,2.0
multidisciplinary skill |multidisciplinary skills ,2.0
collaboration |collaboration ,2.0
final solution |final solution ,2.0
referential design |referential design ,2.0
user-centric issue |user-centric issues ,2.0
motion graphics design and animation |motion graphics design and animation ,2.0
higher importance |higher importance ,2.0
dictionary |dictionary ,2.0
patrick w jordan |Patrick W Jordan ,2.0
active voice |active voice ,2.0
ogilvyone cooper |OgilvyOne Cooper ,2.0
gestalt |gestalt ,2.0
ethnicity |ethnicity ,2.0
abstract use case |abstract use case ,2.0
cad cam |CAD CAM ,2.0
contributing factors or expectation effect |contributing factors or expectation effects ,2.0
individual but small detail |individual but small details ,2.0
related detail |related details ,2.0
contextual inquiry customer experience design |Contextual inquiry Customer experience Design ,2.0
designing interaction |Designing Interactions ,2.0
extreme outlier |extreme outliers ,2.0
broad collection |broad collection ,2.0
power |powers ,2.0
symbol |symbols ,2.0
brainstorming |brainstorming ,2.0
common shared understanding |common shared understanding ,2.0
target user population |target user population ,2.0
follow-up |follow-up ,2.0
chunking |Chunking ,2.0
technical term |technical terms ,2.0
chapter ignored use dmy date |Chapter ignored Use dmy dates ,2.0
audience edit |Audience edit ,2.0
subject matter |subject matter ,2.0
underlying logic |underlying logic ,2.0
share |Share ,2.0
wiley |Wiley ,2.0
field research process |field research process ,2.0
secondary issue |secondary issues ,2.0
accessibility edit user |Accessibility edit Users ,2.0
key role |key role ,2.0
use or anticipated use |use or anticipated use ,2.0
first step |first step ,2.0
event or action |event or action ,2.0
scientific logic |scientific logic ,2.0
installation procedure |installation procedures ,2.0
palgrave macmillan |Palgrave Macmillan ,2.0
kaisa |Kaisa ,2.0
draper |Draper ,2.0
analyzing |Analyzing ,1.0
socio-political and organization |Socio-political and organization ,1.0
environments research |Environments Research ,1.0
original page |original page ,1.0
basis |basis ,1.0
self-evaluation |self-evaluations ,1.0
regular user |regular users ,1.0
satisfaction and achievement |satisfaction and achievement ,1.0
label |labels ,1.0
creativity |creativity ,1.0
perceived usefulness |Perceived usefulness ,1.0
no inactive link |no inactive links ,1.0
presenting usability metric |Presenting Usability Metrics ,1.0
acronym instrument reference institution example quis questionnaire |Acronym Instrument Reference Institution Example QUIS Questionnaire ,1.0
system usability scale sus |System Usability Scale SUS ,1.0
connecting communities learning ccl |Connecting Communities Learning CCL ,1.0
hcibib org perlman question cgi |hcibib org perlman question cgi ,1.0
stetson |Stetson ,1.0
recall |recall ,1.0
world wide web |world wide web ,1.0
positive attitude |positive attitude ,1.0
open-ended positive negative comment |open-ended positive negative comments ,1.0
online material |online material ,1.0
netherlands |Netherlands ,1.0
generic usability survey instrument |generic usability survey instruments ,1.0
s attribute |s Attributes ,1.0
proceedings western australian institute |Proceedings Western Australian Institute ,1.0
originality |originality ,1.0
life |life ,1.0
usability methods and techniques series type |usability methods and techniques series Type ,1.0
progress |progress ,1.0
questionnaire lin et al |Questionnaire Lin et al ,1.0
choong yee-yin |Choong Yee-Yin ,1.0
web-based questionnaires page |Web-Based Questionnaires page ,1.0
logical sequence |logical sequence ,1.0
help main page recent change |help Main Page Recent changes ,1.0
darrell l fisher |Darrell L Fisher ,1.0
learning environment instrument |learning environment instrument ,1.0
techniques series type |techniques series Type ,1.0
four core aspect |four core aspects ,1.0
no problem |no problems ,1.0
research methods education and instruction |research methods Education and instruction ,1.0
learning-friendly environment |learning-friendly environments ,1.0
choong yee-yin and salvendy |Choong Yee-Yin and Salvendy ,1.0
use davis |Use Davis ,1.0
igi global |IGI Global ,1.0
customizable web-based perl |customizable Web-based perl ,1.0
standard user interface evaluation questionnaire form |standard user interface evaluation questionnaire forms ,1.0
citizen science |Citizen science ,1.0
achievement |achievement ,1.0
permission |permission ,1.0
epub big brother new pages contribution scores popular page |ePub big brother New Pages Contribution scores Popular Pages ,1.0
salvendy |Salvendy ,1.0
use questionnaire author |USE Questionnaire Author ,1.0
user interfaces root draper |user interfaces Root Draper ,1.0
socio-political |Socio-political ,1.0
han x |Han X ,1.0
sample sizes tullis and stetson |sample sizes Tullis and Stetson ,1.0
visual design and layout |visual design and layout ,1.0
web-based usability evaluation questionnaire |web-based usability evaluation questionnaires ,1.0
email fax bulletin board |email fax bulletin boards ,1.0
editor |editors ,1.0
enough information |enough information ,1.0
specific web usability questionnaire |specific web usability questionnaires ,1.0
draft interaction design |Draft Interaction design ,1.0
servicesshare |ServicesShare ,1.0
edutech wiki usability |EduTech Wiki Usability ,1.0
perl script |Perl scripts ,1.0
s heuristic evaluation nielsen |s Heuristic Evaluation Nielsen ,1.0
privacy policy |Privacy policy ,1.0
area |areas ,1.0
dimension |dimensions ,1.0
cc by-nc-sa licence |CC BY-NC-SA Licence ,1.0
sample sizes tulli |sample sizes Tullis ,1.0
delivery |delivery ,1.0
vjollca ahmeti |Vjollca Ahmeti ,1.0
version tecfa links page |Version TECFA Links Page ,1.0
electronic survey |Electronic Surveys ,1.0
multimedia technology eg animation |multimedia technology eg animation ,1.0
short or insufficient piece |short or insufficient piece ,1.0
location |locations ,1.0
reliability |reliability ,1.0
campus class attendance |campus class attendance ,1.0
statement |statements ,1.0
scope |scope ,1.0
klaus r scherer |Klaus R Scherer ,1.0
copyright |copyright ,1.0
job performance |job performance ,1.0
first three aspect |first three aspects ,1.0
small variant |small variants ,1.0
future perspective |future perspective ,1.0
first six item |first six items ,1.0
online interface |online interface ,1.0
special content |Special contents ,1.0
science education |science education ,1.0
customize system |customize system ,1.0
questionnaire putq author |Questionnaire PUTQ Author ,1.0
server |server ,1.0
learning survey |learning surveys ,1.0
travelling |travelling ,1.0
occasional |occasional ,1.0
pdf printable version tool |PDF Printable version Tools ,1.0
f d davis |F D Davis ,1.0
user experience and usability navigation menu personal tool |user experience and usability Navigation menu Personal tools ,1.0
research methods education |research methods Education ,1.0
learning process |learning process ,1.0
relative usability |Relative Usability ,1.0
albert |Albert ,1.0
stubs ergonomics |Stubs Ergonomics ,1.0
administrator email |administrator email ,1.0
word |words ,1.0
final aspect |final aspect ,1.0
young child |young children ,1.0
jurek kirakowski |Jurek Kirakowski ,1.0
affective appeal |affective appeal ,1.0
fewest step |fewest steps ,1.0
qualia |Qualia ,1.0
entry |entry ,1.0
specific website |specific websites ,1.0
video |video ,1.0
reliable result |reliable results ,1.0
international handbook |International handbook ,1.0
introduction page |Introduction Page ,1.0
secondary school |secondary school ,1.0
five-point response item |five-point response items ,1.0
large pool |large pool ,1.0
asynchronous nature |asynchronous nature ,1.0
qualititative perception |Qualititative perceptions ,1.0
evidence |evidence ,1.0
exercise |exercises ,1.0
b j fraser k g tobin |B J Fraser K G Tobin ,1.0
phd |PhD ,1.0
user attitude |user attitudes ,1.0
home |home ,1.0
quiz |quiz ,1.0
design aspect |design aspect ,1.0
rating scale |rating scale ,1.0
usability evaluation perlman |Usability Evaluation Perlman ,1.0
scenario questionnaire lewis |Scenario Questionnaire Lewis ,1.0
validation and application |validation and application ,1.0
occasional and regular user |occasional and regular users ,1.0
book download |book Download ,1.0
agreement |agreement ,1.0
empowerment |empowerment ,1.0
edutech wiki jump |EduTech Wiki Jump ,1.0
surprise |surprises ,1.0
v s chang |V S Chang ,1.0
electronic form perlman |electronic form Perlman ,1.0
united kingdom |United Kingdom ,1.0
handful |handful ,1.0
afke donker |Afke Donker ,1.0
sound |sound ,1.0
no difficulty |no difficulty ,1.0
quynh le |Quynh Le ,1.0
expectation |Expectations ,1.0
different software system |Different Software Systems ,1.0
consumer product |consumer products ,1.0
stc usability sig newsletter |STC Usability SIG Newsletter ,1.0
technology-rich learning environment |Technology-rich learning environments ,1.0
given period |given period ,1.0
popular questionnaire |popular questionnaires ,1.0
hcbib org |hcbib org ,1.0
insufficient piece |insufficient piece ,1.0
original link |original links ,1.0
validity and or reliability |validity and or reliability ,1.0
thao le |Thao Le ,1.0
boredom |boredom ,1.0
article or section |article or section ,1.0
originality and creativity |originality and creativity ,1.0
peer-evaluation |peer-evaluations ,1.0
educational technology |Educational technology ,1.0
user acceptance |user acceptance ,1.0
verbal report |verbal report ,1.0
usability nielsen |Usability Nielsen ,1.0
proposed index |Proposed Index ,1.0
learning goal |learning goals ,1.0
information science reference |Information Science Reference ,1.0
d fisher |D Fisher ,1.0
vrije universiteit |Vrije Universiteit ,1.0
real article |real article ,1.0
specific emotional episode |specific emotional episode ,1.0
help system |Help system ,1.0
user inputs proceeding |User Inputs Proceedings ,1.0
commitment |commitments ,1.0
chat line |chat line ,1.0
pedagogy engagement and empowerment |pedagogy engagement and empowerment ,1.0
frequently asked question |Frequently Asked Questions ,1.0
arnold m lund |Arnold M Lund ,1.0
word system |word system ,1.0
website unnecessarily complex |website unnecessarily complex ,1.0
human-computer interaction interaction design |human-computer interaction Interaction design ,1.0
usability navigation menu personal tool |usability Navigation menu Personal tools ,1.0
peer |peers ,1.0
recall and verbal report |recall and verbal report ,1.0
technology resource |technology resources ,1.0
substantial attention |substantial attention ,1.0
following section |following section ,1.0
research method |Research Methods ,1.0
background information section |background information sections ,1.0
response item |Response items ,1.0
written instruction |written instructions ,1.0
group project |group project ,1.0
blended web-based learning environment |blended web-based learning environment ,1.0
usability and design |usability and Design ,1.0
collecting |Collecting ,1.0
random page |Random page ,1.0
kluwer academic publisher |Kluwer Academic Publishers ,1.0
position paper |Position paper ,1.0
instruction |instruction ,1.0
tutorials print export |Tutorials Print export ,1.0
edutechwiki unige ch mediawiki index php |edutechwiki unige ch mediawiki index php ,1.0
facebookshare |facebookShare ,1.0
regular web based lesson |regular web based lessons ,1.0
usability method |usability methods ,1.0
mode |mode ,1.0
educational software |educational software ,1.0
rules blog dks share |rules Blog DKS Share ,1.0
point |points ,1.0
tutor respond |tutor responds ,1.0
user interface satisfaction chin et al |User Interface Satisfaction Chin et al ,1.0
pedagogy engagement |pedagogy engagement ,1.0
web-based questionnaires author |Web-Based Questionnaires Author ,1.0
emotion cpm |Emotion CPM ,1.0
edutech wiki disclaimer |EduTech Wiki Disclaimers ,1.0
chandra vinesh |Chandra Vinesh ,1.0
default |default ,1.0
starting point |starting point ,1.0
