design |designs |design |Design ,171.33333333333334
designer |Designers |designers |designer ,37.0
graphic design |graphic design |Graphic design |Graphic Design ,34.8
software |Software |software ,29.5
graphic designer |graphic designer |Graphic Designer |graphic designers |Graphic designers ,19.0
edit |edit ,17.0
graphic |graphics ,16.0
layout |layout |layouts ,15.666666666666666
art |art |Arts ,14.2
element |elements ,14.0
work |work |Works |works ,14.0
history |history |History ,13.0
computer |computer |computers |Computers ,12.0
effect |effects ,11.75
book |Book |books |book ,11.25
image |image |images ,10.857142857142858
tool |tools |tool |Tools ,10.75
architecture |Architecture |architecture ,10.0
communication |communication ,10.0
page |page ,10.0
typography |Typography |typography ,9.333333333333334
article |articles |article |Articles ,9.166666666666666
industry |industry ,9.0
specialized software |Specialized software |specialized software ,8.0
traditional |traditional ,8.0
experience |experience ,8.0
crowdsourcing |Crowdsourcing ,8.0
visual art |Visual arts |visual arts ,8.0
process |process |processes ,7.666666666666667
example |Examples |example |examples ,7.666666666666667
skill |skills ,7.5
product |product |products ,7.25
adobe |Adobe ,7.0
type |type ,7.0
first |First ,7.0
principle |principles ,7.0
branding |branding |Branding ,7.0
program |programs |program ,7.0
drawing |drawing ,6.5
development |development |developments ,6.5
production |production ,6.333333333333333
art software |art software |Art software ,6.0
page layout |Page layout |page layout ,6.0
advertising |advertising ,6.0
web |web ,6.0
area |area |areas ,6.0
term |term |terms ,6.0
use |use |Use ,5.666666666666667
idea |ideas |idea ,5.666666666666667
rendering |rendering ,5.5
art director |art director |art directors ,5.5
style |style |Style |styles ,5.5
main article |Main articles |Main article ,5.333333333333333
information |information ,5.333333333333333
interface design |interface design ,5.0
category |category ,5.0
visual communication |visual communication ,5.0
raster graphic |raster graphics ,5.0
system |systems ,5.0
science |science ,5.0
magazine |magazine |magazines ,5.0
portfolio |portfolio |portfolios ,5.0
computer graphics software |computer graphics software ,5.0
experience design |experience design ,5.0
illustration |illustrations |illustration ,5.0
print |Prints |Print |print ,5.0
service |services |service ,5.0
user experience design |User experience design ,5.0
environment |environment |environments ,5.0
vector |vector ,5.0
computer graphic |Computer graphics |computer graphics ,4.875
logo |logos |logo ,4.666666666666667
space |space ,4.5
advent |advent ,4.5
model |models |Models ,4.5
title |title ,4.5
interface |interface ,4.25
technique |technique |techniques ,4.25
public |public ,4.0
technical illustration |technical illustration |Technical illustration ,4.0
marketing |marketing ,4.0
arrangement |arrangement ,4.0
vector graphic |vector graphics ,4.0
press |press ,4.0
artwork |artworks |artwork ,4.0
technology |technology ,4.0
corporate identity |corporate identity ,4.0
morris |Morris ,4.0
indesign |InDesign ,4.0
needed |needed ,4.0
file |files |Files |file ,4.0
symbol |Symbols |symbols |symbol ,4.0
publication |publications ,4.0
artist |Artists |artists |artist ,3.8
text |text ,3.8
method |methods |method ,3.6666666666666665
problem |problems |problem ,3.6666666666666665
color |color |colors |Color ,3.6666666666666665
graphics software |graphics software ,3.6666666666666665
modeling software |modeling software ,3.5
multiple |multiples |multiple ,3.5
citation |citation |citations ,3.5
application |application |applications ,3.5
video |video ,3.3333333333333335
user |Users |users |user ,3.3333333333333335
typeface |typefaces |typeface ,3.0
movement |movement ,3.0
animation |animation ,3.0
knowledge |knowledge ,3.0
emphasis |emphasis ,3.0
creative process |creative process ,3.0
editing software |editing software ,3.0
job |job ,3.0
graphics and image |graphics and images ,3.0
bauhaus |Bauhaus ,3.0
visual effect |visual effects ,3.0
communication skill |communication skills ,3.0
building |buildings ,3.0
feature |features |feature ,3.0
emigre |Emigre ,3.0
first thing |First Things ,3.0
era |era ,3.0
topic |topic ,3.0
reconstruction |reconstruction ,3.0
imagery |imagery ,3.0
edition |editions |edition ,3.0
indesign coreldraw |InDesign CorelDRAW ,3.0
graphic element |graphic elements ,3.0
graphics program |graphics programs ,3.0
poster |poster |posters ,3.0
rise |rise |Rise ,3.0
packaging |packaging ,3.0
piece |piece ,3.0
unsourced statement |unsourced statements ,3.0
journal |Journal ,3.0
kind |kinds |kind |Kind ,3.0
identity |identity ,3.0
company |company ,3.0
user interface design |User interface design ,3.0
presentation |presentations |presentation ,2.75
publishing |publishing ,2.75
project |project ,2.5
meaning |meaning ,2.5
client |client |clients ,2.5
adobe photoshop |Adobe Photoshop ,2.5
practice |practice ,2.5
original |original ,2.5
modeler |modelers ,2.5
paper |paper ,2.5
order |order ,2.5
photoshop |Photoshop ,2.3333333333333335
photography |photography ,2.3333333333333335
hand |hand ,2.3333333333333335
coreldraw |CorelDraw |CorelDRAW ,2.3333333333333335
pencil |pencil |pencils ,2.0
consumerism |Consumerism |consumerism ,2.0
wikibook |Wikibooks ,2.0
qualification |qualifications ,2.0
composition |Composition ,2.0
interactive design |interactive design ,2.0
business |business ,2.0
information graphic |information graphics ,2.0
kelmscott press |Kelmscott Press ,2.0
emily |Emily ,2.0
indesign coreldraw or quarkxpres |InDesign CorelDRAW or QuarkXPress ,2.0
printing |printing ,2.0
team |team ,2.0
bfa |BFA ,2.0
wired magazine |WIRED Magazine |Wired Magazine ,2.0
writing |writing ,2.0
traditional medium effect |Traditional medium effects |traditional medium effects ,2.0
subset |subset ,2.0
executor |executor ,2.0
quarkxpres |QuarkXpress |QuarkXPress ,2.0
digital painting |digital painting ,2.0
significant |significant ,2.0
worker |workers ,2.0
editing method |editing methods ,2.0
mental imaging skill |mental imaging skills |mental imaging skill ,2.0
emergence |Emergence ,2.0
material |materials ,2.0
faber |Faber ,2.0
chicago |Chicago ,2.0
layout program |layout program ,2.0
william addison dwiggin |William Addison Dwiggins ,2.0
drucker johanna |Drucker Johanna ,2.0
increase |increase ,2.0
video editing |video editing ,2.0
taschen publisher |Taschen Publishers ,2.0
creative director |creative director ,2.0
pearson education |Pearson Education ,2.0
block |blocks ,2.0
signage |signage ,2.0
degree |degree ,2.0
graphic design edit |graphic design edit ,2.0
photorealistic effect |photorealistic effects |Photorealistic effects ,2.0
diagram |diagrams ,2.0
issue |issue ,2.0
typographer |typographers ,2.0
advertising art |advertising art ,2.0
graphic design history |Graphic Design History ,2.0
problem-solving |problem-solving ,2.0
web site |web site ,2.0
mcvarish |McVarish ,2.0
photograph |photographs ,2.0
jeff |Jeff ,2.0
plate |plates ,2.0
painting |Paintings |Painting ,2.0
fine art |fine art ,2.0
graphic design principle |graphic design principles |Graphic design principles ,2.0
sale |sale ,2.0
technical graphic software |technical graphic software ,2.0
sketch |sketches ,2.0
message |messages ,2.0
swatch |swatch ,2.0
structure |structure ,2.0
general image editing |general image editing ,2.0
designtalkboard |Designtalkboard ,2.0
divergent |divergent ,2.0
twentieth century |twentieth century ,2.0
visual solution |visual solution |visual solutions ,2.0
individual |individuals ,2.0
software application |software application |software applications ,2.0
palette |palette ,2.0
credit |credits ,2.0
stage |stage ,2.0
page layout technique |page layout techniques ,2.0
raster |raster ,2.0
wood |wood ,2.0
option |option ,2.0
drucker johanna and mcvarish |Drucker Johanna and McVarish ,2.0
london |London ,2.0
common |Common ,2.0
document |document ,2.0
graphic file |graphic files ,2.0
field |field ,2.0
practitioner |practitioners ,2.0
jane davis doggett |Jane Davis Doggett ,2.0
media player |media players ,2.0
william morris |William Morris ,2.0
critical guide |critical Guide ,2.0
convergent |convergent ,2.0
frutiger |Frutiger ,2.0
language |languages ,2.0
scanning software |scanning software ,2.0
fiell |Fiell ,2.0
consideration |consideration ,2.0
original file |original file ,2.0
popular |popular ,2.0
design layout |design layout |design layouts ,2.0
graph |Graph ,2.0
york |York ,2.0
middle age |Middle Ages ,2.0
comparison |Comparison ,1.75
list |list |Lists ,1.75
part |part ,1.75
character |characters ,1.75
reason |reason |reasons ,1.6666666666666667
graphic artist |Graphic Artist |graphic artists |graphic artist ,1.6666666666666667
illustrator |Illustrator |illustrators ,1.6666666666666667
graphic design industry |graphic design industry ,1.6666666666666667
result |result |results ,1.6666666666666667
generation |generations |generation ,1.5
v t e |v t e ,1.5
change |changes ,1.5
creativity |creativity ,1.5
europe |Europe ,1.5
designer or art director |designer or art director ,1.5
graphic art software |Graphic art software |graphic art software ,1.5
raster graphics editor |raster graphics editors ,1.5
copy |copy ,1.5
digital form |digital form ,1.5
hybrid process |hybrid process ,1.5
autodesk |Autodesk ,1.5
logo design |logo design ,1.5
debate |debate ,1.5
max |Max ,1.5
resource |resources ,1.5
milton glaser |Milton Glaser ,1.5
graphic design tool |graphic design tools ,1.5
selection |selection ,1.5
traditional and digital form |traditional and digital form ,1.5
variety |variety ,1.5
mean |means ,1.5
people |people ,1.4
commons category |Commons category ,1.4
web design |web design ,1.3333333333333333
series |series ,1.25
en wikipedia |en wikipedia ,1.2
navigation |navigation ,1.1111111111111112
profession |profession ,1.0
painting texture map |painting texture maps ,1.0
experiential graphic design v t e visualization |Experiential Graphic Design v t e Visualization ,1.0
colour |colour ,1.0
megg |Meggs ,1.0
typical u s graphic design job |typical U S graphic design jobs ,1.0
director eduction element |director eduction elements ,1.0
broader meaning |broader meaning ,1.0
graphic design product |graphic design products ,1.0
clerical worker |clerical workers ,1.0
visual image |visual images ,1.0
asset |asset ,1.0
edit comparison |edit Comparison ,1.0
graphic design deal |graphic design deals ,1.0
computer software development |computer software development ,1.0
cinematic production |cinematic production ,1.0
london underground |London Underground ,1.0
newer method |newer methods ,1.0
beveled effect |beveled effects ,1.0
products design |products designs ,1.0
publishing marketing |publishing marketing ,1.0
concept- |concept- ,1.0
document human experience |document human experience ,1.0
design consideration |design consideration ,1.0
design industry edit |design industry edit ,1.0
judgment |judgment ,1.0
logo or other artwork |logo or other artwork ,1.0
graphic art element |graphic art element ,1.0
foil stamping |foil stamping ,1.0
experiential graphic designer |Experiential graphic designers ,1.0
training |training ,1.0
latin-american graphic design |Latin-American Graphic Design ,1.0
aesthetic |aesthetics ,1.0
fonts and image |fonts and images ,1.0
foundation |foundation ,1.0
graphic design institutions list |graphic design institutions List ,1.0
acetate sleeve |Acetate sleeves ,1.0
educational material |educational material ,1.0
knapp |Knapp ,1.0
member |members ,1.0
designer raymond loewy |designer Raymond Loewy ,1.0
crouch |Crouch ,1.0
windows movie maker |Windows Movie Maker ,1.0
animation architecture art direction communication design |Animation Architecture Art direction Communication design ,1.0
illustration photography animation |illustration photography animation ,1.0
humankind |humankind ,1.0
monotyping |monotyping ,1.0
printing including |printing including ,1.0
expertise |expertise ,1.0
time-based |time-based ,1.0
sequence |sequence ,1.0
electronic presentation |electronic presentations ,1.0
testing |testing ,1.0
buddhist scripture |Buddhist scripture ,1.0
pioneering program |pioneering program ,1.0
no emphasis |no emphasis ,1.0
printing edit main article |printing edit Main article ,1.0
differentiate other cattle |differentiate other cattle ,1.0
degree or certificate |degree or certificate ,1.0
elements theories principles practices and language |elements theories principles practices and languages ,1.0
designing |designing ,1.0
public installation |public installations ,1.0
photography or digital art |photography or digital art ,1.0
increasingly computer |increasingly computer ,1.0
clarity and accuracy |clarity and accuracy ,1.0
hot iron symbol |hot iron symbol ,1.0
woodcut |woodcuts ,1.0
film-based animation |film-based animation ,1.0
popular advertising |popular advertising ,1.0
single plate |single plate ,1.0
branding project |branding projects ,1.0
solid crisp line |solid crisp lines ,1.0
computer occupation |Computer occupations ,1.0
perspective |perspectives ,1.0
computer font |computer fonts ,1.0
creative domain |creative domains ,1.0
design rockism |Design Rockism ,1.0
textbook |Textbooks ,1.0
fabricator |fabricators ,1.0
stylized effect |stylized effects ,1.0
criticism |criticisms ,1.0
lifelike motion constraint |lifelike motion constraints ,1.0
original piece |original pieces ,1.0
sign |Sign ,1.0
poster design |poster design ,1.0
company identity |company identity ,1.0
fontographer software |Fontographer software ,1.0
tools edit |Tools edit ,1.0
career portfolio edit |Career portfolio edit ,1.0
convincing talent |convincing talents ,1.0
media channel |media channel ,1.0
visual designer |visual designers ,1.0
end user interactivity |end user interactivity ,1.0
raster image processing |raster image processing ,1.0
ray |ray ,1.0
macromedia xre |Macromedia xRes ,1.0
press-ready artwork |press-ready artwork ,1.0
farm references edit |farm References edit ,1.0
american book designer |American book designer ,1.0
newspaper story |newspaper story ,1.0
van nostrand reinhold |Van Nostrand Reinhold ,1.0
concerns and criticism |concerns and criticisms ,1.0
raw image format |Raw image format ,1.0
law |laws ,1.0
soviet constructivism |Soviet constructivism ,1.0
video editing software |video editing software ,1.0
decoration |decoration ,1.0
layer |layers ,1.0
geovisualization information visualization mathematical visualization medical |Geovisualization Information visualization Mathematical visualization Medical ,1.0
visual communication problems or challenge |visual communication problems or challenges ,1.0
mass-produced minimalism |mass-produced minimalism ,1.0
photo |photos ,1.0
line art |line art ,1.0
pizap |Pizap ,1.0
rome |Rome ,1.0
modern graphic design subfields edit |Modern graphic design subfields edit ,1.0
cadd |CADD ,1.0
final result |final result ,1.0
different time |different times ,1.0
concept map |concept maps ,1.0
communications problem |communications problem ,1.0
important feature |important features ,1.0
computer-aided design |Computer-Aided Design ,1.0
help |help ,1.0
iterative prototyping |Iterative prototyping ,1.0
wild fire |wild fire ,1.0
social |social ,1.0
respond |responds ,1.0
nondestructive image processing |nondestructive image processing ,1.0
computer graphics design education design principles and element |Computer graphics Design education Design principles and elements ,1.0
magazine article or advertisement |magazine article or advertisement ,1.0
great stylistic refinement |great stylistic refinement ,1.0
elements sign |elements signs ,1.0
strong portfolio |strong portfolio ,1.0
fiona mccarthy |Fiona McCarthy ,1.0
rendering method |rendering methods ,1.0
time-based and interactive media film |time-based and interactive media film ,1.0
menu |menus ,1.0
following year |following years ,1.0
entry level production artist |entry level production artist ,1.0
important aspect |important aspect ,1.0
visual communication skill |visual communication skills ,1.0
information form |information form ,1.0
text layout and style |text layout and style ,1.0
corporate quality |corporate quality ,1.0
working file |working file ,1.0
verification |verification ,1.0
scene |scene ,1.0
software design |software design ,1.0
additional citation |additional citations ,1.0
newspaper |Newspapers ,1.0
printing call |Printing Calls ,1.0
structured page design |structured page design ,1.0
text layout |text layout ,1.0
edward johnston |Edward Johnston ,1.0
convention center |convention centers ,1.0
preexisting imagery |preexisting imagery ,1.0
success or failure |success or failure ,1.0
branding edit graphic design |Branding edit Graphic design ,1.0
journalists and photojournalist |journalists and photojournalists ,1.0
aegeanlinux desktop |AegeanLinux desktop ,1.0
environmental graphic design system |environmental graphic design systems ,1.0
dazzling neon |dazzling neons ,1.0
distance |distance ,1.0
sketch script or instruction |sketch script or instructions ,1.0
graphic design project |graphic design project ,1.0
discontinued software |discontinued software ,1.0
divergent task |divergent task ,1.0
desktop publishing artist |desktop publishing artist ,1.0
jessica helfand |Jessica Helfand ,1.0
advertisement |advertisement ,1.0
photoshop or illustrator |Photoshop or Illustrator ,1.0
large scale physical installation |large scale physical installations ,1.0
exclude |Exclude ,1.0
unsourced material |Unsourced material ,1.0
branding publications magazines newspaper |branding publications magazines newspapers ,1.0
information designer |information designers ,1.0
identifying mark |identifying mark ,1.0
art copywriting creative direction design desktop |art Copywriting Creative direction Design Desktop ,1.0
portal wikimedia common |portal Wikimedia Commons ,1.0
wall street journal mention |Wall Street Journal Mention ,1.0
respected design practitioner |respected design practitioners ,1.0
photojournalist |photojournalists ,1.0
high-end |high-end ,1.0
compositor |compositors ,1.0
reference manual |reference manuals ,1.0
interoffice memorandum |interoffice memorandums ,1.0
world wide web |World Wide Web ,1.0
first significant reaction |first significant reaction ,1.0
reproduction |reproduction ,1.0
digital age |Digital Age ,1.0
furniture |furniture ,1.0
adobe creative suite |Adobe Creative Suite ,1.0
judgment and creativity |judgment and creativity ,1.0
graphics planet |Graphics Planet ,1.0
historical style |historical styles ,1.0
litigation |litigation ,1.0
visual languages and resource |visual languages and resources ,1.0
tool tools intellectual property organization |tool Tools Intellectual property Organizations ,1.0
opinion and fact |opinion and facts ,1.0
mesh |mesh ,1.0
product marketing |product marketing ,1.0
workshop |Workshop ,1.0
screenshot |screenshot ,1.0
computer graphics software open-source art |computer graphics software Open-source Art ,1.0
scroll |scrolls ,1.0
philosophy |philosophy ,1.0
environmental graphic design experiential graphic design |Environmental Graphic Design Experiential graphic design ,1.0
art craft and technique |art craft and techniques ,1.0
typography edit main article |Typography edit Main article ,1.0
goods and service |goods and services ,1.0
graphic designer or art director |graphic designer or art director ,1.0
faber and faber |Faber and Faber ,1.0
identity logos and branding publications magazines newspapers and book |identity logos and branding publications magazines newspapers and books ,1.0
en wikipedia org w index php title graphic |en wikipedia org w index php title Graphics ,1.0
static graphic |static graphics ,1.0
design museum exhibition |Design Museum Exhibition ,1.0
earliest graphics software application |earliest graphics software applications ,1.0
web performance optimization |web performance optimization ,1.0
die laser cutting |die laser cutting ,1.0
expansion |expansion ,1.0
data acquisition |data acquisition ,1.0
vector graphics language |vector graphics language ,1.0
influential citation |influential citation ,1.0
earliest known printed book |earliest known printed book ,1.0
website designer |website designer ,1.0
kell |Kells ,1.0
mid-century modern design |mid-century modern design ,1.0
qualifications edit |Qualifications edit ,1.0
adddepth |AddDepth ,1.0
computer-aided engineering |computer-aided engineering ,1.0
contemporary graphic design |Contemporary Graphic Design ,1.0
visualizing concept |visualizing concepts ,1.0
computer science graph |computer science Graph ,1.0
task |Tasks ,1.0
visual information |visual information ,1.0
visual communication problem |visual communication problems ,1.0
exploration and production |exploration and production ,1.0
web designer |web designer ,1.0
specialized software package |Specialized software packages ,1.0
convergent task |convergent task ,1.0
type space and image |type space and image ,1.0
max bruinsma |max bruinsma ,1.0
designers design |Designers Design ,1.0
common example |common example ,1.0
movable type printing |movable type printing ,1.0
corel painter and photo-paint |Corel Painter and Photo-Paint ,1.0
cave |caves ,1.0
limited edition |limited edition ,1.0
vector or raster graphic |vector or raster graphics ,1.0
crafts movement |Crafts movement ,1.0
professional graphic design industry |professional graphic design industry ,1.0
digital photography |digital photography ,1.0
creative work jeff howe |creative work Jeff Howe ,1.0
traditional tool |traditional tools ,1.0
template |templates ,1.0
unfamiliar space |unfamiliar spaces ,1.0
complementary tools edit |Complementary tools edit ,1.0
drafting |Drafting ,1.0
computer-generated video |computer-generated video ,1.0
graphex |Graphex ,1.0
great exhibition |Great Exhibition ,1.0
computer-aided design and drafting |Computer-Aided Design and Drafting ,1.0
nick |Nick ,1.0
contemporary design practice |Contemporary design practice ,1.0
stock imagery |stock imagery ,1.0
favor |favor ,1.0
raster or vector graphic reading and editing method |raster or vector graphic reading and editing methods ,1.0
main job title |main job titles ,1.0
online branding |online branding ,1.0
photos and graphic |photos and graphics ,1.0
sort |sort ,1.0
poser |Poser ,1.0
professional photographer |professional photographers ,1.0
visualization computer graphic |Visualization computer graphics ,1.0
desktoppub |desktoppub ,1.0
product or service |product or service ,1.0
interactive experience |interactive experience ,1.0
visual arts design edit main article |Visual arts design edit Main article ,1.0
universal art |Universal Arts ,1.0
united kingdom |United Kingdom ,1.0
artistic piece |Artistic pieces ,1.0
printed design |printed design ,1.0
stylized image development software edit image development professional |Stylized image development software edit Image development professionals ,1.0
sigma |Sigma ,1.0
hand-copied book |hand-copied books ,1.0
readability and legibility |Readability and legibility ,1.0
booming post-world war ii american economy |booming post-World War II American economy ,1.0
twentieth century design edit |Twentieth century design edit ,1.0
visual story telling |visual story telling ,1.0
multimedia development professional |Multimedia development professionals ,1.0
synthetic physical object |synthetic physical objects ,1.0
designing modern britain |Designing Modern Britain ,1.0
modern style |modern style ,1.0
animation and video editing software |animation and video editing software ,1.0
math |math ,1.0
accurate rotation |accurate rotation ,1.0
challenge |challenges ,1.0
henry cole |Henry Cole ,1.0
great britain |Great Britain ,1.0
feeling |feeling ,1.0
production techniques citation |production techniques citation ,1.0
paul rand |Paul Rand ,1.0
strong competition |strong competition ,1.0
marketing professional |marketing professionals ,1.0
adobe premiere pro |Adobe Premiere Pro ,1.0
cartoon |cartoons ,1.0
blogs television |blogs television ,1.0
theories and diagram |theories and diagrams ,1.0
printmaking printmaking |Printmaking Printmaking ,1.0
good |goods ,1.0
web site visitor |web site visitor ,1.0
modernism |Modernism ,1.0
metal |metal ,1.0
accurate visual effect |accurate visual effects ,1.0
web site or software application |web site or software application ,1.0
computer systems design |computer systems design ,1.0
book design |book design ,1.0
christopher |Christopher ,1.0
unique style |unique styles ,1.0
prospective client |prospective clients ,1.0
philip b |Philip B ,1.0
gilmour |Gilmour ,1.0
leadership management methods pattern research science strategy |leadership management methods pattern research science strategy ,1.0
encyclopedia jump |encyclopedia Jump ,1.0
printed material |printed material ,1.0
failure |failure ,1.0
email |email ,1.0
design service |design services ,1.0
graphic designer report |graphic designer reports ,1.0
graphical user interface gui |Graphical User Interface GUI ,1.0
case |case ,1.0
intellectual production |intellectual production ,1.0
jerry james |Jerry James ,1.0
national park service |National Park Service ,1.0
autodesk combustion |Autodesk Combustion ,1.0
best-known graphics program |best-known graphics programs ,1.0
graphic design position |graphic design position ,1.0
typesetter |typesetters ,1.0
typefaces univer |typefaces Univers ,1.0
software developer |software developers ,1.0
cad |CAD ,1.0
layout or design |layout or design ,1.0
current graphic designer job |Current graphic designer jobs ,1.0
live video |live video ,1.0
mathematical transformation |mathematical transformations ,1.0
fabric |fabrics ,1.0
early illuminated page |early illuminated pages ,1.0
specialized task |specialized tasks ,1.0
graphic design enhances transfer |graphic design enhances transfer ,1.0
similar fashion |similar fashion ,1.0
intricate modern magazine and catalogue layout |intricate modern magazine and catalogue layouts ,1.0
camera |camera ,1.0
reign |Reign ,1.0
degree program |Degree programs ,1.0
approval |approval ,1.0
human anatomy |human anatomy ,1.0
special handling software |special handling software ,1.0
s column |s Column ,1.0
book form |book form ,1.0
additional references article |additional references Articles ,1.0
animation software |animation software ,1.0
mathematical calculation |mathematical calculations ,1.0
reliable source |reliable sources ,1.0
recent change |recent changes ,1.0
animator |animator ,1.0
julia |Julia ,1.0
production and rendering method |production and rendering methods ,1.0
accredited trade school |accredited trade school ,1.0
clarity |clarity ,1.0
democratic form |democratic forms ,1.0
celebration |celebration ,1.0
wikimedia common |Wikimedia Commons ,1.0
person |person ,1.0
list list |list List ,1.0
engraving or etching |engraving or etching ,1.0
surface |surfaces ,1.0
in-house designer |in-house designers ,1.0
raffe |Raffe ,1.0
ken garland |Ken Garland ,1.0
corporation |corporation ,1.0
hand eye coordination |hand eye coordination ,1.0
tideart v t e |TideArt v t e ,1.0
certificate |certificate ,1.0
illustration photography animation or interactive design |illustration photography animation or interactive design ,1.0
web design and software design |web design and software design ,1.0
recent history |recent history ,1.0
digitization |Digitization ,1.0
user experience design edit |User experience design edit ,1.0
image quality |image quality ,1.0
jeremy wagstaff |Jeremy Wagstaff ,1.0
technologies and method |technologies and methods ,1.0
interactive tool |interactive tools ,1.0
manufacturability |manufacturability ,1.0
real-time computer graphics engine |real-time computer graphics engines ,1.0
structure and ethos |structure and ethos ,1.0
ideas and message |ideas and messages ,1.0
graphic design and graphic arts industry |graphic design and graphic arts industry ,1.0
combination |combination ,1.0
computer technical skill |computer technical skills ,1.0
page layout edit main article |Page layout edit Main article ,1.0
potential approach |potential approaches ,1.0
applied art |Applied arts ,1.0
tunc dicit |Tunc dicit ,1.0
book segd |Book SEGD ,1.0
wikidata |Wikidata ,1.0
range |range ,1.0
motion graphic |motion graphics ,1.0
assembly |assembly ,1.0
user or web site visitor |user or web site visitor ,1.0
ellen lupton |Ellen Lupton ,1.0
linocut |linocuts ,1.0
popular advertising and logo design |popular advertising and logo design ,1.0
picasa |Picasa ,1.0
air force |Air Force ,1.0
large public space |large public spaces ,1.0
milton glaser draws lecture |Milton Glaser Draws Lectures ,1.0
widespread acceptance |widespread acceptance ,1.0
intricate modern magazine |intricate modern magazine ,1.0
mind |mind ,1.0
formatting |formatting ,1.0
end |ends ,1.0
typesetting |typesetting ,1.0
prop |props ,1.0
pre-existing material |pre-existing materials ,1.0
folder |folder ,1.0
relevant understandable and effective |relevant understandable and effective ,1.0
lithography |lithography ,1.0
currie |Currie ,1.0
large number |large number ,1.0
www crowdsource |www crowdsource ,1.0
apparel design |apparel design ,1.0
large project building team |large project building teams ,1.0
final cut pro |Final Cut Pro ,1.0
generalized image editor |generalized image editors ,1.0
arranging type |arranging type ,1.0
low end |low end ,1.0
web developer |web developers ,1.0
function |functions ,1.0
match moving software |Match moving software ,1.0
molecular graphics product visualization scientific visualization software |Molecular graphics Product visualization Scientific visualization Software ,1.0
interactive communication skill |interactive communication skills ,1.0
graphic arts industry |graphic arts industry ,1.0
technical schematic |technical schematics ,1.0
commission photographers or illustrator |commission photographers or illustrators ,1.0
slower rate |slower rates ,1.0
term crowdsourcing |term Crowdsourcing ,1.0
news reporting |news reporting ,1.0
picture |pictures ,1.0
booklet |booklets ,1.0
revolutionary russia |revolutionary Russia ,1.0
illustration technique |illustration techniques ,1.0
graphics software free application software |Graphics software Free application software ,1.0
quarkxpress or coreldraw |QuarkXpress or CorelDRAW ,1.0
graphic designers mood board references edit |graphic designers Mood board References edit ,1.0
mosaic |mosaic ,1.0
cultural norm |cultural norms ,1.0
output |Output ,1.0
experiential graphic design edit |Experiential graphic design edit ,1.0
watercolor |watercolor ,1.0
graphics software or image editing software |graphics software or image editing software ,1.0
website graphics and elements signs and product packaging |website graphics and elements signs and product packaging ,1.0
communications consultant |communications consultants ,1.0
erik spiekermann |Erik Spiekermann ,1.0
graphics file format |graphics file formats ,1.0
user testing |user testing ,1.0
european design award |European Design Awards ,1.0
file size |file size ,1.0
mindshift |mindshift ,1.0
basic web programming script |basic web programming scripts ,1.0
couple |couple ,1.0
reversal |reversal ,1.0
stylization |stylization ,1.0
inch |inch ,1.0
pictograph |pictographs ,1.0
respected design practitioners and thinker |respected design practitioners and thinkers ,1.0
addition |addition ,1.0
existing text and either preexisting imagery |existing text and either preexisting imagery ,1.0
intelligent design new product development philosophy |Intelligent design New product development Philosophy ,1.0
sketch script |sketch script ,1.0
individualistic art |individualistic art ,1.0
group |group ,1.0
rudy vanderlan |Rudy VanderLans ,1.0
diverse element |diverse elements ,1.0
recent explosion |recent explosion ,1.0
general image editing software |general image editing software ,1.0
simple logo |simple logo ,1.0
bob gordon |Bob Gordon ,1.0
maxim shamir occupation names creative director |Maxim Shamir Occupation Names creative director ,1.0
dtp associate |DTP Associate ,1.0
filmmaking |filmmaking ,1.0
specialized skill or technique |specialized skill or technique ,1.0
multiple technique |multiple techniques ,1.0
senior media creative |senior media creative ,1.0
search |search ,1.0
photo-paint |Photo-Paint ,1.0
government |government ,1.0
city planner |city planners ,1.0
software license |software license ,1.0
communications issue |communications issue ,1.0
death |death ,1.0
rotoscope animation |rotoscope animations ,1.0
emigration |emigration ,1.0
macromedia matisse |Macromedia Matisse ,1.0
blind embossing |blind embossing ,1.0
corporate identity and branding project |corporate identity and branding projects ,1.0
adbuster |Adbusters ,1.0
introduction |introduction ,1.0
blurring distinction |blurring distinction ,1.0
existing text |existing text ,1.0
zinc |zinc ,1.0
charlotte and fiell |Charlotte and Fiell ,1.0
job interview |job interviews ,1.0
catalogue layout |catalogue layouts ,1.0
imagination |imagination ,1.0
l szl moholy-nagy |L szl Moholy-Nagy ,1.0
brand development |brand development ,1.0
college-level education |college-level education ,1.0
digital fusion |Digital Fusion ,1.0
visual presentation and layout |visual presentation and layout ,1.0
sync |sync ,1.0
graphic design documentary |Graphic Design Documentary ,1.0
art history related jobs production artist |art history Related jobs production artist ,1.0
design logo |Design Logos ,1.0
book structure |book structure ,1.0
copper or zinc |copper or zinc ,1.0
illuminated manuscript |illuminated manuscripts ,1.0
hyperrealistic effects edit |Hyperrealistic effects edit ,1.0
additional reference |additional references ,1.0
aas ba bfa bca mfa |AAS BA BFA BCA MFA ,1.0
products and element |products and elements ,1.0
living |living ,1.0
advanced feature |advanced features ,1.0
digital graphic design |Digital Graphic Design ,1.0
background |background ,1.0
en wikipedia org w index php title category |en wikipedia org w index php title Category ,1.0
print advertisement |print advertisements ,1.0
scenery |scenery ,1.0
expression |expression ,1.0
strong critique |strong critiques ,1.0
studio |studios ,1.0
microsoft word |Microsoft Word ,1.0
software attempt |software attempts ,1.0
major force |major forces ,1.0
newer methods or integration |newer methods or integration ,1.0
commercial writer |commercial writers ,1.0
virtual testing |virtual testing ,1.0
herbert bayer |Herbert Bayer ,1.0
stone |stone ,1.0
color or symbol |color or symbol ,1.0
final design |final design ,1.0
jan tschichold |Jan Tschichold ,1.0
automated rendering mode |automated rendering modes ,1.0
benefactor or client |benefactor or client ,1.0
active colour |active colours ,1.0
buddhist text |Buddhist texts ,1.0
specialized skill |specialized skills |specialized skill ,1.0
graphic design software program |graphic design software programs ,1.0
raster or vector graphic reading |raster or vector graphic reading ,1.0
obsolescence |obsolescence ,1.0
vector graphic editor |Vector graphic editors ,1.0
etching |etching ,1.0
opinion |opinion ,1.0
median pay |median pay ,1.0
stylized image development |stylized image development ,1.0
software or open source software |software or open source software ,1.0
generalized application |generalized applications ,1.0
strictly |strictly ,1.0
graphic design occupations graphic design career path |Graphic design occupations Graphic design career paths ,1.0
general graphic editor |general graphic editors ,1.0
rohdesign |Rohdesign ,1.0
measurement |measurements ,1.0
loosewireblog |Loosewireblog ,1.0
list desktop publishing description |list Desktop publishing description ,1.0
billboard |billboards ,1.0
closing credit |closing credits ,1.0
hot iron symbol or logo |hot iron symbol or logo ,1.0
organic growth |organic growth ,1.0
public relation |public relations ,1.0
internet |Internet ,1.0
collect |Collect ,1.0
traditional design |traditional designs ,1.0
elements theories principles practice |elements theories principles practices ,1.0
clothing |clothing ,1.0
basic graphic design tool |basic graphic design tools ,1.0
employer |employers ,1.0
fifty year |Fifty years ,1.0
understanding |understanding ,1.0
large amount |large amounts ,1.0
large multiple page layout |large multiple page layouts ,1.0
universal palette |universal palette ,1.0
product lifecycle management |product lifecycle management ,1.0
magazine article |magazine article ,1.0
reasonable layout |reasonable layout ,1.0
integration |integration ,1.0
private press movement |Private Press movement ,1.0
image editing software |image editing software ,1.0
single original surface |single original surface ,1.0
discipline |discipline ,1.0
lascaux |Lascaux ,1.0
parallel |parallel ,1.0
fraction |fraction ,1.0
major page layout program |major page layout programs ,1.0
point size |point size ,1.0
graphic wayfinding signage system |Graphic wayfinding signage systems ,1.0
webcomic |webcomic ,1.0
game |games ,1.0
thinker |thinkers ,1.0
methodology |methodology ,1.0
printmaking edit main article |Printmaking edit Main article ,1.0
common type |Common types ,1.0
wysiwyg user interface |WYSIWYG user interfaces ,1.0
precise handling |precise handling ,1.0
type glyph |Type glyphs ,1.0
specialized occupation |specialized occupation ,1.0
persona |persona ,1.0
growth |growth ,1.0
entertainment purpose |entertainment purposes ,1.0
employment |Employment ,1.0
layout or interface |layout or interface ,1.0
concern |concerns ,1.0
unique original piece |unique original piece ,1.0
computer art graphics software |Computer art Graphics software ,1.0
environmental condition |environmental conditions ,1.0
hand-rendering style |hand-rendering styles ,1.0
pioneer designer |pioneer designer ,1.0
commercialized industry |commercialized industry ,1.0
primary qualification |primary qualifications ,1.0
humanist |Humanist ,1.0
peter editor |Peter editors ,1.0
fabric plate |fabric plates ,1.0
josef m ller-brockmann |Josef M ller-Brockmann ,1.0
lucrative business |lucrative business ,1.0
cgsociety |CGSociety ,1.0
typography web graphic design related topic |Typography Web graphic design Related topics ,1.0
analytic thinking |analytic thinking ,1.0
visual representation |visual representation ,1.0
chicago good design award |Chicago Good Design Awards ,1.0
environmental graphic |environmental graphics ,1.0
victorian design |Victorian design ,1.0
board |boards ,1.0
creative work |Creative work ,1.0
typography typography |Typography Typography ,1.0
single print |single print ,1.0
multiple images game development tool game engine level editor |multiple images Game development tool Game engine Level editor ,1.0
multimedia development software edit |Multimedia development software edit ,1.0
metacreations detailer |MetaCreations Detailer ,1.0
committee |committee ,1.0
main job responsibility |main job responsibility ,1.0
environmental graphics pioneer |Environmental Graphics Pioneer ,1.0
modern time |modern times ,1.0
iterative prototyping and user testing |Iterative prototyping and user testing ,1.0
interesting way |interesting ways ,1.0
desktop publishing |desktop publishing ,1.0
design history oxford university press |Design History Oxford University Press ,1.0
art craft |art craft ,1.0
gap |gap ,1.0
fashion |fashion ,1.0
money investment |money investment ,1.0
personal computer |personal computers ,1.0
subject |subjects ,1.0
presidential seal |presidential seal ,1.0
notable name |Notable names ,1.0
constraint |constraints ,1.0
interface service or product |interface service or product ,1.0
proficiency |proficiency ,1.0
purely photorealistic image |purely photorealistic images ,1.0
entertainment industry |entertainment industry ,1.0
customer software |customer software ,1.0
el lissitzky |El Lissitzky ,1.0
primary method |primary method ,1.0
final output |final output ,1.0
obsession |obsession ,1.0
information design |information design ,1.0
postscript file |PostScript files ,1.0
museum display |museum displays ,1.0
search graphic symbol |search Graphic symbols ,1.0
dvd |DVD ,1.0
corporate identity development |corporate identity development ,1.0
non-photorealistic rendering vector editor |Non-photorealistic rendering Vector editors ,1.0
physic |physics ,1.0
silk-road |Silk-road ,1.0
important graphic design tool |important graphic design tool ,1.0
early twentieth century graphic design |early twentieth century graphic design ,1.0
critical observational quantitative |Critical observational quantitative ,1.0
livery |livery ,1.0
stale state |stale state ,1.0
item |items ,1.0
source code |source code ,1.0
screen-printing |screen-printing ,1.0
wikipedia |Wikipedia ,1.0
bachelor s degree |Bachelor s degree ,1.0
visual language |visual languages ,1.0
digital environment |digital environments ,1.0
adobe indesign |Adobe InDesign ,1.0
visual culture |visual culture ,1.0
computer-aided architectural design |Computer-aided architectural design ,1.0
identifying mark or trade |identifying mark or trade ,1.0
bauhaus typographer |Bauhaus typographers ,1.0
legibility |legibility ,1.0
taborda |Taborda ,1.0
phrase |phrase ,1.0
product or idea |product or idea ,1.0
critical observational quantitative and analytic thinking |Critical observational quantitative and analytic thinking ,1.0
product package |product package ,1.0
stronger user base |stronger user base ,1.0
apophysis software |Apophysis software ,1.0
computer multimedia |computer multimedia ,1.0
maggie gordon |Maggie Gordon ,1.0
professional |professional ,1.0
ink |ink ,1.0
textile |textiles ,1.0
flag |flag ,1.0
manufacture |Manufactures ,1.0
aldus manutiu |Aldus Manutius ,1.0
text or image |text or image ,1.0
gocr gphoto graphics layout engine graphicsmagick h hugin software |GOCR GPhoto Graphics Layout Engine GraphicsMagick H Hugin software ,1.0
program or collection |program or collection ,1.0
scope |scope ,1.0
copper |copper ,1.0
modifying type glyph |modifying type glyphs ,1.0
adobe illustrator |Adobe Illustrator ,1.0
needed tschichold |needed Tschichold ,1.0
lasting and democratic form |lasting and democratic forms ,1.0
graphic design community |graphic design community ,1.0
felipe editor |Felipe editors ,1.0
japan |Japan ,1.0
adrian frutiger |Adrian Frutiger ,1.0
accessible |accessible ,1.0
exhibition |exhibitions ,1.0
decorated text |Decorated text ,1.0
useles |useless ,1.0
overlapping skill |overlapping skills ,1.0
audience |audience ,1.0
creative spectrum |creative spectrum ,1.0
visual art skill |visual art skills ,1.0
commercial printing company |commercial printing company ,1.0
practice area |practice areas ,1.0
user interaction |user interaction ,1.0
silk road foundation |Silk Road Foundation ,1.0
design layouts and rendering |design layouts and rendering ,1.0
long history |Long History ,1.0
visual element |visual elements ,1.0
adobe citation |Adobe citation ,1.0
modern industrial technology |modern industrial technology ,1.0
greater |greater ,1.0
handicraft texture |handicraft textures ,1.0
modern computer |modern computer ,1.0
editing program |editing programs ,1.0
visual communication and communication design |visual communication and communication design ,1.0
build environment |build environment ,1.0
emigre essay |Emigre Essays ,1.0
finite element analysis |Finite element analysis ,1.0
linoleum |linoleum ,1.0
modern architecture and design |modern architecture and design ,1.0
nature |nature ,1.0
stylistic device |stylistic devices ,1.0
interactive media film |interactive media film ,1.0
b nasad competencies summary |b NASAD Competencies Summary ,1.0
signature |signatures ,1.0
stained glass |stained glass ,1.0
graphic design occupations list |Graphic design occupations List ,1.0
widespread acceptance and application |widespread acceptance and application ,1.0
catalog |catalogs ,1.0
burlap canvas |burlap canvas ,1.0
computer-aided design editors list |computer-aided design editors List ,1.0
paste-up |paste-up ,1.0
content |Contents ,1.0
price |prices ,1.0
trademark |Trademarks ,1.0
advertising and packaging |advertising and packaging ,1.0
search graphic designer graphic designers gabriel |search Graphic Designer Graphic designers Gabriel ,1.0
ethos |ethos ,1.0
goal differ |goal differs ,1.0
airport wayfinding system |airport wayfinding systems ,1.0
mosaic effect |mosaic effects ,1.0
thoughtful composition |thoughtful compositions ,1.0
microsoft publisher |Microsoft Publisher ,1.0
conversion |conversion ,1.0
modern architecture |modern architecture ,1.0
presentation e g |presentation e g ,1.0
toads retrieved |Toads Retrieved ,1.0
collection |collection ,1.0
art nouveau |Art Nouveau ,1.0
interface service |interface service ,1.0
image placement |image placement ,1.0
field requirement |field requirements ,1.0
icon design |icon design ,1.0
t-shirt |T-shirts ,1.0
cross-disciplinary collaborative process |cross-disciplinary collaborative process ,1.0
lay user |lay users ,1.0
ability |ability ,1.0
scratch |scratch ,1.0
local link |local link ,1.0
matrix |matrix ,1.0
dtp associate or graphic artist |DTP Associate or Graphic Artist ,1.0
history edit |History edit ,1.0
visual presentation |visual presentation ,1.0
cyan form |cyan forms ,1.0
list presentation software description |list Presentation software description ,1.0
artifact |artifacts ,1.0
fact |facts ,1.0
burlap canvas or handicraft texture |burlap canvas or handicraft textures ,1.0
preference |preference ,1.0
website graphic |website graphics ,1.0
career history |career history ,1.0
essence |essence ,1.0
machinima |machinima ,1.0
black book |black book ,1.0
page title |page title ,1.0
candidate |candidates ,1.0
st martins press |St Martins Press ,1.0
coreldraw graphics suite |CorelDraw Graphics Suite ,1.0
caslon lettering |Caslon lettering ,1.0
exploration |exploration ,1.0
european minimalism |European minimalism ,1.0
printed piece |Printed pieces ,1.0
free-lance designer |free-lance designers ,1.0
classic design example |classic design example ,1.0
charlotte |Charlotte ,1.0
branded environment |branded environments ,1.0
instance |instances ,1.0
print designer |print designer ,1.0
mphil phd |MPhil PhD ,1.0
custom hardware solution |custom hardware solutions ,1.0
stylization and presentation |stylization and presentation ,1.0
external link |External links ,1.0
popular open source alternative |popular open source alternative ,1.0
type design |type design ,1.0
graphic design page |graphic design Page ,1.0
impression |impression ,1.0
multimedia development |multimedia development ,1.0
nineteenth-century graphic design |nineteenth-century graphic design ,1.0
product packaging |product packaging ,1.0
xml |XML ,1.0
vector graphics editors graphics hardware list |vector graphics editors Graphics hardware List ,1.0
vector graphics animation |Vector graphics animation ,1.0
architect |architects ,1.0
historicism |historicism ,1.0
comic book |comic books ,1.0
social and cultural norm |social and cultural norms ,1.0
commission photographer |commission photographers ,1.0
programs and prop |programs and props ,1.0
trade |trade ,1.0
motion visual effect |motion visual effects ,1.0
raster graphics animation |Raster graphics animation ,1.0
geography |geography ,1.0
convergent or divergent |convergent or divergent ,1.0
audio motion |audio motion ,1.0
layout document |layout document ,1.0
instruction |instructions ,1.0
creative work ccw |creative work CCW ,1.0
stock imagery or photography |stock imagery or photography ,1.0
modern typography |modern typography ,1.0
common software package |common software package ,1.0
institution |institution ,1.0
animal |animal ,1.0
interactivity |interactivity ,1.0
icon |Icons ,1.0
aesthetics adobe photoshop color theory composition visual art |Aesthetics Adobe Photoshop Color theory Composition visual arts ,1.0
published printed |published printed ,1.0
principal pioneer |principal pioneers ,1.0
specialized graphic format |specialized graphic format ,1.0
technical illustrator |technical illustrators ,1.0
software development |software development ,1.0
website wireframe intellectual property community design design |Website wireframe Intellectual property Community design Design ,1.0
johann gutenberg |Johann Gutenberg ,1.0
creation tool |creation tools ,1.0
illusion |illusion ,1.0
first book |first book ,1.0
image viewer |image viewers ,1.0
interface design edit main article |Interface design edit Main article ,1.0
intuitivenes |intuitiveness ,1.0
html |HTML ,1.0
tracy |Tracy ,1.0
design education |design education ,1.0
success |success ,1.0
wood block |wood blocks ,1.0
pure design element |pure design elements ,1.0
employment rate |employment rates ,1.0
shake |Shake ,1.0
ginza |Ginza ,1.0
bibliography edit fiell |Bibliography edit Fiell ,1.0
continuous movement |continuous movement ,1.0
airport |airports ,1.0
place-holder graphic |place-holder graphics ,1.0
computer graphics design education design principle |Computer graphics Design education Design principles ,1.0
layout and formatting |layout and formatting ,1.0
exceptional graphic designer |Exceptional graphic designers ,1.0
journalist |journalists ,1.0
creative computer tool |Creative Computer Tools ,1.0
no category |no category ,1.0
buildings and space |buildings and space ,1.0
software edit list |Software edit List ,1.0
form |form ,1.0
brochure |brochures ,1.0
vector graphic reading and editing method |vector graphic reading and editing methods ,1.0
obtain |obtains ,1.0
art director occupation type profession activity sectors advertising |art director Occupation type Profession Activity sectors advertising ,1.0
core responsibility |core responsibility ,1.0
rick poynor |Rick Poynor ,1.0
theater set |theater sets ,1.0
position |positions ,1.0
benefactor |benefactor ,1.0
planet website |planet website ,1.0
first official publication |first official publication ,1.0
gimp |GIMP ,1.0
applications edit |Applications edit ,1.0
occupations edit main article |Occupations edit Main article ,1.0
america |Americas ,1.0
engraving |engraving ,1.0
severe yet accessible manner |severe yet accessible manner ,1.0
effective |effective ,1.0
industries association design council international forum design |Industries Association Design Council International Forum Design ,1.0
leading line spacing |leading line spacing ,1.0
publications and marketing |publications and marketing ,1.0
western publication design |western publication design ,1.0
final composition |final composition ,1.0
editor software |editor software ,1.0
readability |Readability ,1.0
type space |type space ,1.0
specific character |specific characters ,1.0
prospective clients or employer |prospective clients or employers ,1.0
relevant understandable |relevant understandable ,1.0
access |access ,1.0
materials or surface |materials or surfaces ,1.0
visual instruction |visual instructions ,1.0
design and manufacture |Design and Manufactures ,1.0
maxbruinsma nl |Maxbruinsma nl ,1.0
brand |brand ,1.0
non-design oriented organization |non-design oriented organizations ,1.0
environmental graphic designer |environmental graphic designers ,1.0
physical object |physical objects ,1.0
metropolis |Metropolis ,1.0
composite the video using program |composite the video using programs ,1.0
develop drawing |Develop Drawings ,1.0
lasting |lasting ,1.0
operating system |operating system ,1.0
utilitarian purpose |utilitarian purposes ,1.0
teaching position |teaching position ,1.0
woodcut ink effect |woodcut ink effects ,1.0
corel painter |Corel Painter ,1.0
german bauhaus school |German Bauhaus school ,1.0
identity logo |identity logos ,1.0
bryce |Bryce ,1.0
technical graphic software edit |Technical graphic software edit ,1.0
open source software |open source software ,1.0
adobe flash |Adobe Flash ,1.0
large binder |large binder ,1.0
turner |Turner ,1.0
font |fonts ,1.0
user interface |user interfaces ,1.0
class |class ,1.0
shape |shapes ,1.0
lack |lack ,1.0
type text |type text ,1.0
effective visual communication |effective visual communication ,1.0
different title |different titles ,1.0
market |market ,1.0
modern era |modern era ,1.0
importance |importance ,1.0
manufacturer |manufacturers ,1.0
visual message |visual messages ,1.0
word |words ,1.0
rest |rest ,1.0
communication design |communication design ,1.0
uniquely american approach |uniquely American approach ,1.0
view art |view art ,1.0
art design |Art Design ,1.0
different sphere |different spheres ,1.0
object |objects ,1.0
scientific journal |scientific journals ,1.0
mind-mapping software |mind-mapping software ,1.0
solution e g |solution e g ,1.0
package function |Package function ,1.0
expression and feeling |expression and feeling ,1.0
digital art |digital art ,1.0
painting or drawing |Painting or drawing ,1.0
press-ready pdf |press-ready PDF ,1.0
baker |Baker ,1.0
visual arts portal related areas edit |Visual arts portal Related areas edit ,1.0
separation |separation ,1.0
computer-aided manufacturing |computer-aided manufacturing ,1.0
cultural relevance |cultural relevance ,1.0
scrolls and book |scrolls and books ,1.0
multimedia design |multimedia design ,1.0
specialized graphic format handling edit |Specialized graphic format handling edit ,1.0
catalogs and booklet |catalogs and booklets ,1.0
context |context ,1.0
fauve matisse |Fauve Matisse ,1.0
road sign |road signs ,1.0
raster graphics editors list |raster graphics editors List ,0.75
creative professional |creative professionals ,0.75
vector graphics editors list |vector graphics editors List ,0.75
distraction |distractions ,0.5
creative process edit |creative process edit ,0.5
complex idea |complex ideas ,0.5
distractions and complication |distractions and complications ,0.5
vector-based program |vector-based program ,0.5
external traditional media and guide |external traditional media and guides ,0.5
digital image editing tool |digital image editing tools ,0.5
separate company |separate company ,0.5
popular and industry standard software program |popular and industry standard software programs ,0.5
design solution |design solution ,0.5
early stage approval |early stage approval ,0.5
typographic change |typographic changes ,0.5
traditional method |traditional methods ,0.5
traditional-design computer-production hybrid process |traditional-design computer-production hybrid process ,0.5
rendering alternative |rendering alternatives ,0.5
multiple or complex idea |multiple or complex ideas ,0.5
thumbnail sketch |thumbnail sketches ,0.5
modeling edit |Modeling edit ,0.5
page layout program |page layout program ,0.5
analytic scientific and industrial purpose |analytic scientific and industrial purposes ,0.5
support |support ,0.5
key feature |key features ,0.5
scissors |scissors ,0.5
traditional hand rendering |traditional hand rendering ,0.5
computer simulation |computer simulations ,0.5
common function |common functions ,0.5
multiple idea |multiple ideas ,0.5
screen-capturing |screen-capturing ,0.5
rough draft |rough drafts ,0.5
traditional hand-rendering |traditional hand-rendering ,0.5
accurate kinetics |accurate kinetics ,0.5
image selection |image selection ,0.5
information graphics software list |information graphics software List ,0.5
computer-aided design edit |Computer-aided design edit ,0.5
limitless choice |limitless choices ,0.5
grid |grid ,0.5
raster image |Raster images ,0.5
quarkxpress and adobe indesign |QuarkXpress and Adobe InDesign ,0.5
computer publishing |computer publishing ,0.5
modeling applications or modeler |modeling applications or modelers ,0.5
computer-savvy production artist |computer-savvy production artists ,0.5
different mark-making tool |different mark-making tools ,0.5
finalization |finalization ,0.5
inspiring creativity |inspiring creativity ,0.5
native format |native formats ,0.5
electronic design process |electronic design process ,0.5
computer skill |computer skills ,0.5
indispensable tool |indispensable tool ,0.5
traditional graphic designer |traditional graphic designers ,0.5
exporter |exporters ,0.5
software citation |software citation ,0.5
graphic design course |graphic design courses ,0.5
complication |complications ,0.5
adobe dreamweaver |Adobe Dreamweaver ,0.5
software learning curve |software learning curve ,0.5
graphic art software application |graphic art software applications ,0.5
real brush |real brush ,0.5
creative expression and aesthetic |creative expression and aesthetics ,0.5
technical purpose |technical purposes ,0.5
metadata |metadata ,0.5
computers and software application |Computers and software applications ,0.5
expertise and training |expertise and training ,0.5
level computer style |level computer styles ,0.5
potential |potential ,0.5
hypermedia |hypermedia ,0.5
final stage |final stage ,0.5
effective production tool |effective production tools ,0.5
rapid production |Rapid production ,0.5
computer image manipulation |computer image manipulation ,0.5
number |number ,0.5
view |view ,0.5
web page design |Web page design ,0.5
presentation tool |presentation tools ,0.5
importers and exporter |importers and exporters ,0.5
rendering edit main article |Rendering edit Main article ,0.5
modeller |MODELLER ,0.5
image development |image development ,0.5
rendered scene |rendered scenes ,0.5
cad or cadd |CAD or CADD ,0.5
modeling software use |modeling software use ,0.5
computer-generated imagery cgi |computer-generated imagery CGI ,0.5
computer image manipulation and creation |computer image manipulation and creation ,0.5
pencils or marker |pencils or markers ,0.5
arrival |arrival ,0.5
creative thought process |creative thought process ,0.5
sculpture |sculpture ,0.5
computer-aided design computer aided design software |Computer-aided design Computer aided design software ,0.5
creation |creation ,0.5
algorithm |algorithms ,0.5
real brush and canvas texture |real brush and canvas textures ,0.5
early day |early days ,0.5
realism |realism ,0.5
hyperrealistic effect |hyperrealistic effects ,0.5
appreciation |appreciation ,0.5
individual program |Individual programs ,0.5
accuracy |accuracy ,0.5
audio motion and interactivity |audio motion and interactivity ,0.5
hyperrealism |hyperrealism ,0.5
specialized graphic file format |specialized graphic file formats ,0.5
computer graphic design |Computer graphic design ,0.5
arrangement style medium |arrangement style medium ,0.5
designing or technical illustration |designing or technical illustration ,0.5
tools and method |tools and methods ,0.5
raster image processing and file |raster image processing and file ,0.5
adobe systems incorporated |Adobe Systems Incorporated ,0.5
scanning software and screen-capturing |scanning software and screen-capturing ,0.5
manual and traditional tool |manual and traditional tools ,0.5
specialized software application |specialized software applications ,0.5
virtual engineering virtual reality virtual cinematography related topic |Virtual engineering Virtual reality Virtual cinematography Related topics ,0.5
no clear design outcome |no clear design outcome ,0.5
sketch numerous concept |sketch numerous concepts ,0.5
photographed image |photographed image ,0.5
guide |guides ,0.5
industry standard software program |industry standard software programs ,0.5
image or layout |image or layout ,0.5
page layout or image development |page layout or image development ,0.5
full-motion video |full-motion video ,0.5
graphic design software tool |graphic design software tools ,0.5
cad software |CAD software ,0.5
importer |importers ,0.5
ray tracer |ray tracers ,0.5
related feature |related features ,0.5
angle |angles ,0.5
detail |detail ,0.5
raster-based program |raster-based program ,0.5
traditional hand-rendering or paste-up |traditional hand-rendering or paste-up ,0.5
steeper learning curve |steeper learning curve ,0.5
endless iteration |endless iterations ,0.5
major page layout tool |major page layout tool ,0.5
quark |Quark ,0.5
analytic scientific |analytic scientific ,0.5
idea execution |idea execution ,0.5
modeling application |modeling applications ,0.5
finished visual |finished visuals ,0.5
non-technical conceptualizing |non-technical conceptualizing ,0.5
hand-rendered comp |Hand-rendered comps ,0.5
computer graphics software description |computer graphics software description ,0.5
digital painting effect |digital painting effects ,0.5
unique image file |unique image file ,0.5
computer simulations and game |computer simulations and games ,0.5
navigation search modeller redirect |navigation search Modeller redirects ,0.5
technical professional |Technical professionals ,0.5
traditional name |traditional names ,0.5
canvas texture |canvas textures ,0.5
application software |application software ,0.5
marker |markers ,0.5
subclass |subclass ,0.5
photo editing |photo editing ,0.5
filter |filters ,0.5
industrial purpose |industrial purposes ,0.5
newer more complete software package |newer more complete software packages ,0.5
pencil and paper |pencil and paper ,0.5
film |film ,0.5
computer and graphic design software tool |computer and graphic design software tools ,0.5
desire |desire ,0.5
creative expression |creative expression ,0.5
manual |manual ,0.5
navigational aid |navigational aids ,0.5
final product |final product ,0.5
