graphic design |graphic design |Graphic design |Graphic Design ,184.20427251803787
design |designs |design |Design ,70.14732002645938
graphic designer |graphic designer |Graphic Designer |graphic designers |Graphic designers ,59.40660769797259
computer graphic |Computer graphics |computer graphics ,39.9612015746122
main article |Main articles |Main article ,32.24547850272837
software |Software |software ,32.06370629965792
graphics software |graphics software ,20.604994561909415
page layout |Page layout |page layout ,17.43205476851705
specialized software |Specialized software |specialized software ,15.520645254425272
visual art |Visual arts |visual arts ,14.985450590479573
graphic |graphics ,14.742996860731127
designer |Designers |designers |designer ,14.673590320171636
computer graphics software |computer graphics software ,13.87427983174586
user experience design |User experience design ,13.058145723996104
unsourced statement |unsourced statements ,12.844671934696777
encyclopedia jump |encyclopedia Jump ,11.774282606805379
edit |edit ,11.405800766647152
art software |art software |Art software ,10.70389327891398
corporate identity |corporate identity ,10.70389327891398
image |image |images ,10.213456180759062
raster graphics editor |raster graphics editors ,9.793609292997077
user interface design |User interface design ,9.793609292997077
art director |art director |art directors ,9.633503951022583
computer |computer |computers |Computers ,9.483307541205196
art |art |Arts ,9.321152331125402
visual communication |visual communication ,8.991270354287744
adobe photoshop |Adobe Photoshop ,8.563114623131185
raster graphic |raster graphics ,8.563114623131185
drucker johanna and mcvarish |Drucker Johanna and McVarish ,8.142495638922885
technical illustration |technical illustration |Technical illustration ,7.4927252952397865
commons category |Commons category ,7.4927252952397865
software application |software application |software applications ,7.064569564083227
article |articles |article |Articles ,6.95538657635088
traditional medium effect |Traditional medium effects |traditional medium effects ,6.529072861998052
mental imaging skill |mental imaging skills |mental imaging skill ,6.529072861998052
william addison dwiggin |William Addison Dwiggins ,6.529072861998052
graphic design history |Graphic Design History ,6.529072861998052
graphic design principle |graphic design principles |Graphic design principles ,6.529072861998052
page layout technique |page layout techniques ,6.529072861998052
jane davis doggett |Jane Davis Doggett ,6.529072861998052
interface design |interface design ,6.422335967348388
vector graphic |vector graphics ,6.422335967348388
first thing |First Things ,6.422335967348388
modeling software |modeling software ,6.422335967348388
graphic element |graphic elements ,6.422335967348388
identity logos and branding publications magazines newspapers and book |identity logos and branding publications magazines newspapers and books ,6.3717330906226675
multiple images game development tool game engine level editor |multiple images Game development tool Game engine Level editor ,6.3717330906226675
gocr gphoto graphics layout engine graphicsmagick h hugin software |GOCR GPhoto Graphics Layout Engine GraphicsMagick H Hugin software ,6.3717330906226675
effect |effects ,6.134772598074024
layout |layout |layouts ,6.109939185757983
raster graphics editors list |raster graphics editors List ,6.1068717291921635
traditional and digital form |traditional and digital form ,6.1068717291921635
vector graphics editors list |vector graphics editors List ,6.1068717291921635
computer graphics design education design principles and element |Computer graphics Design education Design principles and elements ,6.035843815994525
en wikipedia org w index php title graphic |en wikipedia org w index php title Graphics ,6.035843815994525
raster or vector graphic reading and editing method |raster or vector graphic reading and editing methods ,6.035843815994525
stylized image development software edit image development professional |Stylized image development software edit Image development professionals ,6.035843815994525
website graphics and elements signs and product packaging |website graphics and elements signs and product packaging ,6.035843815994525
en wikipedia org w index php title category |en wikipedia org w index php title Category ,6.035843815994525
aesthetics adobe photoshop color theory composition visual art |Aesthetics Adobe Photoshop Color theory Composition visual arts ,6.035843815994525
book |Book |books |book ,5.923228715381817
tool |tools |tool |Tools ,5.695540694273624
experiential graphic design v t e visualization |Experiential Graphic Design v t e Visualization ,5.65563804923464
leadership management methods pattern research science strategy |leadership management methods pattern research science strategy ,5.65563804923464
molecular graphics product visualization scientific visualization software |Molecular graphics Product visualization Scientific visualization Software ,5.65563804923464
graphic design occupations graphic design career path |Graphic design occupations Graphic design career paths ,5.65563804923464
website wireframe intellectual property community design design |Website wireframe Intellectual property Community design Design ,5.65563804923464
industries association design council international forum design |Industries Association Design Council International Forum Design ,5.65563804923464
creative process |creative process ,5.35194663945699
local link |local link ,5.35194663945699
animation architecture art direction communication design |Animation Architecture Art direction Communication design ,5.217618485351048
elements theories principles practices and language |elements theories principles practices and languages ,5.217618485351048
geovisualization information visualization mathematical visualization medical |Geovisualization Information visualization Mathematical visualization Medical ,5.217618485351048
art copywriting creative direction design desktop |art Copywriting Creative direction Design Desktop ,5.217618485351048
environmental graphic design experiential graphic design |Environmental Graphic Design Experiential graphic design ,5.217618485351048
visual arts design edit main article |Visual arts design edit Main article ,5.217618485351048
booming post-world war ii american economy |booming post-World War II American economy ,5.217618485351048
intricate modern magazine and catalogue layout |intricate modern magazine and catalogue layouts ,5.217618485351048
illustration photography animation or interactive design |illustration photography animation or interactive design ,5.217618485351048
graphics software or image editing software |graphics software or image editing software ,5.217618485351048
existing text and either preexisting imagery |existing text and either preexisting imagery ,5.217618485351048
intelligent design new product development philosophy |Intelligent design New product development Philosophy ,5.217618485351048
typography web graphic design related topic |Typography Web graphic design Related topics ,5.217618485351048
critical observational quantitative and analytic thinking |Critical observational quantitative and analytic thinking ,5.217618485351048
vector graphics editors graphics hardware list |vector graphics editors Graphics hardware List ,5.217618485351048
computer graphics design education design principle |Computer graphics Design education Design principles ,5.217618485351048
visual arts portal related areas edit |Visual arts portal Related areas edit ,5.217618485351048
graphics and image |graphics and images ,4.896804646498539
graphic design industry |graphic design industry ,4.896804646498539
modern graphic design subfields edit |Modern graphic design subfields edit ,4.700994494168267
tool tools intellectual property organization |tool Tools Intellectual property Organizations ,4.700994494168267
computer graphics software open-source art |computer graphics software Open-source Art ,4.700994494168267
graphic designer or art director |graphic designer or art director ,4.700994494168267
animation and video editing software |animation and video editing software ,4.700994494168267
web site or software application |web site or software application ,4.700994494168267
web design and software design |web design and software design ,4.700994494168267
page layout edit main article |Page layout edit Main article ,4.700994494168267
user or web site visitor |user or web site visitor ,4.700994494168267
popular advertising and logo design |popular advertising and logo design ,4.700994494168267
graphics software free application software |Graphics software Free application software ,4.700994494168267
respected design practitioners and thinker |respected design practitioners and thinkers ,4.700994494168267
corporate identity and branding project |corporate identity and branding projects ,4.700994494168267
software or open source software |software or open source software ,4.700994494168267
design history oxford university press |Design History Oxford University Press ,4.700994494168267
early twentieth century graphic design |early twentieth century graphic design ,4.700994494168267
visual communication and communication design |visual communication and communication design ,4.700994494168267
dtp associate or graphic artist |DTP Associate or Graphic Artist ,4.700994494168267
burlap canvas or handicraft texture |burlap canvas or handicraft textures ,4.700994494168267
interface design edit main article |Interface design edit Main article ,4.700994494168267
composite the video using program |composite the video using programs ,4.700994494168267
specialized graphic format handling edit |Specialized graphic format handling edit ,4.700994494168267
use |use |Use ,4.434488640935404
en wikipedia |en wikipedia ,4.281557311565592
information graphic |information graphics ,4.281557311565592
editing software |editing software ,4.281557311565592
kelmscott press |Kelmscott Press ,4.281557311565592
visual effect |visual effects ,4.281557311565592
communication skill |communication skills ,4.281557311565592
wired magazine |WIRED Magazine |Wired Magazine ,4.281557311565592
taschen publisher |Taschen Publishers ,4.281557311565592
pearson education |Pearson Education ,4.281557311565592
photorealistic effect |photorealistic effects |Photorealistic effects ,4.281557311565592
advertising art |advertising art ,4.281557311565592
fine art |fine art ,4.281557311565592
graphics program |graphics programs ,4.281557311565592
experience design |experience design ,4.281557311565592
personal computer |personal computers ,4.281557311565592
media player |media players ,4.281557311565592
william morris |William Morris ,4.281557311565592
critical guide |critical Guide ,4.281557311565592
design layout |design layout |design layouts ,4.281557311565592
middle age |Middle Ages ,4.281557311565592
logo or other artwork |logo or other artwork ,4.071247819461442
graphic design institutions list |graphic design institutions List ,4.071247819461442
printing edit main article |printing edit Main article ,4.071247819461442
photography or digital art |photography or digital art ,4.071247819461442
magazine article or advertisement |magazine article or advertisement ,4.071247819461442
entry level production artist |entry level production artist ,4.071247819461442
text layout and style |text layout and style ,4.071247819461442
environmental graphic design system |environmental graphic design systems ,4.071247819461442
sketch script or instruction |sketch script or instructions ,4.071247819461442
large scale physical installation |large scale physical installations ,4.071247819461442
wall street journal mention |Wall Street Journal Mention ,4.071247819461442
indesign coreldraw or quarkxpres |InDesign CorelDRAW or QuarkXPress ,4.071247819461442
visual languages and resource |visual languages and resources ,4.071247819461442
art craft and technique |art craft and techniques ,4.071247819461442
typography edit main article |Typography edit Main article ,4.071247819461442
earliest graphics software application |earliest graphics software applications ,4.071247819461442
earliest known printed book |earliest known printed book ,4.071247819461442
type space and image |type space and image ,4.071247819461442
corel painter and photo-paint |Corel Painter and Photo-Paint ,4.071247819461442
vector or raster graphic |vector or raster graphics ,4.071247819461442
professional graphic design industry |professional graphic design industry ,4.071247819461442
creative work jeff howe |creative work Jeff Howe ,4.071247819461442
computer-aided design and drafting |Computer-Aided Design and Drafting ,4.071247819461442
twentieth century design edit |Twentieth century design edit ,4.071247819461442
graphical user interface gui |Graphical User Interface GUI ,4.071247819461442
graphic design enhances transfer |graphic design enhances transfer ,4.071247819461442
tideart v t e |TideArt v t e ,4.071247819461442
user experience design edit |User experience design edit ,4.071247819461442
real-time computer graphics engine |real-time computer graphics engines ,4.071247819461442
milton glaser draws lecture |Milton Glaser Draws Lectures ,4.071247819461442
large project building team |large project building teams ,4.071247819461442
commission photographers or illustrator |commission photographers or illustrators ,4.071247819461442
experiential graphic design edit |Experiential graphic design edit ,4.071247819461442
general image editing software |general image editing software ,4.071247819461442
specialized skill or technique |specialized skill or technique ,4.071247819461442
visual presentation and layout |visual presentation and layout ,4.071247819461442
newer methods or integration |newer methods or integration ,4.071247819461442
list desktop publishing description |list Desktop publishing description ,4.071247819461442
elements theories principles practice |elements theories principles practices ,4.071247819461442
basic graphic design tool |basic graphic design tools ,4.071247819461442
major page layout program |major page layout programs ,4.071247819461442
graphic wayfinding signage system |Graphic wayfinding signage systems ,4.071247819461442
printmaking edit main article |Printmaking edit Main article ,4.071247819461442
computer art graphics software |Computer art Graphics software ,4.071247819461442
chicago good design award |Chicago Good Design Awards ,4.071247819461442
multimedia development software edit |Multimedia development software edit ,4.071247819461442
interface service or product |interface service or product ,4.071247819461442
non-photorealistic rendering vector editor |Non-photorealistic rendering Vector editors ,4.071247819461442
important graphic design tool |important graphic design tool ,4.071247819461442
identifying mark or trade |identifying mark or trade ,4.071247819461442
lasting and democratic form |lasting and democratic forms ,4.071247819461442
design layouts and rendering |design layouts and rendering ,4.071247819461442
modern architecture and design |modern architecture and design ,4.071247819461442
widespread acceptance and application |widespread acceptance and application ,4.071247819461442
computer-aided design editors list |computer-aided design editors List ,4.071247819461442
list presentation software description |list Presentation software description ,4.071247819461442
popular open source alternative |popular open source alternative ,4.071247819461442
stock imagery or photography |stock imagery or photography ,4.071247819461442
occupations edit main article |Occupations edit Main article ,4.071247819461442
severe yet accessible manner |severe yet accessible manner ,4.071247819461442
technical graphic software edit |Technical graphic software edit ,4.071247819461442
product |product |products ,3.746971022185729
program |programs |program ,3.6155338303659383
file |files |Files |file ,3.590369786803859
typography |Typography |typography ,3.5750916174983107
work |work |Works |works ,3.5750916174983107
element |elements ,3.5200902079983365
history |history |History ,3.3000845699984405
painting texture map |painting texture maps ,3.264536430999026
director eduction element |director eduction elements ,3.264536430999026
graphic design product |graphic design products ,3.264536430999026
graphic design deal |graphic design deals ,3.264536430999026
computer software development |computer software development ,3.264536430999026
document human experience |document human experience ,3.264536430999026
design industry edit |design industry edit ,3.264536430999026
graphic art element |graphic art element ,3.264536430999026
experiential graphic designer |Experiential graphic designers ,3.264536430999026
latin-american graphic design |Latin-American Graphic Design ,3.264536430999026
designer raymond loewy |designer Raymond Loewy ,3.264536430999026
windows movie maker |Windows Movie Maker ,3.264536430999026
clarity and accuracy |clarity and accuracy ,3.264536430999026
solid crisp line |solid crisp lines ,3.264536430999026
lifelike motion constraint |lifelike motion constraints ,3.264536430999026
end user interactivity |end user interactivity ,3.264536430999026
farm references edit |farm References edit ,3.264536430999026
american book designer |American book designer ,3.264536430999026
van nostrand reinhold |Van Nostrand Reinhold ,3.264536430999026
concerns and criticism |concerns and criticisms ,3.264536430999026
raw image format |Raw image format ,3.264536430999026
nondestructive image processing |nondestructive image processing ,3.264536430999026
great stylistic refinement |great stylistic refinement ,3.264536430999026
visual communication skill |visual communication skills ,3.264536430999026
structured page design |structured page design ,3.264536430999026
journalists and photojournalist |journalists and photojournalists ,3.264536430999026
graphic design project |graphic design project ,3.264536430999026
portal wikimedia common |portal Wikimedia Commons ,3.264536430999026
respected design practitioner |respected design practitioners ,3.264536430999026
world wide web |World Wide Web ,3.264536430999026
first significant reaction |first significant reaction ,3.264536430999026
judgment and creativity |judgment and creativity ,3.264536430999026
opinion and fact |opinion and facts ,3.264536430999026
goods and service |goods and services ,3.264536430999026
faber and faber |Faber and Faber ,3.264536430999026
graphic art software |Graphic art software |graphic art software ,3.264536430999026
design museum exhibition |Design Museum Exhibition ,3.264536430999026
web performance optimization |web performance optimization ,3.264536430999026
die laser cutting |die laser cutting ,3.264536430999026
vector graphics language |vector graphics language ,3.264536430999026
mid-century modern design |mid-century modern design ,3.264536430999026
contemporary graphic design |Contemporary Graphic Design ,3.264536430999026
computer science graph |computer science Graph ,3.264536430999026
exploration and production |exploration and production ,3.264536430999026
specialized software package |Specialized software packages ,3.264536430999026
movable type printing |movable type printing ,3.264536430999026
complementary tools edit |Complementary tools edit ,3.264536430999026
contemporary design practice |Contemporary design practice ,3.264536430999026
main job title |main job titles ,3.264536430999026
visualization computer graphic |Visualization computer graphics ,3.264536430999026
product or service |product or service ,3.264536430999026
readability and legibility |Readability and legibility ,3.264536430999026
visual story telling |visual story telling ,3.264536430999026
multimedia development professional |Multimedia development professionals ,3.264536430999026
synthetic physical object |synthetic physical objects ,3.264536430999026
designing modern britain |Designing Modern Britain ,3.264536430999026
production techniques citation |production techniques citation ,3.264536430999026
adobe premiere pro |Adobe Premiere Pro ,3.264536430999026
theories and diagram |theories and diagrams ,3.264536430999026
accurate visual effect |accurate visual effects ,3.264536430999026
computer systems design |computer systems design ,3.264536430999026
graphic designer report |graphic designer reports ,3.264536430999026
national park service |National Park Service ,3.264536430999026
best-known graphics program |best-known graphics programs ,3.264536430999026
early illuminated page |early illuminated pages ,3.264536430999026
special handling software |special handling software ,3.264536430999026
additional references article |additional references Articles ,3.264536430999026
engraving or etching |engraving or etching ,3.264536430999026
hand eye coordination |hand eye coordination ,3.264536430999026
structure and ethos |structure and ethos ,3.264536430999026
ideas and message |ideas and messages ,3.264536430999026
computer technical skill |computer technical skills ,3.264536430999026
large public space |large public spaces ,3.264536430999026
final cut pro |Final Cut Pro ,3.264536430999026
generalized image editor |generalized image editors ,3.264536430999026
match moving software |Match moving software ,3.264536430999026
interactive communication skill |interactive communication skills ,3.264536430999026
graphic design edit |graphic design edit ,3.264536430999026
graphics file format |graphics file formats ,3.264536430999026
european design award |European Design Awards ,3.264536430999026
senior media creative |senior media creative ,3.264536430999026
charlotte and fiell |Charlotte and Fiell ,3.264536430999026
l szl moholy-nagy |L szl Moholy-Nagy ,3.264536430999026
graphic design documentary |Graphic Design Documentary ,3.264536430999026
copper or zinc |copper or zinc ,3.264536430999026
hyperrealistic effects edit |Hyperrealistic effects edit ,3.264536430999026
products and element |products and elements ,3.264536430999026
digital graphic design |Digital Graphic Design ,3.264536430999026
color or symbol |color or symbol ,3.264536430999026
automated rendering mode |automated rendering modes ,3.264536430999026
benefactor or client |benefactor or client ,3.264536430999026
vector graphic editor |Vector graphic editors ,3.264536430999026
general graphic editor |general graphic editors ,3.264536430999026
technical graphic software |technical graphic software ,3.264536430999026
product lifecycle management |product lifecycle management ,3.264536430999026
private press movement |Private Press movement ,3.264536430999026
single original surface |single original surface ,3.264536430999026
wysiwyg user interface |WYSIWYG user interfaces ,3.264536430999026
layout or interface |layout or interface ,3.264536430999026
unique original piece |unique original piece ,3.264536430999026
josef m ller-brockmann |Josef M ller-Brockmann ,3.264536430999026
main job responsibility |main job responsibility ,3.264536430999026
environmental graphics pioneer |Environmental Graphics Pioneer ,3.264536430999026
general image editing |general image editing ,3.264536430999026
purely photorealistic image |purely photorealistic images ,3.264536430999026
search graphic symbol |search Graphic symbols ,3.264536430999026
corporate identity development |corporate identity development ,3.264536430999026
bachelor s degree |Bachelor s degree ,3.264536430999026
computer-aided architectural design |Computer-aided architectural design ,3.264536430999026
product or idea |product or idea ,3.264536430999026
stronger user base |stronger user base ,3.264536430999026
text or image |text or image ,3.264536430999026
program or collection |program or collection ,3.264536430999026
modifying type glyph |modifying type glyphs ,3.264536430999026
graphic design community |graphic design community ,3.264536430999026
visual art skill |visual art skills ,3.264536430999026
silk road foundation |Silk Road Foundation ,3.264536430999026
modern industrial technology |modern industrial technology ,3.264536430999026
finite element analysis |Finite element analysis ,3.264536430999026
advertising and packaging |advertising and packaging ,3.264536430999026
airport wayfinding system |airport wayfinding systems ,3.264536430999026
presentation e g |presentation e g ,3.264536430999026
cross-disciplinary collaborative process |cross-disciplinary collaborative process ,3.264536430999026
st martins press |St Martins Press ,3.264536430999026
classic design example |classic design example ,3.264536430999026
custom hardware solution |custom hardware solutions ,3.264536430999026
stylization and presentation |stylization and presentation ,3.264536430999026
graphic design page |graphic design Page ,3.264536430999026
nineteenth-century graphic design |nineteenth-century graphic design ,3.264536430999026
vector graphics animation |Vector graphics animation ,3.264536430999026
programs and prop |programs and props ,3.264536430999026
motion visual effect |motion visual effects ,3.264536430999026
raster graphics animation |Raster graphics animation ,3.264536430999026
convergent or divergent |convergent or divergent ,3.264536430999026
creative work ccw |creative work CCW ,3.264536430999026
pure design element |pure design elements ,3.264536430999026
bibliography edit fiell |Bibliography edit Fiell ,3.264536430999026
layout and formatting |layout and formatting ,3.264536430999026
creative computer tool |Creative Computer Tools ,3.264536430999026
buildings and space |buildings and space ,3.264536430999026
software edit list |Software edit List ,3.264536430999026
first official publication |first official publication ,3.264536430999026
leading line spacing |leading line spacing ,3.264536430999026
publications and marketing |publications and marketing ,3.264536430999026
western publication design |western publication design ,3.264536430999026
materials or surface |materials or surfaces ,3.264536430999026
design and manufacture |Design and Manufactures ,3.264536430999026
non-design oriented organization |non-design oriented organizations ,3.264536430999026
environmental graphic designer |environmental graphic designers ,3.264536430999026
woodcut ink effect |woodcut ink effects ,3.264536430999026
german bauhaus school |German Bauhaus school ,3.264536430999026
effective visual communication |effective visual communication ,3.264536430999026
uniquely american approach |uniquely American approach ,3.264536430999026
solution e g |solution e g ,3.264536430999026
expression and feeling |expression and feeling ,3.264536430999026
painting or drawing |Painting or drawing ,3.264536430999026
scrolls and book |scrolls and books ,3.264536430999026
digital painting |digital painting ,3.211167983674194
wikimedia common |Wikimedia Commons ,3.211167983674194
creative director |creative director ,3.211167983674194
graphic artist |Graphic Artist |graphic artists |graphic artist ,3.211167983674194
file size |file size ,3.211167983674194
creative professional |creative professionals ,3.211167983674194
microsoft publisher |Microsoft Publisher ,3.211167983674194
graphic file |graphic files ,3.211167983674194
scanning software |scanning software ,3.211167983674194
illustration |illustrations |illustration ,3.02507752249857
virtual engineering virtual reality virtual cinematography related topic |Virtual engineering Virtual reality Virtual cinematography Related topics ,3.0179219079972626
art director occupation type profession activity sectors advertising |art director Occupation type Profession Activity sectors advertising ,3.0179219079972626
process |process |processes ,2.8875739987486355
example |Examples |example |examples ,2.8875739987486355
style |style |Style |styles ,2.7893571960701102
branding |branding |Branding ,2.635484205207088
type |type ,2.6263173036237593
typical u s graphic design job |typical U S graphic design jobs ,2.608809242675524
popular and industry standard software program |popular and industry standard software programs ,2.608809242675524
graphic design and graphic arts industry |graphic design and graphic arts industry ,2.608809242675524
graphic designers mood board references edit |graphic designers Mood board References edit ,2.608809242675524
maxim shamir occupation names creative director |Maxim Shamir Occupation Names creative director ,2.608809242675524
art history related jobs production artist |art history Related jobs production artist ,2.608809242675524
computer-aided design computer aided design software |Computer-aided design Computer aided design software ,2.608809242675524
search graphic designer graphic designers gabriel |search Graphic Designer Graphic designers Gabriel ,2.608809242675524
computer and graphic design software tool |computer and graphic design software tools ,2.608809242675524
print |Prints |Print |print ,2.526627248905056
architecture |Architecture |architecture ,2.4750634274988306
production |production ,2.4125618257943144
user |Users |users |user ,2.379868680287337
text |text ,2.358714292018116
external traditional media and guide |external traditional media and guides ,2.3504972470841334
visual communication problems or challenge |visual communication problems or challenges ,2.3504972470841334
analytic scientific and industrial purpose |analytic scientific and industrial purposes ,2.3504972470841334
time-based and interactive media film |time-based and interactive media film ,2.3504972470841334
aas ba bfa bca mfa |AAS BA BFA BCA MFA ,2.3504972470841334
hot iron symbol or logo |hot iron symbol or logo ,2.3504972470841334
computer image manipulation and creation |computer image manipulation and creation ,2.3504972470841334
iterative prototyping and user testing |Iterative prototyping and user testing ,2.3504972470841334
real brush and canvas texture |real brush and canvas textures ,2.3504972470841334
raster image processing and file |raster image processing and file ,2.3504972470841334
page layout or image development |page layout or image development ,2.3504972470841334
newer more complete software package |newer more complete software packages ,2.3504972470841334
artist |Artists |artists |artist ,2.3375599037488954
communication |communication ,2.3375599037488954
model |models |Models ,2.3375599037488954
page |page ,2.3375599037488954
industry |industry ,2.230612718610057
idea |ideas |idea ,2.172555675248973
broader meaning |broader meaning ,2.140778655782796
clerical worker |clerical workers ,2.140778655782796
visual image |visual images ,2.140778655782796
web design |web design ,2.140778655782796
edit comparison |edit Comparison ,2.140778655782796
cinematic production |cinematic production ,2.140778655782796
london underground |London Underground ,2.140778655782796
newer method |newer methods ,2.140778655782796
beveled effect |beveled effects ,2.140778655782796
products design |products designs ,2.140778655782796
publishing marketing |publishing marketing ,2.140778655782796
design consideration |design consideration ,2.140778655782796
foil stamping |foil stamping ,2.140778655782796
educational material |educational material ,2.140778655782796
electronic presentation |electronic presentations ,2.140778655782796
buddhist scripture |Buddhist scripture ,2.140778655782796
pioneering program |pioneering program ,2.140778655782796
no emphasis |no emphasis ,2.140778655782796
public installation |public installations ,2.140778655782796
film-based animation |film-based animation ,2.140778655782796
single plate |single plate ,2.140778655782796
computer font |computer fonts ,2.140778655782796
creative domain |creative domains ,2.140778655782796
design rockism |Design Rockism ,2.140778655782796
stylized effect |stylized effects ,2.140778655782796
poster design |poster design ,2.140778655782796
company identity |company identity ,2.140778655782796
fontographer software |Fontographer software ,2.140778655782796
interactive design |interactive design ,2.140778655782796
convincing talent |convincing talents ,2.140778655782796
visual designer |visual designers ,2.140778655782796
macromedia xre |Macromedia xRes ,2.140778655782796
newspaper story |newspaper story ,2.140778655782796
soviet constructivism |Soviet constructivism ,2.140778655782796
mass-produced minimalism |mass-produced minimalism ,2.140778655782796
line art |line art ,2.140778655782796
final result |final result ,2.140778655782796
different time |different times ,2.140778655782796
concept map |concept maps ,2.140778655782796
important feature |important features ,2.140778655782796
wild fire |wild fire ,2.140778655782796
strong portfolio |strong portfolio ,2.140778655782796
fiona mccarthy |Fiona McCarthy ,2.140778655782796
following year |following years ,2.140778655782796
important aspect |important aspect ,2.140778655782796
information form |information form ,2.140778655782796
additional citation |additional citations ,2.140778655782796
printing call |Printing Calls ,2.140778655782796
edward johnston |Edward Johnston ,2.140778655782796
convention center |convention centers ,2.140778655782796
aegeanlinux desktop |AegeanLinux desktop ,2.140778655782796
dazzling neon |dazzling neons ,2.140778655782796
discontinued software |discontinued software ,2.140778655782796
divergent task |divergent task ,2.140778655782796
unsourced material |Unsourced material ,2.140778655782796
information designer |information designers ,2.140778655782796
reference manual |reference manuals ,2.140778655782796
interoffice memorandum |interoffice memorandums ,2.140778655782796
digital age |Digital Age ,2.140778655782796
graphics planet |Graphics Planet ,2.140778655782796
historical style |historical styles ,2.140778655782796
product marketing |product marketing ,2.140778655782796
static graphic |static graphics ,2.140778655782796
data acquisition |data acquisition ,2.140778655782796
influential citation |influential citation ,2.140778655782796
computer-aided engineering |computer-aided engineering ,2.140778655782796
visualizing concept |visualizing concepts ,2.140778655782796
visual information |visual information ,2.140778655782796
convergent task |convergent task ,2.140778655782796
max bruinsma |max bruinsma ,2.140778655782796
designers design |Designers Design ,2.140778655782796
common example |common example ,2.140778655782796
limited edition |limited edition ,2.140778655782796
crafts movement |Crafts movement ,2.140778655782796
digital photography |digital photography ,2.140778655782796
unfamiliar space |unfamiliar spaces ,2.140778655782796
computer-generated video |computer-generated video ,2.140778655782796
great exhibition |Great Exhibition ,2.140778655782796
online branding |online branding ,2.140778655782796
professional photographer |professional photographers ,2.140778655782796
interactive experience |interactive experience ,2.140778655782796
universal art |Universal Arts ,2.140778655782796
united kingdom |United Kingdom ,2.140778655782796
artistic piece |Artistic pieces ,2.140778655782796
printed design |printed design ,2.140778655782796
hand-copied book |hand-copied books ,2.140778655782796
editing method |editing methods ,2.140778655782796
modern style |modern style ,2.140778655782796
accurate rotation |accurate rotation ,2.140778655782796
henry cole |Henry Cole ,2.140778655782796
great britain |Great Britain ,2.140778655782796
paul rand |Paul Rand ,2.140778655782796
strong competition |strong competition ,2.140778655782796
marketing professional |marketing professionals ,2.140778655782796
blogs television |blogs television ,2.140778655782796
printmaking printmaking |Printmaking Printmaking ,2.140778655782796
unique style |unique styles ,2.140778655782796
philip b |Philip B ,2.140778655782796
printed material |printed material ,2.140778655782796
design service |design services ,2.140778655782796
intellectual production |intellectual production ,2.140778655782796
jerry james |Jerry James ,2.140778655782796
autodesk combustion |Autodesk Combustion ,2.140778655782796
typefaces univer |typefaces Univers ,2.140778655782796
software developer |software developers ,2.140778655782796
live video |live video ,2.140778655782796
mathematical transformation |mathematical transformations ,2.140778655782796
specialized task |specialized tasks ,2.140778655782796
similar fashion |similar fashion ,2.140778655782796
human anatomy |human anatomy ,2.140778655782796
s column |s Column ,2.140778655782796
book form |book form ,2.140778655782796
animation software |animation software ,2.140778655782796
mathematical calculation |mathematical calculations ,2.140778655782796
reliable source |reliable sources ,2.140778655782796
recent change |recent changes ,2.140778655782796
list list |list List ,2.140778655782796
in-house designer |in-house designers ,2.140778655782796
ken garland |Ken Garland ,2.140778655782796
recent history |recent history ,2.140778655782796
video editing |video editing ,2.140778655782796
image quality |image quality ,2.140778655782796
jeremy wagstaff |Jeremy Wagstaff ,2.140778655782796
interactive tool |interactive tools ,2.140778655782796
applied art |Applied arts ,2.140778655782796
tunc dicit |Tunc dicit ,2.140778655782796
book segd |Book SEGD ,2.140778655782796
ellen lupton |Ellen Lupton ,2.140778655782796
air force |Air Force ,2.140778655782796
pre-existing material |pre-existing materials ,2.140778655782796
large number |large number ,2.140778655782796
www crowdsource |www crowdsource ,2.140778655782796
apparel design |apparel design ,2.140778655782796
arranging type |arranging type ,2.140778655782796
low end |low end ,2.140778655782796
web developer |web developers ,2.140778655782796
technical schematic |technical schematics ,2.140778655782796
slower rate |slower rates ,2.140778655782796
term crowdsourcing |term Crowdsourcing ,2.140778655782796
news reporting |news reporting ,2.140778655782796
revolutionary russia |revolutionary Russia ,2.140778655782796
illustration technique |illustration techniques ,2.140778655782796
communications consultant |communications consultants ,2.140778655782796
erik spiekermann |Erik Spiekermann ,2.140778655782796
web site |web site ,2.140778655782796
individualistic art |individualistic art ,2.140778655782796
rudy vanderlan |Rudy VanderLans ,2.140778655782796
diverse element |diverse elements ,2.140778655782796
recent explosion |recent explosion ,2.140778655782796
bob gordon |Bob Gordon ,2.140778655782796
hybrid process |hybrid process ,2.140778655782796
multiple technique |multiple techniques ,2.140778655782796
city planner |city planners ,2.140778655782796
software license |software license ,2.140778655782796
rotoscope animation |rotoscope animations ,2.140778655782796
macromedia matisse |Macromedia Matisse ,2.140778655782796
blind embossing |blind embossing ,2.140778655782796
blurring distinction |blurring distinction ,2.140778655782796
brand development |brand development ,2.140778655782796
college-level education |college-level education ,2.140778655782796
digital fusion |Digital Fusion ,2.140778655782796
design logo |Design Logos ,2.140778655782796
book structure |book structure ,2.140778655782796
illuminated manuscript |illuminated manuscripts ,2.140778655782796
additional reference |additional references ,2.140778655782796
advanced feature |advanced features ,2.140778655782796
print advertisement |print advertisements ,2.140778655782796
strong critique |strong critiques ,2.140778655782796
software attempt |software attempts ,2.140778655782796
major force |major forces ,2.140778655782796
commercial writer |commercial writers ,2.140778655782796
virtual testing |virtual testing ,2.140778655782796
herbert bayer |Herbert Bayer ,2.140778655782796
final design |final design ,2.140778655782796
jan tschichold |Jan Tschichold ,2.140778655782796
active colour |active colours ,2.140778655782796
buddhist text |Buddhist texts ,2.140778655782796
specialized skill |specialized skills |specialized skill ,2.140778655782796
median pay |median pay ,2.140778655782796
generalized application |generalized applications ,2.140778655782796
closing credit |closing credits ,2.140778655782796
organic growth |organic growth ,2.140778655782796
public relation |public relations ,2.140778655782796
traditional design |traditional designs ,2.140778655782796
large amount |large amounts ,2.140778655782796
universal palette |universal palette ,2.140778655782796
reasonable layout |reasonable layout ,2.140778655782796
point size |point size ,2.140778655782796
common type |Common types ,2.140778655782796
precise handling |precise handling ,2.140778655782796
specialized occupation |specialized occupation ,2.140778655782796
entertainment purpose |entertainment purposes ,2.140778655782796
environmental condition |environmental conditions ,2.140778655782796
hand-rendering style |hand-rendering styles ,2.140778655782796
pioneer designer |pioneer designer ,2.140778655782796
peter editor |Peter editors ,2.140778655782796
fabric plate |fabric plates ,2.140778655782796
lucrative business |lucrative business ,2.140778655782796
visual representation |visual representation ,2.140778655782796
victorian design |Victorian design ,2.140778655782796
typography typography |Typography Typography ,2.140778655782796
single print |single print ,2.140778655782796
metacreations detailer |MetaCreations Detailer ,2.140778655782796
modern time |modern times ,2.140778655782796
interesting way |interesting ways ,2.140778655782796
money investment |money investment ,2.140778655782796
presidential seal |presidential seal ,2.140778655782796
notable name |Notable names ,2.140778655782796
entertainment industry |entertainment industry ,2.140778655782796
customer software |customer software ,2.140778655782796
el lissitzky |El Lissitzky ,2.140778655782796
information design |information design ,2.140778655782796
postscript file |PostScript files ,2.140778655782796
museum display |museum displays ,2.140778655782796
twentieth century |twentieth century ,2.140778655782796
visual solution |visual solution |visual solutions ,2.140778655782796
stale state |stale state ,2.140778655782796
source code |source code ,2.140778655782796
visual language |visual languages ,2.140778655782796
digital environment |digital environments ,2.140778655782796
visual culture |visual culture ,2.140778655782796
bauhaus typographer |Bauhaus typographers ,2.140778655782796
product package |product package ,2.140778655782796
apophysis software |Apophysis software ,2.140778655782796
maggie gordon |Maggie Gordon ,2.140778655782796
aldus manutiu |Aldus Manutius ,2.140778655782796
adobe illustrator |Adobe Illustrator ,2.140778655782796
needed tschichold |needed Tschichold ,2.140778655782796
felipe editor |Felipe editors ,2.140778655782796
adrian frutiger |Adrian Frutiger ,2.140778655782796
decorated text |Decorated text ,2.140778655782796
overlapping skill |overlapping skills ,2.140778655782796
creative spectrum |creative spectrum ,2.140778655782796
practice area |practice areas ,2.140778655782796
user interaction |user interaction ,2.140778655782796
long history |Long History ,2.140778655782796
visual element |visual elements ,2.140778655782796
adobe citation |Adobe citation ,2.140778655782796
modern computer |modern computer ,2.140778655782796
editing program |editing programs ,2.140778655782796
build environment |build environment ,2.140778655782796
emigre essay |Emigre Essays ,2.140778655782796
stylistic device |stylistic devices ,2.140778655782796
stained glass |stained glass ,2.140778655782796
goal differ |goal differs ,2.140778655782796
mosaic effect |mosaic effects ,2.140778655782796
thoughtful composition |thoughtful compositions ,2.140778655782796
toads retrieved |Toads Retrieved ,2.140778655782796
art nouveau |Art Nouveau ,2.140778655782796
image placement |image placement ,2.140778655782796
field requirement |field requirements ,2.140778655782796
icon design |icon design ,2.140778655782796
lay user |lay users ,2.140778655782796
history edit |History edit ,2.140778655782796
cyan form |cyan forms ,2.140778655782796
website graphic |website graphics ,2.140778655782796
page title |page title ,2.140778655782796
caslon lettering |Caslon lettering ,2.140778655782796
european minimalism |European minimalism ,2.140778655782796
free-lance designer |free-lance designers ,2.140778655782796
branded environment |branded environments ,2.140778655782796
external link |External links ,2.140778655782796
type design |type design ,2.140778655782796
comic book |comic books ,2.140778655782796
commission photographer |commission photographers ,2.140778655782796
modern typography |modern typography ,2.140778655782796
principal pioneer |principal pioneers ,2.140778655782796
technical illustrator |technical illustrators ,2.140778655782796
johann gutenberg |Johann Gutenberg ,2.140778655782796
creation tool |creation tools ,2.140778655782796
first book |first book ,2.140778655782796
image viewer |image viewers ,2.140778655782796
wood block |wood blocks ,2.140778655782796
employment rate |employment rates ,2.140778655782796
continuous movement |continuous movement ,2.140778655782796
place-holder graphic |place-holder graphics ,2.140778655782796
no category |no category ,2.140778655782796
rick poynor |Rick Poynor ,2.140778655782796
theater set |theater sets ,2.140778655782796
planet website |planet website ,2.140778655782796
applications edit |Applications edit ,2.140778655782796
final composition |final composition ,2.140778655782796
editor software |editor software ,2.140778655782796
specific character |specific characters ,2.140778655782796
visual instruction |visual instructions ,2.140778655782796
maxbruinsma nl |Maxbruinsma nl ,2.140778655782796
develop drawing |Develop Drawings ,2.140778655782796
operating system |operating system ,2.140778655782796
utilitarian purpose |utilitarian purposes ,2.140778655782796
identity logo |identity logos ,2.140778655782796
adobe flash |Adobe Flash ,2.140778655782796
type text |type text ,2.140778655782796
different title |different titles ,2.140778655782796
modern era |modern era ,2.140778655782796
original file |original file ,2.140778655782796
visual message |visual messages ,2.140778655782796
photo editing |photo editing ,2.140778655782796
view art |view art ,2.140778655782796
art design |Art Design ,2.140778655782796
different sphere |different spheres ,2.140778655782796
scientific journal |scientific journals ,2.140778655782796
mind-mapping software |mind-mapping software ,2.140778655782796
computer-aided manufacturing |computer-aided manufacturing ,2.140778655782796
multimedia design |multimedia design ,2.140778655782796
fauve matisse |Fauve Matisse ,2.140778655782796
road sign |road signs ,2.140778655782796
digital image editing tool |digital image editing tools ,2.035623909730721
traditional-design computer-production hybrid process |traditional-design computer-production hybrid process ,2.035623909730721
multiple or complex idea |multiple or complex ideas ,2.035623909730721
branding edit graphic design |Branding edit Graphic design ,2.035623909730721
designer or art director |designer or art director ,2.035623909730721
information graphics software list |information graphics software List ,2.035623909730721
quarkxpress and adobe indesign |QuarkXpress and Adobe InDesign ,2.035623909730721
modeling applications or modeler |modeling applications or modelers ,2.035623909730721
current graphic designer job |Current graphic designer jobs ,2.035623909730721
production and rendering method |production and rendering methods ,2.035623909730721
graphic art software application |graphic art software applications ,2.035623909730721
relevant understandable and effective |relevant understandable and effective ,2.035623909730721
creative expression and aesthetic |creative expression and aesthetics ,2.035623909730721
computers and software application |Computers and software applications ,2.035623909730721
basic web programming script |basic web programming scripts ,2.035623909730721
rendering edit main article |Rendering edit Main article ,2.035623909730721
graphic design software program |graphic design software programs ,2.035623909730721
large multiple page layout |large multiple page layouts ,2.035623909730721
audio motion and interactivity |audio motion and interactivity ,2.035623909730721
specialized graphic file format |specialized graphic file formats ,2.035623909730721
designing or technical illustration |designing or technical illustration ,2.035623909730721
scanning software and screen-capturing |scanning software and screen-capturing ,2.035623909730721
manual and traditional tool |manual and traditional tools ,2.035623909730721
no clear design outcome |no clear design outcome ,2.035623909730721
b nasad competencies summary |b NASAD Competencies Summary ,2.035623909730721
graphic design occupations list |Graphic design occupations List ,2.035623909730721
traditional hand-rendering or paste-up |traditional hand-rendering or paste-up ,2.035623909730721
social and cultural norm |social and cultural norms ,2.035623909730721
major page layout tool |major page layout tool ,2.035623909730721
computer graphics software description |computer graphics software description ,2.035623909730721
prospective clients or employer |prospective clients or employers ,2.035623909730721
computer simulations and game |computer simulations and games ,2.035623909730721
navigation search modeller redirect |navigation search Modeller redirects ,2.035623909730721
technique |technique |techniques ,2.0167183483323803
traditional |traditional ,1.9823424673948964
crowdsourcing |Crowdsourcing ,1.9250493324990903
information |information ,1.9054059719633853
interface |interface ,1.8944929938879937
skill |skills ,1.691293342124201
citation |citation |citations ,1.6775429897492071
logo |logos |logo ,1.667230225467962
application |application |applications ,1.6500422849992202
creative process edit |creative process edit ,1.632268215499513
distractions and complication |distractions and complications ,1.632268215499513
fonts and image |fonts and images ,1.632268215499513
v t e |v t e ,1.632268215499513
differentiate other cattle |differentiate other cattle ,1.632268215499513
degree or certificate |degree or certificate ,1.632268215499513
career portfolio edit |Career portfolio edit ,1.632268215499513
raster image processing |raster image processing ,1.632268215499513
early stage approval |early stage approval ,1.632268215499513
success or failure |success or failure ,1.632268215499513
traditional hand rendering |traditional hand rendering ,1.632268215499513
desktop publishing artist |desktop publishing artist ,1.632268215499513
photoshop or illustrator |Photoshop or Illustrator ,1.632268215499513
adobe creative suite |Adobe Creative Suite ,1.632268215499513
computer-aided design edit |Computer-aided design edit ,1.632268215499513
visual communication problem |visual communication problems ,1.632268215499513
computer-savvy production artist |computer-savvy production artists ,1.632268215499513
different mark-making tool |different mark-making tools ,1.632268215499513
photos and graphic |photos and graphics ,1.632268215499513
electronic design process |electronic design process ,1.632268215499513
traditional graphic designer |traditional graphic designers ,1.632268215499513
graphic design position |graphic design position ,1.632268215499513
layout or design |layout or design ,1.632268215499513
graphic design course |graphic design courses ,1.632268215499513
accredited trade school |accredited trade school ,1.632268215499513
technologies and method |technologies and methods ,1.632268215499513
software learning curve |software learning curve ,1.632268215499513
quarkxpress or coreldraw |QuarkXpress or CorelDRAW ,1.632268215499513
expertise and training |expertise and training ,1.632268215499513
level computer style |level computer styles ,1.632268215499513
effective production tool |effective production tools ,1.632268215499513
web page design |Web page design ,1.632268215499513
importers and exporter |importers and exporters ,1.632268215499513
cad or cadd |CAD or CADD ,1.632268215499513
modeling software use |modeling software use ,1.632268215499513
computer-generated imagery cgi |computer-generated imagery CGI ,1.632268215499513
pencils or marker |pencils or markers ,1.632268215499513
creative thought process |creative thought process ,1.632268215499513
computer graphic design |Computer graphic design ,1.632268215499513
arrangement style medium |arrangement style medium ,1.632268215499513
tools and method |tools and methods ,1.632268215499513
adobe systems incorporated |Adobe Systems Incorporated ,1.632268215499513
specialized software application |specialized software applications ,1.632268215499513
commercial printing company |commercial printing company ,1.632268215499513
sketch numerous concept |sketch numerous concepts ,1.632268215499513
image or layout |image or layout ,1.632268215499513
graphic design tool |graphic design tools ,1.632268215499513
coreldraw graphics suite |CorelDraw Graphics Suite ,1.632268215499513
steeper learning curve |steeper learning curve ,1.632268215499513
common software package |common software package ,1.632268215499513
exceptional graphic designer |Exceptional graphic designers ,1.632268215499513
digital painting effect |digital painting effects ,1.632268215499513
unique image file |unique image file ,1.632268215499513
pencil and paper |pencil and paper ,1.632268215499513
catalogs and booklet |catalogs and booklets ,1.632268215499513
adobe |Adobe ,1.6000410036356076
principle |principles ,1.5950408754992462
development |development |developments ,1.533693149518506
drawing |drawing ,1.512538761249285
first |First ,1.512538761249285
experience |experience ,1.4850380564992982
feature |features |feature ,1.4437869993743178
animation |animation ,1.3750352374993502
problem |problems |problem ,1.3750352374993502
area |area |areas ,1.3750352374993502
poster |poster |posters ,1.3750352374993502
term |term |terms ,1.3750352374993502
web |web ,1.3652135572314976
advertising |advertising ,1.3475345327493633
rendering |rendering ,1.3200338279993762
publishing |publishing ,1.2925331232493893
method |methods |method ,1.2833662216660602
presentation |presentations |presentation ,1.2571750742851202
navigation |navigation ,1.2375317137494153
advent |advent ,1.2375317137494153
color |color |colors |Color ,1.2375317137494153
system |systems ,1.1229454439578026
original |original ,1.1000281899994802
science |science ,1.1000281899994802
service |services |service ,1.1000281899994802
environment |environment |environments ,1.1000281899994802
video |video ,1.0803848294637752
acetate sleeve |Acetate sleeves ,1.070389327891398
vector-based program |vector-based program ,1.070389327891398
printing including |printing including ,1.070389327891398
increasingly computer |increasingly computer ,1.070389327891398
separate company |separate company ,1.070389327891398
computer occupation |Computer occupations ,1.070389327891398
media channel |media channel ,1.070389327891398
design solution |design solution ,1.070389327891398
press-ready artwork |press-ready artwork ,1.070389327891398
typographic change |typographic changes ,1.070389327891398
traditional method |traditional methods ,1.070389327891398
rendering alternative |rendering alternatives ,1.070389327891398
thumbnail sketch |thumbnail sketches ,1.070389327891398
modeling edit |Modeling edit ,1.070389327891398
communications problem |communications problem ,1.070389327891398
key feature |key features ,1.070389327891398
corporate quality |corporate quality ,1.070389327891398
working file |working file ,1.070389327891398
jessica helfand |Jessica Helfand ,1.070389327891398
computer simulation |computer simulations ,1.070389327891398
common function |common functions ,1.070389327891398
multiple idea |multiple ideas ,1.070389327891398
rough draft |rough drafts ,1.070389327891398
accurate kinetics |accurate kinetics ,1.070389327891398
image selection |image selection ,1.070389327891398
website designer |website designer ,1.070389327891398
limitless choice |limitless choices ,1.070389327891398
qualifications edit |Qualifications edit ,1.070389327891398
web designer |web designer ,1.070389327891398
computer publishing |computer publishing ,1.070389327891398
traditional tool |traditional tools ,1.070389327891398
inspiring creativity |inspiring creativity ,1.070389327891398
native format |native formats ,1.070389327891398
computer skill |computer skills ,1.070389327891398
book design |book design ,1.070389327891398
indispensable tool |indispensable tool ,1.070389327891398
prospective client |prospective clients ,1.070389327891398
software citation |software citation ,1.070389327891398
degree program |Degree programs ,1.070389327891398
adobe dreamweaver |Adobe Dreamweaver ,1.070389327891398
potential approach |potential approaches ,1.070389327891398
motion graphic |motion graphics ,1.070389327891398
technical purpose |technical purposes ,1.070389327891398
final stage |final stage ,1.070389327891398
simple logo |simple logo ,1.070389327891398
rapid production |Rapid production ,1.070389327891398
communications issue |communications issue ,1.070389327891398
logo design |logo design ,1.070389327891398
presentation tool |presentation tools ,1.070389327891398
job interview |job interviews ,1.070389327891398
microsoft word |Microsoft Word ,1.070389327891398
indesign coreldraw |InDesign CorelDRAW ,1.070389327891398
rendered scene |rendered scenes ,1.070389327891398
fifty year |Fifty years ,1.070389327891398
commercialized industry |commercialized industry ,1.070389327891398
primary qualification |primary qualifications ,1.070389327891398
primary method |primary method ,1.070389327891398
final output |final output ,1.070389327891398
early day |early days ,1.070389327891398
hyperrealistic effect |hyperrealistic effects ,1.070389327891398
individual program |Individual programs ,1.070389327891398
adobe indesign |Adobe InDesign ,1.070389327891398
computer multimedia |computer multimedia ,1.070389327891398
milton glaser |Milton Glaser ,1.070389327891398
photographed image |photographed image ,1.070389327891398
full-motion video |full-motion video ,1.070389327891398
cad software |CAD software ,1.070389327891398
ray tracer |ray tracers ,1.070389327891398
related feature |related features ,1.070389327891398
career history |career history ,1.070389327891398
black book |black book ,1.070389327891398
raster-based program |raster-based program ,1.070389327891398
printed piece |Printed pieces ,1.070389327891398
print designer |print designer ,1.070389327891398
mphil phd |MPhil PhD ,1.070389327891398
endless iteration |endless iterations ,1.070389327891398
audio motion |audio motion ,1.070389327891398
layout document |layout document ,1.070389327891398
published printed |published printed ,1.070389327891398
core responsibility |core responsibility ,1.070389327891398
idea execution |idea execution ,1.070389327891398
modeling application |modeling applications ,1.070389327891398
finished visual |finished visuals ,1.070389327891398
non-technical conceptualizing |non-technical conceptualizing ,1.070389327891398
hand-rendered comp |Hand-rendered comps ,1.070389327891398
teaching position |teaching position ,1.070389327891398
technical professional |Technical professionals ,1.070389327891398
traditional name |traditional names ,1.070389327891398
large binder |large binder ,1.070389327891398
package function |Package function ,1.070389327891398
press-ready pdf |press-ready PDF ,1.070389327891398
cultural relevance |cultural relevance ,1.070389327891398
navigational aid |navigational aids ,1.070389327891398
final product |final product ,1.070389327891398
magazine |magazine |magazines ,1.06074146892807
company |company ,1.0541936820828353
wikipedia |Wikipedia ,1.054193682082835
vector |vector ,1.0125259476131578
piece |piece ,0.9969005471870289
space |space ,0.9625246662495451
arrangement |arrangement ,0.9625246662495451
people |people ,0.9625246662495451
wikidata |Wikidata ,0.9625246662495451
content |Contents ,0.9625246662495451
part |part ,0.9625246662495451
title |title ,0.9625246662495451
artwork |artworks |artwork ,0.8937729043745777
symbol |Symbols |symbols |symbol ,0.8937729043745777
category |category ,0.8708556504162552
typeface |typefaces |typeface ,0.8250211424996101
knowledge |knowledge ,0.8250211424996101
public |public ,0.8250211424996101
europe |Europe ,0.8250211424996101
marketing |marketing ,0.8250211424996101
reconstruction |reconstruction ,0.8250211424996101
technology |technology ,0.8250211424996101
rise |rise |Rise ,0.8250211424996101
field |field ,0.8250211424996101
variety |variety ,0.8250211424996101
needed |needed ,0.8250211424996101
kind |kinds |kind |Kind ,0.8250211424996101
publication |publications ,0.8250211424996101
multiple |multiples |multiple ,0.7700197329996361
hand |hand ,0.7390814401559007
coreldraw |CorelDraw |CorelDRAW ,0.7218934996871589
reason |reason |reasons ,0.6875176187496751
series |series ,0.6875176187496751
comparison |Comparison ,0.6875176187496751
list |list |Lists ,0.6875176187496751
photography |photography ,0.6875176187496751
character |characters ,0.6875176187496751
order |order ,0.6875176187496751
creativity |creativity ,0.6187658568747076
topic |topic ,0.6187658568747076
printing |printing ,0.6050155044997141
imagery |imagery ,0.5775147997497271
movement |movement ,0.5500140949997401
emphasis |emphasis ,0.5500140949997401
consumerism |Consumerism |consumerism ,0.5500140949997401
wikibook |Wikibooks ,0.5500140949997401
emily |Emily ,0.5500140949997401
bauhaus |Bauhaus ,0.5500140949997401
subset |subset ,0.5500140949997401
building |buildings ,0.5500140949997401
executor |executor ,0.5500140949997401
quarkxpres |QuarkXpress |QuarkXPress ,0.5500140949997401
copy |copy ,0.5500140949997401
emigre |Emigre ,0.5500140949997401
emergence |Emergence ,0.5500140949997401
modeler |modelers ,0.5500140949997401
era |era ,0.5500140949997401
increase |increase ,0.5500140949997401
problem-solving |problem-solving ,0.5500140949997401
scenery |scenery ,0.5500140949997401
edition |editions |edition ,0.5500140949997401
sale |sale ,0.5500140949997401
swatch |swatch ,0.5500140949997401
designtalkboard |Designtalkboard ,0.5500140949997401
morris |Morris ,0.5500140949997401
packaging |packaging ,0.5500140949997401
option |option ,0.5500140949997401
journal |Journal ,0.5500140949997401
illusion |illusion ,0.5500140949997401
shape |shapes ,0.5500140949997401
york |York ,0.5500140949997401
computer-aided design |Computer-Aided Design ,0.535194663945699
layout program |layout program ,0.535194663945699
desktop publishing |desktop publishing ,0.535194663945699
client |client |clients ,0.5041795870830951
paper |paper ,0.48126233312477257
portfolio |portfolio |portfolios ,0.48126233312477257
illustrator |Illustrator |illustrators ,0.44688645218728884
generation |generations |generation ,0.41251057124980506
pencil |pencil |pencils ,0.41251057124980506
project |project ,0.41251057124980506
meaning |meaning ,0.41251057124980506
practice |practice ,0.41251057124980506
debate |debate ,0.41251057124980506
dvd |DVD ,0.41251057124980506
individual |individuals ,0.41251057124980506
stage |stage ,0.41251057124980506
audience |audience ,0.41251057124980506
result |result |results ,0.41251057124980506
photoshop |Photoshop ,0.3666760633331601
sketch |sketches ,0.34375880937483755
popular |popular ,0.3093829284373538
megg |Meggs ,0.27500704749987004
concept- |concept- ,0.27500704749987004
knapp |Knapp ,0.27500704749987004
member |members ,0.27500704749987004
crouch |Crouch ,0.27500704749987004
humankind |humankind ,0.27500704749987004
monotyping |monotyping ,0.27500704749987004
sequence |sequence ,0.27500704749987004
composition |Composition ,0.27500704749987004
perspective |perspectives ,0.27500704749987004
textbook |Textbooks ,0.27500704749987004
fabricator |fabricators ,0.27500704749987004
law |laws ,0.27500704749987004
decoration |decoration ,0.27500704749987004
layer |layers ,0.27500704749987004
pizap |Pizap ,0.27500704749987004
rome |Rome ,0.27500704749987004
help |help ,0.27500704749987004
respond |responds ,0.27500704749987004
menu |menus ,0.27500704749987004
verification |verification ,0.27500704749987004
distance |distance ,0.27500704749987004
exclude |Exclude ,0.27500704749987004
high-end |high-end ,0.27500704749987004
compositor |compositors ,0.27500704749987004
reproduction |reproduction ,0.27500704749987004
furniture |furniture ,0.27500704749987004
litigation |litigation ,0.27500704749987004
mesh |mesh ,0.27500704749987004
workshop |Workshop ,0.27500704749987004
screenshot |screenshot ,0.27500704749987004
scroll |scrolls ,0.27500704749987004
team |team ,0.27500704749987004
expansion |expansion ,0.27500704749987004
writing |writing ,0.27500704749987004
kell |Kells ,0.27500704749987004
adddepth |AddDepth ,0.27500704749987004
cave |caves ,0.27500704749987004
template |templates ,0.27500704749987004
graphex |Graphex ,0.27500704749987004
nick |Nick ,0.27500704749987004
favor |favor ,0.27500704749987004
press |press ,0.27500704749987004
sort |sort ,0.27500704749987004
poser |Poser ,0.27500704749987004
desktoppub |desktoppub ,0.27500704749987004
significant |significant ,0.27500704749987004
sigma |Sigma ,0.27500704749987004
worker |workers ,0.27500704749987004
material |materials ,0.27500704749987004
cartoon |cartoons ,0.27500704749987004
faber |Faber ,0.27500704749987004
modernism |Modernism ,0.27500704749987004
metal |metal ,0.27500704749987004
chicago |Chicago ,0.27500704749987004
christopher |Christopher ,0.27500704749987004
gilmour |Gilmour ,0.27500704749987004
case |case ,0.27500704749987004
typesetter |typesetters ,0.27500704749987004
camera |camera ,0.27500704749987004
reign |Reign ,0.27500704749987004
animator |animator ,0.27500704749987004
julia |Julia ,0.27500704749987004
celebration |celebration ,0.27500704749987004
person |person ,0.27500704749987004
raffe |Raffe ,0.27500704749987004
digitization |Digitization ,0.27500704749987004
manufacturability |manufacturability ,0.27500704749987004
combination |combination ,0.27500704749987004
range |range ,0.27500704749987004
assembly |assembly ,0.27500704749987004
block |blocks ,0.27500704749987004
signage |signage ,0.27500704749987004
linocut |linocuts ,0.27500704749987004
picasa |Picasa ,0.27500704749987004
mind |mind ,0.27500704749987004
lithography |lithography ,0.27500704749987004
currie |Currie ,0.27500704749987004
picture |pictures ,0.27500704749987004
diagram |diagrams ,0.27500704749987004
watercolor |watercolor ,0.27500704749987004
mindshift |mindshift ,0.27500704749987004
typographer |typographers ,0.27500704749987004
reversal |reversal ,0.27500704749987004
pictograph |pictographs ,0.27500704749987004
addition |addition ,0.27500704749987004
group |group ,0.27500704749987004
photograph |photographs ,0.27500704749987004
filmmaking |filmmaking ,0.27500704749987004
jeff |Jeff ,0.27500704749987004
government |government ,0.27500704749987004
death |death ,0.27500704749987004
plate |plates ,0.27500704749987004
emigration |emigration ,0.27500704749987004
adbuster |Adbusters ,0.27500704749987004
introduction |introduction ,0.27500704749987004
imagination |imagination ,0.27500704749987004
sync |sync ,0.27500704749987004
living |living ,0.27500704749987004
background |background ,0.27500704749987004
studio |studios ,0.27500704749987004
stone |stone ,0.27500704749987004
obsolescence |obsolescence ,0.27500704749987004
strictly |strictly ,0.27500704749987004
rohdesign |Rohdesign ,0.27500704749987004
measurement |measurements ,0.27500704749987004
loosewireblog |Loosewireblog ,0.27500704749987004
billboard |billboards ,0.27500704749987004
clothing |clothing ,0.27500704749987004
discipline |discipline ,0.27500704749987004
lascaux |Lascaux ,0.27500704749987004
parallel |parallel ,0.27500704749987004
methodology |methodology ,0.27500704749987004
message |messages ,0.27500704749987004
concern |concerns ,0.27500704749987004
humanist |Humanist ,0.27500704749987004
cgsociety |CGSociety ,0.27500704749987004
structure |structure ,0.27500704749987004
committee |committee ,0.27500704749987004
gap |gap ,0.27500704749987004
subject |subjects ,0.27500704749987004
obsession |obsession ,0.27500704749987004
silk-road |Silk-road ,0.27500704749987004
divergent |divergent ,0.27500704749987004
livery |livery ,0.27500704749987004
item |items ,0.27500704749987004
screen-printing |screen-printing ,0.27500704749987004
palette |palette ,0.27500704749987004
taborda |Taborda ,0.27500704749987004
phrase |phrase ,0.27500704749987004
credit |credits ,0.27500704749987004
textile |textiles ,0.27500704749987004
flag |flag ,0.27500704749987004
japan |Japan ,0.27500704749987004
useles |useless ,0.27500704749987004
greater |greater ,0.27500704749987004
wood |wood ,0.27500704749987004
linoleum |linoleum ,0.27500704749987004
nature |nature ,0.27500704749987004
signature |signatures ,0.27500704749987004
price |prices ,0.27500704749987004
london |London ,0.27500704749987004
trademark |Trademarks ,0.27500704749987004
conversion |conversion ,0.27500704749987004
t-shirt |T-shirts ,0.27500704749987004
scratch |scratch ,0.27500704749987004
matrix |matrix ,0.27500704749987004
selection |selection ,0.27500704749987004
artifact |artifacts ,0.27500704749987004
preference |preference ,0.27500704749987004
essence |essence ,0.27500704749987004
machinima |machinima ,0.27500704749987004
candidate |candidates ,0.27500704749987004
impression |impression ,0.27500704749987004
practitioner |practitioners ,0.27500704749987004
historicism |historicism ,0.27500704749987004
indesign |InDesign ,0.27500704749987004
geography |geography ,0.27500704749987004
intuitivenes |intuitiveness ,0.27500704749987004
tracy |Tracy ,0.27500704749987004
shake |Shake ,0.27500704749987004
ginza |Ginza ,0.27500704749987004
journalist |journalists ,0.27500704749987004
obtain |obtains ,0.27500704749987004
convergent |convergent ,0.27500704749987004
frutiger |Frutiger ,0.27500704749987004
language |languages ,0.27500704749987004
gimp |GIMP ,0.27500704749987004
metropolis |Metropolis ,0.27500704749987004
fiell |Fiell ,0.27500704749987004
bryce |Bryce ,0.27500704749987004
consideration |consideration ,0.27500704749987004
turner |Turner ,0.27500704749987004
class |class ,0.27500704749987004
importance |importance ,0.27500704749987004
manufacturer |manufacturers ,0.27500704749987004
rest |rest ,0.27500704749987004
baker |Baker ,0.27500704749987004
separation |separation ,0.27500704749987004
common |Common ,0.25208979354154754
painting |Paintings |Painting ,0.24063116656238628
job |job ,0.22917253958322503
change |changes ,0.20625528562490253
graph |Graph ,0.17466663827694448
distraction |distractions ,0.13750352374993502
asset |asset ,0.13750352374993502
training |training ,0.13750352374993502
aesthetic |aesthetics ,0.13750352374993502
expertise |expertise ,0.13750352374993502
qualification |qualifications ,0.13750352374993502
cadd |CADD ,0.13750352374993502
support |support ,0.13750352374993502
scissors |scissors ,0.13750352374993502
scene |scene ,0.13750352374993502
bfa |BFA ,0.13750352374993502
grid |grid ,0.13750352374993502
finalization |finalization ,0.13750352374993502
email |email ,0.13750352374993502
cad |CAD ,0.13750352374993502
approval |approval ,0.13750352374993502
corporation |corporation ,0.13750352374993502
typesetting |typesetting ,0.13750352374993502
folder |folder ,0.13750352374993502
function |functions ,0.13750352374993502
metadata |metadata ,0.13750352374993502
issue |issue ,0.13750352374993502
couple |couple ,0.13750352374993502
inch |inch ,0.13750352374993502
hypermedia |hypermedia ,0.13750352374993502
autodesk |Autodesk ,0.13750352374993502
max |Max ,0.13750352374993502
internet |Internet ,0.13750352374993502
understanding |understanding ,0.13750352374993502
fraction |fraction ,0.13750352374993502
webcomic |webcomic ,0.13750352374993502
arrival |arrival ,0.13750352374993502
persona |persona ,0.13750352374993502
sculpture |sculpture ,0.13750352374993502
proficiency |proficiency ,0.13750352374993502
algorithm |algorithms ,0.13750352374993502
realism |realism ,0.13750352374993502
appreciation |appreciation ,0.13750352374993502
hyperrealism |hyperrealism ,0.13750352374993502
resource |resources ,0.13750352374993502
paste-up |paste-up ,0.13750352374993502
importer |importers ,0.13750352374993502
angle |angles ,0.13750352374993502
instance |instances ,0.13750352374993502
xml |XML ,0.13750352374993502
animal |animal ,0.13750352374993502
html |HTML ,0.13750352374993502
form |form ,0.13750352374993502
brochure |brochures ,0.13750352374993502
lack |lack ,0.13750352374993502
subclass |subclass ,0.13750352374993502
word |words ,0.13750352374993502
filter |filters ,0.13750352374993502
mean |means ,0.13750352374993502
desire |desire ,0.13750352374993502
context |context ,0.13750352374993502
raster |raster ,0.1237531713749415
testing |testing ,0.09166901583329003
degree |degree ,0.09166901583329003
expression |expression ,0.09166901583329003
position |positions ,0.09166901583329003
designing |designing ,0.06875176187496751
ray |ray ,0.06875176187496751
search |search ,0.06875176187496751
game |games ,0.06875176187496751
trade |trade ,0.06875176187496751
interactivity |interactivity ,0.06875176187496751
document |document ,0.045834507916645
profession |profession ,0.022917253958322514
sign |Sign ,0.0018092568914465038
colour |colour ,0.0
complex idea |complex ideas ,0.0
judgment |judgment ,0.0
foundation |foundation ,0.0
illustration photography animation |illustration photography animation ,0.0
time-based |time-based ,0.0
hot iron symbol |hot iron symbol ,0.0
woodcut |woodcuts ,0.0
popular advertising |popular advertising ,0.0
branding project |branding projects ,0.0
criticism |criticisms ,0.0
original piece |original pieces ,0.0
tools edit |Tools edit ,0.0
business |business ,0.0
video editing software |video editing software ,0.0
iterative prototyping |Iterative prototyping ,0.0
social |social ,0.0
elements sign |elements signs ,0.0
rendering method |rendering methods ,0.0
software design |software design ,0.0
newspaper |Newspapers ,0.0
text layout |text layout ,0.0
preexisting imagery |preexisting imagery ,0.0
advertisement |advertisement ,0.0
branding publications magazines newspaper |branding publications magazines newspapers ,0.0
identifying mark |identifying mark ,0.0
photojournalist |photojournalists ,0.0
screen-capturing |screen-capturing ,0.0
traditional hand-rendering |traditional hand-rendering ,0.0
philosophy |philosophy ,0.0
task |Tasks ,0.0
drafting |Drafting ,0.0
stock imagery |stock imagery ,0.0
math |math ,0.0
challenge |challenges ,0.0
feeling |feeling ,0.0
good |goods ,0.0
web site visitor |web site visitor ,0.0
failure |failure ,0.0
exporter |exporters ,0.0
fabric |fabrics ,0.0
drucker johanna |Drucker Johanna ,0.0
complication |complications ,0.0
clarity |clarity ,0.0
democratic form |democratic forms ,0.0
surface |surfaces ,0.0
certificate |certificate ,0.0
widespread acceptance |widespread acceptance ,0.0
intricate modern magazine |intricate modern magazine ,0.0
formatting |formatting ,0.0
end |ends ,0.0
prop |props ,0.0
real brush |real brush ,0.0
digital form |digital form ,0.0
graphic arts industry |graphic arts industry ,0.0
booklet |booklets ,0.0
mosaic |mosaic ,0.0
cultural norm |cultural norms ,0.0
output |Output ,0.0
user testing |user testing ,0.0
stylization |stylization ,0.0
potential |potential ,0.0
sketch script |sketch script ,0.0
mcvarish |McVarish ,0.0
dtp associate |DTP Associate ,0.0
photo-paint |Photo-Paint ,0.0
computer image manipulation |computer image manipulation ,0.0
existing text |existing text ,0.0
zinc |zinc ,0.0
catalogue layout |catalogue layouts ,0.0
modeller |MODELLER ,0.0
raster or vector graphic reading |raster or vector graphic reading ,0.0
etching |etching ,0.0
opinion |opinion ,0.0
stylized image development |stylized image development ,0.0
employer |employers ,0.0
magazine article |magazine article ,0.0
integration |integration ,0.0
image editing software |image editing software ,0.0
thinker |thinkers ,0.0
type glyph |Type glyphs ,0.0
growth |growth ,0.0
employment |Employment ,0.0
analytic thinking |analytic thinking ,0.0
environmental graphic |environmental graphics ,0.0
board |boards ,0.0
creative work |Creative work ,0.0
art craft |art craft ,0.0
constraint |constraints ,0.0
physic |physics ,0.0
critical observational quantitative |Critical observational quantitative ,0.0
legibility |legibility ,0.0
ink |ink ,0.0
manufacture |Manufactures ,0.0
scope |scope ,0.0
copper |copper ,0.0
exhibition |exhibitions ,0.0
handicraft texture |handicraft textures ,0.0
industry standard software program |industry standard software programs ,0.0
interactive media film |interactive media film ,0.0
burlap canvas |burlap canvas ,0.0
ethos |ethos ,0.0
graphic design software tool |graphic design software tools ,0.0
modern architecture |modern architecture ,0.0
collection |collection ,0.0
interface service |interface service ,0.0
ability |ability ,0.0
visual presentation |visual presentation ,0.0
fact |facts ,0.0
exploration |exploration ,0.0
charlotte |Charlotte ,0.0
multimedia development |multimedia development ,0.0
product packaging |product packaging ,0.0
architect |architects ,0.0
instruction |instructions ,0.0
icon |Icons ,0.0
specialized graphic format |specialized graphic format ,0.0
software development |software development ,0.0
design education |design education ,0.0
success |success ,0.0
airport |airports ,0.0
vector graphic reading and editing method |vector graphic reading and editing methods ,0.0
analytic scientific |analytic scientific ,0.0
benefactor |benefactor ,0.0
america |Americas ,0.0
engraving |engraving ,0.0
readability |Readability ,0.0
type space |type space ,0.0
relevant understandable |relevant understandable ,0.0
access |access ,0.0
physical object |physical objects ,0.0
lasting |lasting ,0.0
corel painter |Corel Painter ,0.0
canvas texture |canvas textures ,0.0
open source software |open source software ,0.0
market |market ,0.0
marker |markers ,0.0
communication design |communication design ,0.0
industrial purpose |industrial purposes ,0.0
object |objects ,0.0
digital art |digital art ,0.0
film |film ,0.0
creative expression |creative expression ,0.0
effective |effective ,-0.045834507916645
creation |creation ,-0.06875176187496751
manual |manual ,-0.06875176187496751
identity |identity ,-0.09166901583329
number |number ,-0.13750352374993502
view |view ,-0.13750352374993502
collect |Collect ,-0.13750352374993502
fashion |fashion ,-0.13750352374993502
accuracy |accuracy ,-0.13750352374993502
professional |professional ,-0.13750352374993502
accessible |accessible ,-0.13750352374993502
catalog |catalogs ,-0.13750352374993502
detail |detail ,-0.13750352374993502
institution |institution ,-0.13750352374993502
quark |Quark ,-0.13750352374993502
brand |brand ,-0.13750352374993502
font |fonts ,-0.13750352374993502
guide |guides ,-0.20625528562490253
photo |photos ,-0.21607696589275505
raster image |Raster images ,-0.535194663945699
image development |image development ,-0.7135928852609321
application software |application software ,-1.070389327891398
page layout program |page layout program ,-1.632268215499513
user interface |user interfaces ,-2.4975750984132623
