graphic design |graphic design |Graphic design |Graphic Design ,-0.0668038434129471
main article |Main articles |Main article ,-0.3288012341191964
graphic designer |graphic designer |Graphic Designer |graphic designers |Graphic designers ,-0.5731468692223769
encyclopedia jump |encyclopedia Jump ,-0.597191040227459
unsourced statement |unsourced statements ,-0.605114371981397
computer graphic |Computer graphics |computer graphics ,-0.6600205369486744
graphics software |graphics software ,-0.6853495647134127
corporate identity |corporate identity ,-0.7021249939913156
software design |software design ,-0.7364630121795802
computer graphic design |Computer graphic design ,-0.7757447152916296
page layout |Page layout |page layout ,-0.7764242605761704
computer graphics software |computer graphics software ,-0.7803266659323849
graphic design edit |graphic design edit ,-0.7951842135287458
graphics and image |graphics and images ,-0.8081787418848118
computer and graphic design software tool |computer and graphic design software tools ,-0.8238305397598973
graphic design software tool |graphic design software tools ,-0.824686599525532
designers design |Designers Design ,-0.8314382547482005
graphic art software |Graphic art software |graphic art software ,-0.8316764092293547
web design and software design |web design and software design ,-0.8329570426522893
graphic design tool |graphic design tools ,-0.8352613547223161
graphic design software program |graphic design software programs ,-0.8470407686224596
art software |art software |Art software ,-0.8508915257010001
art design |Art Design ,-0.8536540692822869
graphic design and graphic arts industry |graphic design and graphic arts industry ,-0.8545936233359323
computer art graphics software |Computer art Graphics software ,-0.8566959625080431
graphic design page |graphic design Page ,-0.8669880859620629
graphic design product |graphic design products ,-0.8704933000147087
visual art |Visual arts |visual arts ,-0.870876620587132
technical graphic software |technical graphic software ,-0.8848018450906856
graphic design industry |graphic design industry ,-0.8870263271683171
digital graphic design |Digital Graphic Design ,-0.8890543234643807
graphics software or image editing software |graphics software or image editing software ,-0.8975658445508252
graphic design history |Graphic Design History ,-0.8977766455290164
graphics software free application software |Graphics software Free application software ,-0.9050460157904076
layout or design |layout or design ,-0.9063010750954661
design layout |design layout |design layouts ,-0.9116991651266907
technical graphic software edit |Technical graphic software edit ,-0.9172788348094311
design layouts and rendering |design layouts and rendering ,-0.9208675493731733
specialized software |Specialized software |specialized software ,-0.9213542023031114
computers and software application |Computers and software applications ,-0.9247064031000338
graphic design principle |graphic design principles |Graphic design principles ,-0.9262197642554402
environmental graphic design experiential graphic design |Environmental Graphic Design Experiential graphic design ,-0.9313855161886894
branding edit graphic design |Branding edit Graphic design ,-0.9353657694734334
graphics program |graphics programs ,-0.9414638577364333
graphic art software application |graphic art software applications ,-0.9447472878887684
traditional design |traditional designs ,-0.9450100954327242
raster graphic |raster graphics ,-0.9473101223166303
book design |book design ,-0.9476418849085414
graphic design project |graphic design project ,-0.9513030948663073
interface design |interface design ,-0.9524827818601663
products design |products designs ,-0.9527910248363173
vector graphic |vector graphics ,-0.9529558101724659
visualization computer graphic |Visualization computer graphics ,-0.9554649651430918
traditional graphic designer |traditional graphic designers ,-0.9601472538609009
experiential graphic design edit |Experiential graphic design edit ,-0.9633589204097079
information design |information design ,-0.9642114986063741
information graphic |information graphics ,-0.9651339291757759
editor software |editor software ,-0.9684682226851994
computer software development |computer software development ,-0.9705337522675251
graphic element |graphic elements ,-0.9707784931358457
information graphics software list |information graphics software List ,-0.9711367101106738
communication design |communication design ,-0.9737268956740268
software edit list |Software edit List ,-0.9768415529464376
computer-aided design computer aided design software |Computer-aided design Computer aided design software ,-0.9778963758218271
adobe photoshop |Adobe Photoshop ,-0.9800761960725182
graphic designer or art director |graphic designer or art director ,-0.9806456533187748
graphic design community |graphic design community ,-0.9814261833847573
photos and graphic |photos and graphics ,-0.981960608851106
web design |web design ,-0.9825184547517131
important graphic design tool |important graphic design tool ,-0.9834517694420333
computer graphics design education design principle |Computer graphics Design education Design principles ,-0.9841918108465583
graphic file |graphic files ,-0.9850961642780983
computer graphics design education design principles and element |Computer graphics Design education Design principles and elements ,-0.9853127007080461
editing software |editing software ,-0.9864977989692588
computer systems design |computer systems design ,-0.9877702665173871
graphic design occupations list |Graphic design occupations List ,-0.9882034504590518
computer graphics software description |computer graphics software description ,-0.9915469078944814
design industry edit |design industry edit ,-0.9915830089693035
type design |type design ,-0.9919326271925516
software development |software development ,-0.9937679298298053
graphic art element |graphic art element ,-0.9938040754473335
software application |software application |software applications ,-0.9939106942704234
experience design |experience design ,-1.0017354494247541
graphic artist |Graphic Artist |graphic artists |graphic artist ,-1.0019686391733496
visual communication and communication design |visual communication and communication design ,-1.002915974371635
graphic arts industry |graphic arts industry ,-1.0036693334917908
environmental graphic designer |environmental graphic designers ,-1.003796273529765
image editing software |image editing software ,-1.005497008001725
professional graphic design industry |professional graphic design industry ,-1.0070351253423475
visual communication |visual communication ,-1.007464431730004
computer-aided design edit |Computer-aided design edit ,-1.008246836495803
computer-aided design |Computer-Aided Design ,-1.0093464682846263
image or layout |image or layout ,-1.0118550148002776
modern architecture and design |modern architecture and design ,-1.0152228286098899
vector or raster graphic |vector or raster graphics ,-1.0183014409560678
contemporary graphic design |Contemporary Graphic Design ,-1.0187269137128558
graphic design documentary |Graphic Design Documentary ,-1.0187269137128558
raster graphics editor |raster graphics editors ,-1.0188126365845855
environmental graphic design system |environmental graphic design systems ,-1.0201360014256673
graphic design position |graphic design position ,-1.020310459200796
environmental graphic |environmental graphics ,-1.020921877203339
art director |art director |art directors ,-1.0217449295840397
visual arts design edit main article |Visual arts design edit Main article ,-1.0255211007489051
application software |application software ,-1.0271476804680466
visual designer |visual designers ,-1.0303245891630257
interactive design |interactive design ,-1.030910568829892
user interface design |User interface design ,-1.0337512891097171
logo design |logo design ,-1.033921063258364
vector graphic editor |Vector graphic editors ,-1.0344718505655341
animation software |animation software ,-1.0354827394337165
design logo |Design Logos ,-1.0365125080174349
designer or art director |designer or art director ,-1.0411940320163493
experiential graphic designer |Experiential graphic designers ,-1.0435978398484294
user experience design |User experience design ,-1.0440328413697195
computer graphics software open-source art |computer graphics software Open-source Art ,-1.0443619281569734
visual image |visual images ,-1.0486424699895502
multimedia design |multimedia design ,-1.0498545685057956
tools edit |Tools edit ,-1.0517803338854033
modeling software |modeling software ,-1.054812094557402
basic graphic design tool |basic graphic design tools ,-1.0567411873378572
printed design |printed design ,-1.0572597945594355
final design |final design ,-1.0572597945594355
motion graphic |motion graphics ,-1.0586846181526828
technical illustration |technical illustration |Technical illustration ,-1.0587421766323935
vector graphics editors list |vector graphics editors List ,-1.0588433672347133
animation and video editing software |animation and video editing software ,-1.0595701753098725
raster graphics editors list |raster graphics editors List ,-1.060415089491429
web page design |Web page design ,-1.0617873579418862
interface design edit main article |Interface design edit Main article ,-1.0622096975832127
user experience design edit |User experience design edit ,-1.0624315991400388
products and element |products and elements ,-1.062762018293076
visual effect |visual effects ,-1.0628633655937585
tools and method |tools and methods ,-1.0642812117327718
graphic design deal |graphic design deals ,-1.0649320429259457
latin-american graphic design |Latin-American Graphic Design ,-1.0649320429259457
nineteenth-century graphic design |nineteenth-century graphic design ,-1.0649320429259457
design service |design services ,-1.0652584728196093
creative computer tool |Creative Computer Tools ,-1.0664883645698222
graphic design course |graphic design courses ,-1.066518793971554
graphic design institutions list |graphic design institutions List ,-1.0666529412047343
poster design |poster design ,-1.073953996543035
text or image |text or image ,-1.0787113191810318
vector graphics animation |Vector graphics animation ,-1.0791496760539798
graphic design occupations graphic design career path |Graphic design occupations Graphic design career paths ,-1.0805046872804318
computer-aided design editors list |computer-aided design editors List ,-1.0811293221965128
raster graphics animation |Raster graphics animation ,-1.0812581792935396
visual presentation and layout |visual presentation and layout ,-1.0825005599462092
software citation |software citation ,-1.0830612437106202
modern graphic design subfields edit |Modern graphic design subfields edit ,-1.0858394551145154
page layout or image development |page layout or image development ,-1.0895438802296291
layout or interface |layout or interface ,-1.0925223236148351
design education |design education ,-1.094009773236724
software or open source software |software or open source software ,-1.0951052830811334
specialized software application |specialized software applications ,-1.0954222244642047
video editing software |video editing software ,-1.0962810838932402
multimedia development software edit |Multimedia development software edit ,-1.0966890636334818
information designer |information designers ,-1.0979697464628935
vector graphics editors graphics hardware list |vector graphics editors Graphics hardware List ,-1.1030110160568294
drucker johanna |Drucker Johanna ,-1.10368021593244
jane davis doggett |Jane Davis Doggett ,-1.10368021593244
creative process |creative process ,-1.104117332159536
icon design |icon design ,-1.105782397674789
computer skill |computer skills ,-1.1060489010420116
design solution |design solution ,-1.107800042504983
type space and image |type space and image ,-1.1082520764355606
image development |image development ,-1.1094676336164224
middle age |Middle Ages ,-1.1101340680461966
general graphic editor |general graphic editors ,-1.1118461612084571
specialized graphic format |specialized graphic format ,-1.1136888013485988
typography web graphic design related topic |Typography Web graphic design Related topics ,-1.113886793068747
design and manufacture |Design and Manufactures ,-1.114385860719426
modeling software use |modeling software use ,-1.1155316384370602
modern computer |modern computer ,-1.1168567237707554
earliest graphics software application |earliest graphics software applications ,-1.117441936357166
production and rendering method |production and rendering methods ,-1.1210862112668916
general image editing software |general image editing software ,-1.1212706614747927
rendering edit main article |Rendering edit Main article ,-1.123378777502482
visual art skill |visual art skills ,-1.1246589625215082
computer technical skill |computer technical skills ,-1.1249453789148691
website graphic |website graphics ,-1.1258212395054563
search graphic designer graphic designers gabriel |search Graphic Designer Graphic designers Gabriel ,-1.1260795758427862
applications edit |Applications edit ,-1.1274551354312985
traditional medium effect |Traditional medium effects |traditional medium effects ,-1.127676120737869
traditional and digital form |traditional and digital form ,-1.1280245528285535
web designer |web designer ,-1.1282843422844946
product or idea |product or idea ,-1.1289264731676265
graphics file format |graphics file formats ,-1.1289978691735516
communication skill |communication skills ,-1.1293117499401397
raster image |Raster images ,-1.1296490843458264
stylized image development software edit image development professional |Stylized image development software edit Image development professionals ,-1.1310227478157322
page layout edit main article |Page layout edit Main article ,-1.131582492930026
computer-aided design and drafting |Computer-Aided Design and Drafting ,-1.1326195350574793
text layout and style |text layout and style ,-1.1334582880939528
digital art |digital art ,-1.134449590640912
creative process edit |creative process edit ,-1.1352413222824862
popular advertising and logo design |popular advertising and logo design ,-1.1379388010744391
early twentieth century graphic design |early twentieth century graphic design ,-1.138333216111671
list list |list List ,-1.1424426103885748
computer publishing |computer publishing ,-1.1427010610547153
traditional tool |traditional tools ,-1.1450230467756872
en wikipedia |en wikipedia ,-1.1453746164599623
raster or vector graphic reading and editing method |raster or vector graphic reading and editing methods ,-1.1457263158838837
history edit |History edit ,-1.1466976769755988
fonts and image |fonts and images ,-1.1488737616580584
photography or digital art |photography or digital art ,-1.1498771851729694
twentieth century design edit |Twentieth century design edit ,-1.15057547037082
typography edit main article |Typography edit Main article ,-1.1510616647222751
specialized graphic format handling edit |Specialized graphic format handling edit ,-1.1542731761019116
vector graphics language |vector graphics language ,-1.1549704011246278
website graphics and elements signs and product packaging |website graphics and elements signs and product packaging ,-1.15562908090769
digital image editing tool |digital image editing tools ,-1.1556443256454965
visual information |visual information ,-1.1560767601132866
printing edit main article |printing edit Main article ,-1.1570083828671196
specialized graphic file format |specialized graphic file formats ,-1.1570331943245153
graphic designer report |graphic designer reports ,-1.15719186001525
illustration photography animation or interactive design |illustration photography animation or interactive design ,-1.159494377347868
print designer |print designer ,-1.1594950422487589
layout program |layout program ,-1.1601342137537636
computer occupation |Computer occupations ,-1.160885211950749
graphic design enhances transfer |graphic design enhances transfer ,-1.1672773535289958
raster image processing and file |raster image processing and file ,-1.167284776483741
computer multimedia |computer multimedia ,-1.167768123198687
visual element |visual elements ,-1.1683485816333858
scanning software |scanning software ,-1.1690417985910535
web site or software application |web site or software application ,-1.1715979309006914
product or service |product or service ,-1.171903660088897
experiential graphic design v t e visualization |Experiential Graphic Design v t e Visualization ,-1.172389057045132
first thing |First Things ,-1.1727023888630708
raster or vector graphic reading |raster or vector graphic reading ,-1.1730878373020106
manual and traditional tool |manual and traditional tools ,-1.1732917644880276
vector graphic reading and editing method |vector graphic reading and editing methods ,-1.1737049061694196
design consideration |design consideration ,-1.175074178242763
william addison dwiggin |William Addison Dwiggins ,-1.1757102997651783
advertising art |advertising art ,-1.1764519187688407
dazzling neon |dazzling neons ,-1.1767210840737734
united kingdom |United Kingdom ,-1.1767210840737734
henry cole |Henry Cole ,-1.1767210840737734
tunc dicit |Tunc dicit ,-1.1767210840737734
blurring distinction |blurring distinction ,-1.1767210840737734
aldus manutiu |Aldus Manutius ,-1.1767210840737734
goal differ |goal differs ,-1.1767210840737734
johann gutenberg |Johann Gutenberg ,-1.1767210840737734
applied art |Applied arts ,-1.1776220157528843
occupations edit main article |Occupations edit Main article ,-1.177866383721255
discontinued software |discontinued software ,-1.17794397385585
computer simulations and game |computer simulations and games ,-1.1787066997409772
electronic design process |electronic design process ,-1.1807851693175364
cad software |CAD software ,-1.1811014965810478
page layout program |page layout program ,-1.181439024548796
graphics planet |Graphics Planet ,-1.181763061725304
specialized software package |Specialized software packages ,-1.1834513732944023
video editing |video editing ,-1.1871125848989599
specialized skill |specialized skills |specialized skill ,-1.1871125848989599
computer-aided architectural design |Computer-aided architectural design ,-1.1875353602171463
page layout technique |page layout techniques ,-1.1879435134144711
european design award |European Design Awards ,-1.188894095618069
external traditional media and guide |external traditional media and guides ,-1.189702336353333
specialized skill or technique |specialized skill or technique ,-1.1898911167196091
modeling edit |Modeling edit ,-1.1907588386802654
buildings and space |buildings and space ,-1.1909407069967832
creative director |creative director ,-1.1910539533274094
creative work |Creative work ,-1.193046836587671
interface service or product |interface service or product ,-1.1931963736230227
art craft and technique |art craft and techniques ,-1.1940063283073448
common software package |common software package ,-1.1960571317786415
general image editing |general image editing ,-1.196889763877912
visual communication skill |visual communication skills ,-1.1980798637189798
technologies and method |technologies and methods ,-1.1995597710341155
editing program |editing programs ,-1.2002079702341737
taschen publisher |Taschen Publishers ,-1.2002211835394831
local link |local link ,-1.2030380036625412
environmental graphics pioneer |Environmental Graphics Pioneer ,-1.205359002908025
animation architecture art direction communication design |Animation Architecture Art direction Communication design ,-1.205411223211361
exceptional graphic designer |Exceptional graphic designers ,-1.2059995326056092
motion visual effect |motion visual effects ,-1.2088955057366073
molecular graphics product visualization scientific visualization software |Molecular graphics Product visualization Scientific visualization Software ,-1.2106752493647854
edit comparison |edit Comparison ,-1.21068807047482
list presentation software description |list Presentation software description ,-1.2117254370891526
increasingly computer |increasingly computer ,-1.2118665594226694
editing method |editing methods ,-1.2124147859172594
popular and industry standard software program |popular and industry standard software programs ,-1.2146982114239797
printmaking edit main article |Printmaking edit Main article ,-1.2154192485810709
layout and formatting |layout and formatting ,-1.2169847779908332
software developer |software developers ,-1.218462444225246
scanning software and screen-capturing |scanning software and screen-capturing ,-1.219658326332822
creative professional |creative professionals ,-1.2198504453819599
designing or technical illustration |designing or technical illustration ,-1.2202457984960242
painting or drawing |Painting or drawing ,-1.2210893260056799
advertising and packaging |advertising and packaging ,-1.221892843705595
computer image manipulation and creation |computer image manipulation and creation ,-1.2229880383379428
american book designer |American book designer ,-1.2236994517192008
visual presentation |visual presentation ,-1.225271379160772
visual arts portal related areas edit |Visual arts portal Related areas edit ,-1.2256597551190285
publications and marketing |publications and marketing ,-1.227549558014542
wikimedia common |Wikimedia Commons ,-1.228229883420793
user interface |user interfaces ,-1.2285570282407257
structured page design |structured page design ,-1.229884044593581
photorealistic effect |photorealistic effects |Photorealistic effects ,-1.2299475250931353
interactive tool |interactive tools ,-1.2319404172033663
text layout |text layout ,-1.232544667929659
logo or other artwork |logo or other artwork ,-1.2335172926939761
first book |first book ,-1.2339254794709786
best-known graphics program |best-known graphics programs ,-1.2342102271022182
stylized image development |stylized image development ,-1.234627629837511
search graphic symbol |search Graphic symbols ,-1.2348642105556165
photoshop or illustrator |Photoshop or Illustrator ,-1.234945418445158
real-time computer graphics engine |real-time computer graphics engines ,-1.2356535206987895
hyperrealistic effects edit |Hyperrealistic effects edit ,-1.236305385075454
level computer style |level computer styles ,-1.2363815874476838
programs and prop |programs and props ,-1.2373056988164484
pearson education |Pearson Education ,-1.237654887952659
identity logos and branding publications magazines newspapers and book |identity logos and branding publications magazines newspapers and books ,-1.2387259498791328
william morris |William Morris ,-1.2393527207016835
traditional hand rendering |traditional hand rendering ,-1.2399296417505354
rendering method |rendering methods ,-1.2437466795991863
magazine article |magazine article ,-1.2437995556329053
page title |page title ,-1.2438602163215442
design rockism |Design Rockism ,-1.2443772931554036
apparel design |apparel design ,-1.2443772931554036
computer image manipulation |computer image manipulation ,-1.2450827666715356
accurate visual effect |accurate visual effects ,-1.2453232881920404
ideas and message |ideas and messages ,-1.2453340096282566
presentation tool |presentation tools ,-1.2455136642428541
visual languages and resource |visual languages and resources ,-1.2458003391169192
composite the video using program |composite the video using programs ,-1.2499226121774536
common type |Common types ,-1.2503479888794171
static graphic |static graphics ,-1.2510644709596885
place-holder graphic |place-holder graphics ,-1.2510644709596885
corporate identity and branding project |corporate identity and branding projects ,-1.2530971555118127
critical guide |critical Guide ,-1.2533897599494825
goods and service |goods and services ,-1.2545599180704488
digital form |digital form ,-1.2550338135490913
current graphic designer job |Current graphic designer jobs ,-1.2569118533825165
pencil and paper |pencil and paper ,-1.2578921937748264
digital painting |digital painting ,-1.2589148674201365
website designer |website designer ,-1.2590438545571807
typography typography |Typography Typography ,-1.2591344760381882
exploration and production |exploration and production ,-1.2592905928573659
book form |book form ,-1.2600552281647117
common example |common example ,-1.2615298001404374
theories and diagram |theories and diagrams ,-1.2615631288249545
technical professional |Technical professionals ,-1.2617826661220977
typical u s graphic design job |typical U S graphic design jobs ,-1.2643242518040798
generalized image editor |generalized image editors ,-1.2645781944698489
major page layout tool |major page layout tool ,-1.2663100147720097
raster image processing |raster image processing ,-1.2663916044767507
pioneer designer |pioneer designer ,-1.2664529006279004
art history related jobs production artist |art history Related jobs production artist ,-1.2672329317140227
industry standard software program |industry standard software programs ,-1.2677261765534866
mid-century modern design |mid-century modern design ,-1.2679196706032885
classic design example |classic design example ,-1.2679196706032885
personal computer |personal computers ,-1.2680759319489068
open source software |open source software ,-1.2705517975998364
information form |information form ,-1.2714901397849898
magazine article or advertisement |magazine article or advertisement ,-1.2720307920263585
major page layout program |major page layout programs ,-1.2723196707849729
modern typography |modern typography ,-1.2733931088392756
visual communication problem |visual communication problems ,-1.2737368370263262
traditional method |traditional methods ,-1.273885694681768
twentieth century |twentieth century ,-1.2758107411578083
interactive communication skill |interactive communication skills ,-1.2795148318490275
adobe citation |Adobe citation ,-1.2796844066375803
multimedia development |multimedia development ,-1.2830894347083202
multiple images game development tool game engine level editor |multiple images Game development tool Game engine Level editor ,-1.2842772079322786
scrolls and book |scrolls and books ,-1.285228364435145
specialized occupation |specialized occupation ,-1.2855150799696629
line art |line art ,-1.2860184655837796
universal art |Universal Arts ,-1.2860184655837796
unique image file |unique image file ,-1.2866477760199695
program or collection |program or collection ,-1.2875343495737346
fontographer software |Fontographer software ,-1.287748778837479
software license |software license ,-1.287748778837479
software attempt |software attempts ,-1.287748778837479
customer software |customer software ,-1.287748778837479
apophysis software |Apophysis software ,-1.287748778837479
mind-mapping software |mind-mapping software ,-1.287748778837479
mental imaging skill |mental imaging skills |mental imaging skill ,-1.2901877791893328
modern style |modern style ,-1.2910519044914097
presentation e g |presentation e g ,-1.2924460570396574
visual solution |visual solution |visual solutions ,-1.2925731927802433
visual language |visual languages ,-1.2925731927802433
graphic designers mood board references edit |graphic designers Mood board References edit ,-1.292649715348155
computer simulation |computer simulations ,-1.292869472537032
main job title |main job titles ,-1.2929280283549915
multimedia development professional |Multimedia development professionals ,-1.2931201755652426
design museum exhibition |Design Museum Exhibition ,-1.293345474954079
color or symbol |color or symbol ,-1.2936789307012784
type text |type text ,-1.293683635323147
complementary tools edit |Complementary tools edit ,-1.2943120628426037
modern architecture |modern architecture ,-1.2950855233363134
wired magazine |WIRED Magazine |Wired Magazine ,-1.2952381076266797
pure design element |pure design elements ,-1.2957602434251796
art copywriting creative direction design desktop |art Copywriting Creative direction Design Desktop ,-1.2958463998355
stylization and presentation |stylization and presentation ,-1.2964775075260124
dtp associate or graphic artist |DTP Associate or Graphic Artist ,-1.2974214093094134
creative expression and aesthetic |creative expression and aesthetics ,-1.2975687808846708
large multiple page layout |large multiple page layouts ,-1.2976963142519606
contemporary design practice |Contemporary design practice ,-1.2979449997198758
digital painting effect |digital painting effects ,-1.2979815469317932
corporate identity development |corporate identity development ,-1.2990423756140894
graphic wayfinding signage system |Graphic wayfinding signage systems ,-1.299423470625817
illustration technique |illustration techniques ,-1.3005829224718424
v t e |v t e ,-1.3010465985503445
milton glaser |Milton Glaser ,-1.3016202246044777
kelmscott press |Kelmscott Press ,-1.3032064811056892
effective visual communication |effective visual communication ,-1.3040873530191561
en wikipedia org w index php title graphic |en wikipedia org w index php title Graphics ,-1.305257014980003
coreldraw graphics suite |CorelDraw Graphics Suite ,-1.3054567519524158
illustration photography animation |illustration photography animation ,-1.30773262366514
intelligent design new product development philosophy |Intelligent design New product development Philosophy ,-1.307987006206205
senior media creative |senior media creative ,-1.3110940773790443
final product |final product ,-1.3128954047534094
victorian design |Victorian design ,-1.3136861755796132
production techniques citation |production techniques citation ,-1.3137755516056508
technical illustrator |technical illustrators ,-1.3149113143395064
non-photorealistic rendering vector editor |Non-photorealistic rendering Vector editors ,-1.315085900752371
computer font |computer fonts ,-1.315086857129198
product marketing |product marketing ,-1.3162799396762372
computer science graph |computer science Graph ,-1.316837687413481
elements theories principles practices and language |elements theories principles practices and languages ,-1.3175297917788917
stylized effect |stylized effects ,-1.317786764668194
modeling application |modeling applications ,-1.3186892230868625
modern time |modern times ,-1.318941285230453
interface service |interface service ,-1.3202342752513399
visual culture |visual culture ,-1.3207682814011332
type space |type space ,-1.3215539414158666
original file |original file ,-1.3228923294023354
additional references article |additional references Articles ,-1.3238196697609812
materials or surface |materials or surfaces ,-1.3245326190423408
aesthetics adobe photoshop color theory composition visual art |Aesthetics Adobe Photoshop Color theory Composition visual arts ,-1.325896471200796
art craft |art craft ,-1.3262879829230607
web site |web site ,-1.3265624007860783
judgment and creativity |judgment and creativity ,-1.3277483423934002
media player |media players ,-1.3278997006502846
digital photography |digital photography ,-1.327956702684211
chicago good design award |Chicago Good Design Awards ,-1.328402992444263
visual communication problems or challenge |visual communication problems or challenges ,-1.3288989873607828
effective production tool |effective production tools ,-1.3289281336100065
qualifications edit |Qualifications edit ,-1.3289721042913367
arrangement style medium |arrangement style medium ,-1.3298003450525948
respected design practitioners and thinker |respected design practitioners and thinkers ,-1.3312684605745504
en wikipedia org w index php title category |en wikipedia org w index php title Category ,-1.3317668679817105
adobe illustrator |Adobe Illustrator ,-1.3322498834043455
interactive experience |interactive experience ,-1.333268581507666
image selection |image selection ,-1.333511373577548
photographed image |photographed image ,-1.333511373577548
no category |no category ,-1.3337783624820916
solution e g |solution e g ,-1.3340210458588655
special handling software |special handling software ,-1.3359007915981829
hybrid process |hybrid process ,-1.3360558932814561
digital environment |digital environments ,-1.3364574993319154
identity logo |identity logos ,-1.3378852217053105
traditional name |traditional names ,-1.3416751376013936
faber and faber |Faber and Faber ,-1.3425818448949316
specialized task |specialized tasks ,-1.3431827893979447
adobe indesign |Adobe InDesign ,-1.3431827893979447
photo editing |photo editing ,-1.3431827893979447
file size |file size ,-1.343783095727018
microsoft publisher |Microsoft Publisher ,-1.3441775534827833
indesign coreldraw |InDesign CorelDRAW ,-1.3449207253267703
list desktop publishing description |list Desktop publishing description ,-1.347298384340684
external link |External links ,-1.347612117568027
match moving software |Match moving software ,-1.3479544288298275
company identity |company identity ,-1.348057552602965
computer-aided engineering |computer-aided engineering ,-1.3481611951010872
traditional hand-rendering or paste-up |traditional hand-rendering or paste-up ,-1.34871249393085
product package |product package ,-1.3497325578393038
product packaging |product packaging ,-1.3497325578393038
adobe creative suite |Adobe Creative Suite ,-1.3501227847891428
branding project |branding projects ,-1.3515011106963541
quarkxpress and adobe indesign |QuarkXpress and Adobe InDesign ,-1.3520882530319978
image quality |image quality ,-1.3523773034156197
user or web site visitor |user or web site visitor ,-1.3524552442542992
related feature |related features ,-1.352797259518275
term crowdsourcing |term Crowdsourcing ,-1.3549887325919878
multiple or complex idea |multiple or complex ideas ,-1.3559252059208016
intricate modern magazine and catalogue layout |intricate modern magazine and catalogue layouts ,-1.3560224476134122
indesign coreldraw or quarkxpres |InDesign CorelDRAW or QuarkXPress ,-1.3566449923602284
website wireframe intellectual property community design design |Website wireframe Intellectual property Community design Design ,-1.3569536860178495
user interaction |user interaction ,-1.3570970866468282
newer more complete software package |newer more complete software packages ,-1.3574066255297095
communications problem |communications problem ,-1.3576956443330537
main job responsibility |main job responsibility ,-1.3577202182669468
desktop publishing |desktop publishing ,-1.3586405259660235
commons category |Commons category ,-1.3601306619497924
visual instruction |visual instructions ,-1.3607089239519883
buddhist scripture |Buddhist scripture ,-1.3618710352015988
metacreations detailer |MetaCreations Detailer ,-1.3618710352015988
time-based and interactive media film |time-based and interactive media film ,-1.362227590396333
marketing professional |marketing professionals ,-1.3627648218194284
multiple technique |multiple techniques ,-1.3642717022731408
multiple idea |multiple ideas ,-1.3643136338231645
farm references edit |farm References edit ,-1.3644309280863733
hyperrealistic effect |hyperrealistic effects ,-1.3648996363327057
different title |different titles ,-1.3650474562825046
tool tools intellectual property organization |tool Tools Intellectual property Organizations ,-1.3651395548692566
publishing marketing |publishing marketing ,-1.366291263139679
elements sign |elements signs ,-1.3663837155237508
fine art |fine art ,-1.3664264135218949
modeling applications or modeler |modeling applications or modelers ,-1.3664978974568982
creation tool |creation tools ,-1.3669092227097142
desktop publishing artist |desktop publishing artist ,-1.3673283419120321
software learning curve |software learning curve ,-1.3675179124329302
important feature |important features ,-1.3684026041674286
original piece |original pieces ,-1.3689960777194101
career portfolio edit |Career portfolio edit ,-1.3728241923755242
western publication design |western publication design ,-1.3736018752241816
technical purpose |technical purposes ,-1.3749895822542473
unsourced material |Unsourced material ,-1.3753483107797533
in-house designer |in-house designers ,-1.3759470469641824
free-lance designer |free-lance designers ,-1.3759470469641824
adobe systems incorporated |Adobe Systems Incorporated ,-1.377032538798643
interactive media film |interactive media film ,-1.3782042676835007
elements theories principles practice |elements theories principles practices ,-1.3782981199144582
common function |common functions ,-1.379376252105182
creative work ccw |creative work CCW ,-1.3800890742268492
printed material |printed material ,-1.3802144613032872
large public space |large public spaces ,-1.38100000380147
respected design practitioner |respected design practitioners ,-1.3814199365454798
intellectual production |intellectual production ,-1.382813163828939
mosaic effect |mosaic effects ,-1.3850042464397063
different time |different times ,-1.3859714464854351
develop drawing |Develop Drawings ,-1.3865436895508265
branding publications magazines newspaper |branding publications magazines newspapers ,-1.3878951917648887
charlotte and fiell |Charlotte and Fiell ,-1.3887700104970453
visual message |visual messages ,-1.389161026018056
windows movie maker |Windows Movie Maker ,-1.3896590630196979
raw image format |Raw image format ,-1.3897409646504477
popular advertising |popular advertising ,-1.3901048133169147
convergent or divergent |convergent or divergent ,-1.3916073196367913
wysiwyg user interface |WYSIWYG user interfaces ,-1.391930756303151
widespread acceptance and application |widespread acceptance and application ,-1.392099508734356
stock imagery or photography |stock imagery or photography ,-1.3922032766633594
image placement |image placement ,-1.3927866365071992
image viewer |image viewers ,-1.3927866365071992
technical schematic |technical schematics ,-1.3928807925587192
portal wikimedia common |portal Wikimedia Commons ,-1.3941188862953153
individualistic art |individualistic art ,-1.39531484501844
art nouveau |Art Nouveau ,-1.39531484501844
view art |view art ,-1.39531484501844
creative thought process |creative thought process ,-1.3961176713498722
audio motion and interactivity |audio motion and interactivity ,-1.3963589752194665
user testing |user testing ,-1.397343485166558
design history oxford university press |Design History Oxford University Press ,-1.3973774759891686
early illuminated page |early illuminated pages ,-1.3983116842137469
digital age |Digital Age ,-1.3996845458763352
purely photorealistic image |purely photorealistic images ,-1.3996886983982286
unique style |unique styles ,-1.399939196667014
working file |working file ,-1.4017742726762579
degree program |Degree programs ,-1.4018685904719863
printed piece |Printed pieces ,-1.4018756083596877
creative work jeff howe |creative work Jeff Howe ,-1.401941311999967
additional reference |additional references ,-1.4026433013815314
modern industrial technology |modern industrial technology ,-1.403792003929244
analytic scientific and industrial purpose |analytic scientific and industrial purposes ,-1.4048241063009645
end user interactivity |end user interactivity ,-1.4049786504315125
single print |single print ,-1.4054237261816667
large project building team |large project building teams ,-1.4054353629660576
sketch script or instruction |sketch script or instructions ,-1.4055602715760243
industries association design council international forum design |Industries Association Design Council International Forum Design ,-1.4064877778280034
drucker johanna and mcvarish |Drucker Johanna and McVarish ,-1.407135866547612
unique original piece |unique original piece ,-1.4074986735085293
structure and ethos |structure and ethos ,-1.407937921215117
earliest known printed book |earliest known printed book ,-1.408184844920115
recent history |recent history ,-1.4110937353923751
final composition |final composition ,-1.412689740218402
newer methods or integration |newer methods or integration ,-1.413456228128797
modern era |modern era ,-1.41351935078292
lasting and democratic form |lasting and democratic forms ,-1.4140585982840557
additional citation |additional citations ,-1.4142808172464987
entry level production artist |entry level production artist ,-1.4159311599837232
following year |following years ,-1.4170908717632382
cad or cadd |CAD or CADD ,-1.418396367345846
pencils or marker |pencils or markers ,-1.418396367345846
foil stamping |foil stamping ,-1.4197886517375142
convincing talent |convincing talents ,-1.4197886517375142
van nostrand reinhold |Van Nostrand Reinhold ,-1.4197886517375142
soviet constructivism |Soviet constructivism ,-1.4197886517375142
wild fire |wild fire ,-1.4197886517375142
fiona mccarthy |Fiona McCarthy ,-1.4197886517375142
convention center |convention centers ,-1.4197886517375142
interoffice memorandum |interoffice memorandums ,-1.4197886517375142
die laser cutting |die laser cutting ,-1.4197886517375142
paul rand |Paul Rand ,-1.4197886517375142
blogs television |blogs television ,-1.4197886517375142
autodesk combustion |Autodesk Combustion ,-1.4197886517375142
ken garland |Ken Garland ,-1.4197886517375142
jeremy wagstaff |Jeremy Wagstaff ,-1.4197886517375142
ellen lupton |Ellen Lupton ,-1.4197886517375142
widespread acceptance |widespread acceptance ,-1.4197886517375142
revolutionary russia |revolutionary Russia ,-1.4197886517375142
erik spiekermann |Erik Spiekermann ,-1.4197886517375142
rudy vanderlan |Rudy VanderLans ,-1.4197886517375142
dtp associate |DTP Associate ,-1.4197886517375142
city planner |city planners ,-1.4197886517375142
blind embossing |blind embossing ,-1.4197886517375142
herbert bayer |Herbert Bayer ,-1.4197886517375142
median pay |median pay ,-1.4197886517375142
money investment |money investment ,-1.4197886517375142
presidential seal |presidential seal ,-1.4197886517375142
el lissitzky |El Lissitzky ,-1.4197886517375142
stale state |stale state ,-1.4197886517375142
caslon lettering |Caslon lettering ,-1.4197886517375142
rick poynor |Rick Poynor ,-1.4197886517375142
maxbruinsma nl |Maxbruinsma nl ,-1.4197886517375142
generalized application |generalized applications ,-1.4205530790237573
practice area |practice areas ,-1.420912993045258
traditional hand-rendering |traditional hand-rendering ,-1.4216511648049783
individual program |Individual programs ,-1.42392837478255
final result |final result ,-1.4240869450034888
layout document |layout document ,-1.424623814384239
web developer |web developers ,-1.4247830678743316
entertainment industry |entertainment industry ,-1.4247830678743316
director eduction element |director eduction elements ,-1.4247978761625706
existing text and either preexisting imagery |existing text and either preexisting imagery ,-1.4248414333879762
build environment |build environment ,-1.4254545077083605
type glyph |Type glyphs ,-1.4269502104366678
gocr gphoto graphics layout engine graphicsmagick h hugin software |GOCR GPhoto Graphics Layout Engine GraphicsMagick H Hugin software ,-1.427448159749224
concept map |concept maps ,-1.4276269233290209
electronic presentation |electronic presentations ,-1.4292082369624677
brand development |brand development ,-1.4292565147101024
book structure |book structure ,-1.4292565147101024
career history |career history ,-1.4307811716246033
physical object |physical objects ,-1.431338557710654
long history |Long History ,-1.431388529657258
tideart v t e |TideArt v t e ,-1.4316961980923217
published printed |published printed ,-1.4324204294900065
recent change |recent changes ,-1.4349083034675116
clarity and accuracy |clarity and accuracy ,-1.4349579866336426
concerns and criticism |concerns and criticisms ,-1.4349579866336426
journalists and photojournalist |journalists and photojournalists ,-1.4349579866336426
opinion and fact |opinion and facts ,-1.4349579866336426
readability and legibility |Readability and legibility ,-1.4349579866336426
scientific journal |scientific journals ,-1.4357940548781902
hand-rendering style |hand-rendering styles ,-1.435961891136785
reference manual |reference manuals ,-1.4382962608618899
distractions and complication |distractions and complications ,-1.4383884243427474
expertise and training |expertise and training ,-1.4383884243427474
creative expression |creative expression ,-1.4395532805925906
professional photographer |professional photographers ,-1.4406596699834293
visualizing concept |visualizing concepts ,-1.4408695756910865
printmaking printmaking |Printmaking Printmaking ,-1.4418767750211046
bibliography edit fiell |Bibliography edit Fiell ,-1.4423979402138005
geovisualization information visualization mathematical visualization medical |Geovisualization Information visualization Mathematical visualization Medical ,-1.4425075193112489
newer method |newer methods ,-1.4430490244916765
painting texture map |painting texture maps ,-1.4436089733472963
finished visual |finished visuals ,-1.4447518406450908
nondestructive image processing |nondestructive image processing ,-1.4448404452830266
catalogue layout |catalogue layouts ,-1.4460114001212458
reasonable layout |reasonable layout ,-1.4460114001212458
josef m ller-brockmann |Josef M ller-Brockmann ,-1.447285787926836
commission photographers or illustrator |commission photographers or illustrators ,-1.4475323964392066
illuminated manuscript |illuminated manuscripts ,-1.448556858982692
intricate modern magazine |intricate modern magazine ,-1.4485764866583712
newspaper story |newspaper story ,-1.4489028978659024
strong portfolio |strong portfolio ,-1.4489028978659024
road sign |road signs ,-1.4489028978659024
peter editor |Peter editors ,-1.451681323854197
felipe editor |Felipe editors ,-1.451681323854197
computer-savvy production artist |computer-savvy production artists ,-1.451795123244767
indispensable tool |indispensable tool ,-1.4520677809128222
airport wayfinding system |airport wayfinding systems ,-1.4529771104396403
beveled effect |beveled effects ,-1.453144512176391
art director occupation type profession activity sectors advertising |art director Occupation type Profession Activity sectors advertising ,-1.4532130437548012
expression and feeling |expression and feeling ,-1.4541367914637613
quarkxpress or coreldraw |QuarkXpress or CorelDRAW ,-1.4543294673946918
no emphasis |no emphasis ,-1.454530863187712
single plate |single plate ,-1.454530863187712
important aspect |important aspect ,-1.455179660055154
advanced feature |advanced features ,-1.455179660055154
air force |Air Force ,-1.4555815416818434
commercial writer |commercial writers ,-1.4555815416818434
woodcut ink effect |woodcut ink effects ,-1.4562996685346554
benefactor or client |benefactor or client ,-1.4569417053410227
needed tschichold |needed Tschichold ,-1.4575707395905113
creative domain |creative domains ,-1.457649273207038
creative spectrum |creative spectrum ,-1.457649273207038
single original surface |single original surface ,-1.458485210101577
designing modern britain |Designing Modern Britain ,-1.4595092440118342
educational material |educational material ,-1.4599102605598788
point size |point size ,-1.4611964429951156
rendering alternative |rendering alternatives ,-1.4616170902554235
public installation |public installations ,-1.4621708594207736
different mark-making tool |different mark-making tools ,-1.4633310502984687
commercial printing company |commercial printing company ,-1.4638423696045595
lay user |lay users ,-1.4639364688731584
visual story telling |visual story telling ,-1.4641959264593922
notable name |Notable names ,-1.4643179658486283
silk road foundation |Silk Road Foundation ,-1.465657828570934
wood block |wood blocks ,-1.465927964707791
divergent task |divergent task ,-1.4663091667533505
convergent task |convergent task ,-1.4663091667533505
european minimalism |European minimalism ,-1.4663091667533505
specific character |specific characters ,-1.4663091667533505
print advertisement |print advertisements ,-1.466410509609827
pioneering program |pioneering program ,-1.4672054768805929
no clear design outcome |no clear design outcome ,-1.4676393715409082
planet website |planet website ,-1.4680957301438107
existing text |existing text ,-1.4685124957734284
hand-copied book |hand-copied books ,-1.4688720572190268
book segd |Book SEGD ,-1.4688720572190268
comic book |comic books ,-1.4688720572190268
broader meaning |broader meaning ,-1.4696309070801465
mathematical transformation |mathematical transformations ,-1.4696309070801465
universal palette |universal palette ,-1.4696309070801465
entertainment purpose |entertainment purposes ,-1.4696309070801465
fabric plate |fabric plates ,-1.4696309070801465
bauhaus typographer |Bauhaus typographers ,-1.4696309070801465
emigre essay |Emigre Essays ,-1.4696309070801465
movable type printing |movable type printing ,-1.4697520136131432
great exhibition |Great Exhibition ,-1.4708987514806204
macromedia matisse |Macromedia Matisse ,-1.47200771751339
analytic thinking |analytic thinking ,-1.47200771751339
employment rate |employment rates ,-1.47200771751339
great britain |Great Britain ,-1.4735118530603015
philip b |Philip B ,-1.4735118530603015
popular open source alternative |popular open source alternative ,-1.474556941036299
final cut pro |Final Cut Pro ,-1.4752229328520794
adobe flash |Adobe Flash ,-1.475753542910319
sketch script |sketch script ,-1.4765370700849598
graphical user interface gui |Graphical User Interface GUI ,-1.4766817360923061
degree or certificate |degree or certificate ,-1.4767265660559044
clerical worker |clerical workers ,-1.4777062682734294
london underground |London Underground ,-1.4777062682734294
macromedia xre |Macromedia xRes ,-1.4777062682734294
mass-produced minimalism |mass-produced minimalism ,-1.4777062682734294
edward johnston |Edward Johnston ,-1.4777062682734294
identifying mark |identifying mark ,-1.4777062682734294
jerry james |Jerry James ,-1.4777062682734294
www crowdsource |www crowdsource ,-1.4777062682734294
slower rate |slower rates ,-1.4777062682734294
bob gordon |Bob Gordon ,-1.4777062682734294
jan tschichold |Jan Tschichold ,-1.4777062682734294
active colour |active colours ,-1.4777062682734294
closing credit |closing credits ,-1.4777062682734294
organic growth |organic growth ,-1.4777062682734294
lucrative business |lucrative business ,-1.4777062682734294
maggie gordon |Maggie Gordon ,-1.4777062682734294
adrian frutiger |Adrian Frutiger ,-1.4777062682734294
stylistic device |stylistic devices ,-1.4777062682734294
stained glass |stained glass ,-1.4777062682734294
burlap canvas |burlap canvas ,-1.4777062682734294
commission photographer |commission photographers ,-1.4777062682734294
theater set |theater sets ,-1.4777062682734294
corel painter |Corel Painter ,-1.4777062682734294
fauve matisse |Fauve Matisse ,-1.4777062682734294
large number |large number ,-1.478334676068336
major force |major forces ,-1.4784615696271468
german bauhaus school |German Bauhaus school ,-1.478836169127672
document human experience |document human experience ,-1.4790902410418292
final stage |final stage ,-1.4790943145845703
great stylistic refinement |great stylistic refinement ,-1.480047829173147
iterative prototyping and user testing |Iterative prototyping and user testing ,-1.4801555743412618
communications consultant |communications consultants ,-1.4829685099310566
engraving or etching |engraving or etching ,-1.4838067974053222
copper or zinc |copper or zinc ,-1.4838067974053222
private press movement |Private Press movement ,-1.4839144372242978
l szl moholy-nagy |L szl Moholy-Nagy ,-1.485934937537814
cinematic production |cinematic production ,-1.486686988714954
digital fusion |Digital Fusion ,-1.486686988714954
postscript file |PostScript files ,-1.4885688243790496
corel painter and photo-paint |Corel Painter and Photo-Paint ,-1.4890672400629408
milton glaser draws lecture |Milton Glaser Draws Lectures ,-1.489230475557443
computer-generated video |computer-generated video ,-1.4904625763705577
live video |live video ,-1.4904625763705577
overlapping skill |overlapping skills ,-1.4904625763705577
primary method |primary method ,-1.4905553891298835
leading line spacing |leading line spacing ,-1.4911865223435088
similar fashion |similar fashion ,-1.4917440087396971
human anatomy |human anatomy ,-1.4917440087396971
virtual testing |virtual testing ,-1.4917440087396971
film-based animation |film-based animation ,-1.4923650868193474
arranging type |arranging type ,-1.4923650868193474
rotoscope animation |rotoscope animations ,-1.4923650868193474
uniquely american approach |uniquely American approach ,-1.4926888357781452
vector-based program |vector-based program ,-1.4926966969303626
raster-based program |raster-based program ,-1.4926966969303626
product lifecycle management |product lifecycle management ,-1.493831966492052
synthetic physical object |synthetic physical objects ,-1.4940590675236307
large scale physical installation |large scale physical installations ,-1.496164531998528
printing call |Printing Calls ,-1.4961794313722065
automated rendering mode |automated rendering modes ,-1.4967861422465811
relevant understandable and effective |relevant understandable and effective ,-1.4968329190489476
bachelor s degree |Bachelor s degree ,-1.4979661152250616
visual representation |visual representation ,-1.498361736600159
finite element analysis |Finite element analysis ,-1.4985068627972435
solid crisp line |solid crisp lines ,-1.4992266340032652
custom hardware solution |custom hardware solutions ,-1.4992717892116565
historical style |historical styles ,-1.4999660421837258
computer-aided manufacturing |computer-aided manufacturing ,-1.4999660421837258
limited edition |limited edition ,-1.500775924758568
strong competition |strong competition ,-1.500775924758568
typefaces univer |typefaces Univers ,-1.500775924758568
mathematical calculation |mathematical calculations ,-1.500775924758568
news reporting |news reporting ,-1.500775924758568
strong critique |strong critiques ,-1.500775924758568
museum display |museum displays ,-1.500775924758568
handicraft texture |handicraft textures ,-1.500775924758568
principal pioneer |principal pioneers ,-1.500775924758568
utilitarian purpose |utilitarian purposes ,-1.500775924758568
booming post-world war ii american economy |booming post-World War II American economy ,-1.5008111742920942
online branding |online branding ,-1.5018276909818886
environmental condition |environmental conditions ,-1.5018276909818886
identifying mark or trade |identifying mark or trade ,-1.5020474735479599
operating system |operating system ,-1.5036522844572173
wall street journal mention |Wall Street Journal Mention ,-1.503957043226488
severe yet accessible manner |severe yet accessible manner ,-1.503957043226488
adobe dreamweaver |Adobe Dreamweaver ,-1.5047852101892232
democratic form |democratic forms ,-1.5054237970244762
buddhist text |Buddhist texts ,-1.5054237970244762
cyan form |cyan forms ,-1.5054237970244762
package function |Package function ,-1.5054700563475603
interesting way |interesting ways ,-1.506566245874494
thoughtful composition |thoughtful compositions ,-1.506566245874494
field requirement |field requirements ,-1.5071217752108317
social and cultural norm |social and cultural norms ,-1.5079855737160743
designer raymond loewy |designer Raymond Loewy ,-1.5080545360509292
influential citation |influential citation ,-1.5087199449506539
adobe premiere pro |Adobe Premiere Pro ,-1.5091404033058071
max bruinsma |max bruinsma ,-1.510177417890963
accurate rotation |accurate rotation ,-1.510177417890963
reliable source |reliable sources ,-1.510177417890963
source code |source code ,-1.510177417890963
continuous movement |continuous movement ,-1.510177417890963
real brush and canvas texture |real brush and canvas textures ,-1.5103270635667787
lifelike motion constraint |lifelike motion constraints ,-1.5110393990728408
data acquisition |data acquisition ,-1.51147038966378
artistic piece |Artistic pieces ,-1.51147038966378
audio motion |audio motion ,-1.51147038966378
college-level education |college-level education ,-1.5122790053717148
different sphere |different spheres ,-1.5122790053717148
unfamiliar space |unfamiliar spaces ,-1.5125195701495568
large amount |large amounts ,-1.5125195701495568
world wide web |World Wide Web ,-1.5127110314371959
web site visitor |web site visitor ,-1.5127110314371959
modifying type glyph |modifying type glyphs ,-1.5130170944149002
precise handling |precise handling ,-1.5132534217973728
preexisting imagery |preexisting imagery ,-1.5133095296779238
stock imagery |stock imagery ,-1.5133095296779238
low end |low end ,-1.5133095296779238
public relation |public relations ,-1.5133095296779238
branded environment |branded environments ,-1.5133095296779238
aegeanlinux desktop |AegeanLinux desktop ,-1.5135656143584078
first official publication |first official publication ,-1.5144049029956697
early stage approval |early stage approval ,-1.515618203904248
communications issue |communications issue ,-1.515629135619824
critical observational quantitative |Critical observational quantitative ,-1.5182175295507199
critical observational quantitative and analytic thinking |Critical observational quantitative and analytic thinking ,-1.5186242216917287
rapid production |Rapid production ,-1.5215249894496392
recent explosion |recent explosion ,-1.5247066311980033
sketch numerous concept |sketch numerous concepts ,-1.5265051099041067
simple logo |simple logo ,-1.5276450961627401
full-motion video |full-motion video ,-1.5277890057291488
burlap canvas or handicraft texture |burlap canvas or handicraft textures ,-1.5280059070889394
industrial purpose |industrial purposes ,-1.529298284176714
first significant reaction |first significant reaction ,-1.5298224111021992
non-design oriented organization |non-design oriented organizations ,-1.5306053644947053
importers and exporter |importers and exporters ,-1.5308010993997851
catalogs and booklet |catalogs and booklets ,-1.5308010993997851
corporate quality |corporate quality ,-1.5326906208114026
maxim shamir occupation names creative director |Maxim Shamir Occupation Names creative director ,-1.5339809349673492
hot iron symbol or logo |hot iron symbol or logo ,-1.5344448143678187
leadership management methods pattern research science strategy |leadership management methods pattern research science strategy ,-1.536208572629947
complex idea |complex ideas ,-1.5379850322538287
idea execution |idea execution ,-1.5379850322538287
media channel |media channel ,-1.5413001019529229
hand eye coordination |hand eye coordination ,-1.5466228915479154
toads retrieved |Toads Retrieved ,-1.5472751978572932
stronger user base |stronger user base ,-1.5492310626001893
s column |s Column ,-1.5507441271653748
cross-disciplinary collaborative process |cross-disciplinary collaborative process ,-1.5523368179449073
diverse element |diverse elements ,-1.5524925747898215
analytic scientific |analytic scientific ,-1.553404168590063
web performance optimization |web performance optimization ,-1.5541496309273293
navigation search modeller redirect |navigation search Modeller redirects ,-1.5619500591855207
crafts movement |Crafts movement ,-1.562527824668036
black book |black book ,-1.5640065271125339
early day |early days ,-1.5667832795084622
decorated text |Decorated text ,-1.5707206518828314
pre-existing material |pre-existing materials ,-1.5730932297534859
canvas texture |canvas textures ,-1.5741449092842015
separate company |separate company ,-1.5767916410413143
typographic change |typographic changes ,-1.5767916410413143
thumbnail sketch |thumbnail sketches ,-1.5767916410413143
prospective clients or employer |prospective clients or employers ,-1.581437572521702
key feature |key features ,-1.5821955716189269
final output |final output ,-1.5821955716189269
traditional-design computer-production hybrid process |traditional-design computer-production hybrid process ,-1.5830012832832838
st martins press |St Martins Press ,-1.5832515347123146
success or failure |success or failure ,-1.5839515962976296
commercialized industry |commercialized industry ,-1.5964666232652192
potential approach |potential approaches ,-1.59756147216202
inspiring creativity |inspiring creativity ,-1.6004045315146362
primary qualification |primary qualifications ,-1.6026502202684587
printing including |printing including ,-1.6064970036547193
national park service |National Park Service ,-1.6108702181164345
press-ready artwork |press-ready artwork ,-1.614691420095018
accurate kinetics |accurate kinetics ,-1.614691420095018
steeper learning curve |steeper learning curve ,-1.636818832479229
basic web programming script |basic web programming scripts ,-1.6381582483990225
native format |native formats ,-1.6440994924595493
job interview |job interviews ,-1.6440994924595493
large binder |large binder ,-1.649216727803196
virtual engineering virtual reality virtual cinematography related topic |Virtual engineering Virtual reality Virtual cinematography Related topics ,-1.6502031634921575
microsoft word |Microsoft Word ,-1.6518962719468544
rendered scene |rendered scenes ,-1.6518962719468544
navigational aid |navigational aids ,-1.6518962719468544
differentiate other cattle |differentiate other cattle ,-1.673313484143583
fifty year |Fifty years ,-1.6786544937836527
rough draft |rough drafts ,-1.6810736572476517
limitless choice |limitless choices ,-1.6810736572476517
real brush |real brush ,-1.6810736572476517
endless iteration |endless iterations ,-1.6810736572476517
non-technical conceptualizing |non-technical conceptualizing ,-1.6810736572476517
hand-rendered comp |Hand-rendered comps ,-1.6810736572476517
computer-generated imagery cgi |computer-generated imagery CGI ,-1.6848248382913604
core responsibility |core responsibility ,-1.6853180775869052
accredited trade school |accredited trade school ,-1.6904231689085008
prospective client |prospective clients ,-1.6921322885506604
acetate sleeve |Acetate sleeves ,-1.6992910950940483
iterative prototyping |Iterative prototyping ,-1.6992910950940483
jessica helfand |Jessica Helfand ,-1.6992910950940483
mphil phd |MPhil PhD ,-1.6992910950940483
cultural norm |cultural norms ,-1.7051560569007702
teaching position |teaching position ,-1.7051560569007702
cultural relevance |cultural relevance ,-1.7051560569007702
relevant understandable |relevant understandable ,-1.7098418644928295
ray tracer |ray tracers ,-1.7102510425484487
press-ready pdf |press-ready PDF ,-1.7102510425484487
aas ba bfa bca mfa |AAS BA BFA BCA MFA ,-1.7117025406268478
b nasad competencies summary |b NASAD Competencies Summary ,-1.7246351461710379
hot iron symbol |hot iron symbol ,-1.730113082844484
design |designs |design |Design ,-2.8462406286322746
graphic |graphics ,-3.1333341154233074
software |Software |software ,-3.352631983706512
computer |computer |computers |Computers ,-4.094444938500916
designer |Designers |designers |designer ,-4.203064988328365
edit |edit ,-4.364347614979803
image |image |images ,-4.4200644490106535
art |art |Arts ,-4.453994137677646
tool |tools |tool |Tools ,-4.9148814917888695
article |articles |article |Articles ,-4.923086961639047
layout |layout |layouts ,-5.008163986047483
effect |effects ,-5.081815464670086
category |category ,-5.08910509270266
rendering |rendering ,-5.102334420683371
list |list |Lists ,-5.19705394761033
use |use |Use ,-5.205432892905501
book |Book |books |book ,-5.259784835860667
user |Users |users |user ,-5.323804550097528
program |programs |program ,-5.328319754024633
traditional |traditional ,-5.361308446755875
product |product |products ,-5.364917422320583
page |page ,-5.365506313118204
development |development |developments ,-5.417480725233966
process |process |processes ,-5.463426209102041
work |work |Works |works ,-5.483395774977636
adobe |Adobe ,-5.508366153021416
information |information ,-5.524002977472345
element |elements ,-5.55875461725272
vector |vector ,-5.5788120783826
communication |communication ,-5.581292315835348
illustration |illustrations |illustration ,-5.605196947087042
file |files |Files |file ,-5.612608644238649
raster |raster ,-5.630910460479033
typography |Typography |typography ,-5.640742012935865
production |production ,-5.643249674878666
interface |interface ,-5.655320879631735
common |Common ,-5.660120668759795
application |application |applications ,-5.672729290203081
industry |industry ,-5.709701932643634
type |type ,-5.720766164743102
skill |skills ,-5.728762567556372
history |history |History ,-5.74676677942021
web |web ,-5.746818257987745
video |video ,-5.758177463280436
animation |animation ,-5.780060389021439
first |First ,-5.801664141555482
example |Examples |example |examples ,-5.804284892657577
idea |ideas |idea ,-5.815792106730547
artist |Artists |artists |artist ,-5.836218022847356
style |style |Style |styles ,-5.847790516493958
printing |printing ,-5.886527082150854
branding |branding |Branding ,-5.893404484628625
wikipedia |Wikipedia ,-5.894620641988682
architecture |Architecture |architecture ,-5.902136936641564
drawing |drawing ,-5.919496935201434
print |Prints |Print |print ,-5.941341852670707
title |title ,-5.947590575505325
photoshop |Photoshop ,-5.96034471879607
crowdsourcing |Crowdsourcing ,-5.976906079789791
text |text ,-5.991852386220247
system |systems ,-6.025712689739634
method |methods |method ,-6.063233365170756
publishing |publishing ,-6.063233365170756
experience |experience ,-6.0648189453567625
professional |professional ,-6.07893846266552
form |form ,-6.1191489970182005
citation |citation |citations ,-6.132280077130374
logo |logos |logo ,-6.132280077130374
field |field ,-6.135720372806985
technique |technique |techniques ,-6.151008514076518
presentation |presentations |presentation ,-6.160994351631971
principle |principles ,-6.183504213809696
magazine |magazine |magazines ,-6.223846552311011
identity |identity ,-6.2238994374603465
hand |hand ,-6.251128531928602
advertising |advertising ,-6.2598854568906575
piece |piece ,-6.291080601374101
company |company ,-6.291080601374101
feature |features |feature ,-6.319237950385227
press |press ,-6.335395744107357
sketch |sketches ,-6.335395744107357
change |changes ,-6.3424650301313585
job |job ,-6.3424650301313585
game |games ,-6.348550297735248
space |space ,-6.352832721367396
topic |topic ,-6.38305896567443
original |original ,-6.407319203741162
service |services |service ,-6.407319203741162
studio |studios ,-6.414723163602478
model |models |Models ,-6.428015680447397
needed |needed ,-6.430485760208392
multiple |multiples |multiple ,-6.441421678263151
comparison |Comparison ,-6.441421678263151
area |area |areas ,-6.450891073816087
poster |poster |posters ,-6.450891073816087
term |term |terms ,-6.450891073816087
building |buildings ,-6.451847025503635
navigation |navigation ,-6.477740104507903
photography |photography ,-6.514942803986436
project |project ,-6.5370416554139394
problem |problems |problem ,-6.539481391553668
color |color |colors |Color ,-6.539481391553668
material |materials ,-6.54699507572825
science |science ,-6.554052060103084
environment |environment |environments ,-6.554052060103084
search |search ,-6.56373723489102
object |objects ,-6.56373723489102
public |public ,-6.58185192786376
marketing |marketing ,-6.58185192786376
people |people ,-6.59497502952947
creativity |creativity ,-6.6074854462180515
imagery |imagery ,-6.6074854462180515
paper |paper ,-6.619283766099724
painting |Paintings |Painting ,-6.630232528445466
end |ends ,-6.6486489035245135
guide |guides ,-6.655181028662267
publication |publications ,-6.668194236316344
illustrator |Illustrator |illustrators ,-6.709785167689637
popular |popular ,-6.721950459184906
advent |advent ,-6.746520524801697
arrangement |arrangement ,-6.763596273857764
artwork |artworks |artwork ,-6.763596273857764
technology |technology ,-6.763596273857764
part |part ,-6.780000150939902
character |characters ,-6.780000150939902
movement |movement ,-6.795638171800627
quarkxpres |QuarkXpress |QuarkXPress ,-6.795638171800627
indesign |InDesign ,-6.824072024584895
language |languages ,-6.824072024584895
max |Max ,-6.836443275126898
task |Tasks ,-6.8470924934337045
function |functions ,-6.8470924934337045
icon |Icons ,-6.8470924934337045
photo |photos ,-6.855257649855897
morris |Morris ,-6.8701424913707
symbol |Symbols |symbols |symbol ,-6.8701424913707
wikidata |Wikidata ,-6.888889779464571
coreldraw |CorelDraw |CorelDRAW ,-6.888889779464571
knowledge |knowledge ,-6.9067618033054
packaging |packaging ,-6.9067618033054
journal |Journal ,-6.9067618033054
practice |practice ,-6.9236165459935055
portfolio |portfolio |portfolios ,-6.9236165459935055
composition |Composition ,-6.93925763505885
mean |means ,-6.953396207106853
designing |designing ,-6.965566742314633
sign |Sign ,-6.965566742314633
newspaper |Newspapers ,-6.965566742314633
accessible |accessible ,-6.97489834965428
content |Contents ,-7.012573891525905
typeface |typefaces |typeface ,-7.0334245860068725
emphasis |emphasis ,-7.0334245860068725
bauhaus |Bauhaus ,-7.0334245860068725
copy |copy ,-7.0334245860068725
emigre |Emigre ,-7.0334245860068725
reconstruction |reconstruction ,-7.0334245860068725
edition |editions |edition ,-7.0334245860068725
rise |rise |Rise ,-7.0334245860068725
kind |kinds |kind |Kind ,-7.0334245860068725
meaning |meaning ,-7.053088452476328
client |client |clients ,-7.053088452476328
result |result |results ,-7.053088452476328
order |order ,-7.053088452476328
pencil |pencil |pencils ,-7.071336389719231
team |team ,-7.071336389719231
signage |signage ,-7.071336389719231
diagram |diagrams ,-7.071336389719231
photograph |photographs ,-7.071336389719231
plate |plates ,-7.071336389719231
stage |stage ,-7.071336389719231
illusion |illusion ,-7.071336389719231
graph |Graph ,-7.071336389719231
aesthetic |aesthetics ,-7.10203034818431
foundation |foundation ,-7.10203034818431
cad |CAD ,-7.10203034818431
gimp |GIMP ,-7.10203034818431
era |era ,-7.180612026321147
reason |reason |reasons ,-7.204208666084493
shape |shapes ,-7.226106190775976
testing |testing ,-7.262938940934071
help |help ,-7.262938940934071
template |templates ,-7.262938940934071
good |goods ,-7.262938940934071
animator |animator ,-7.262938940934071
degree |degree ,-7.262938940934071
exhibition |exhibitions ,-7.262938940934071
fashion |fashion ,-7.276003191209578
effective |effective ,-7.276003191209578
film |film ,-7.276003191209578
europe |Europe ,-7.356088281303509
variety |variety ,-7.356088281303509
series |series ,-7.385584081007692
consumerism |Consumerism |consumerism ,-7.412955986872046
wikibook |Wikibooks ,-7.412955986872046
emily |Emily ,-7.412955986872046
writing |writing ,-7.412955986872046
executor |executor ,-7.412955986872046
worker |workers ,-7.412955986872046
faber |Faber ,-7.412955986872046
chicago |Chicago ,-7.412955986872046
increase |increase ,-7.412955986872046
typographer |typographers ,-7.412955986872046
mcvarish |McVarish ,-7.412955986872046
jeff |Jeff ,-7.412955986872046
scenery |scenery ,-7.412955986872046
swatch |swatch ,-7.412955986872046
designtalkboard |Designtalkboard ,-7.412955986872046
divergent |divergent ,-7.412955986872046
individual |individuals ,-7.412955986872046
palette |palette ,-7.412955986872046
credit |credits ,-7.412955986872046
option |option ,-7.412955986872046
london |London ,-7.412955986872046
practitioner |practitioners ,-7.412955986872046
convergent |convergent ,-7.412955986872046
frutiger |Frutiger ,-7.412955986872046
fiell |Fiell ,-7.412955986872046
consideration |consideration ,-7.412955986872046
york |York ,-7.412955986872046
generation |generations |generation ,-7.43769848795605
debate |debate ,-7.43769848795605
audience |audience ,-7.43769848795605
resource |resources ,-7.43769848795605
selection |selection ,-7.43769848795605
colour |colour ,-7.458996924569664
woodcut |woodcuts ,-7.458996924569664
qualification |qualifications ,-7.458996924569664
business |business ,-7.458996924569664
scene |scene ,-7.458996924569664
furniture |furniture ,-7.458996924569664
screenshot |screenshot ,-7.458996924569664
philosophy |philosophy ,-7.458996924569664
favor |favor ,-7.458996924569664
poser |Poser ,-7.458996924569664
fabric |fabrics ,-7.458996924569664
approval |approval ,-7.458996924569664
surface |surfaces ,-7.458996924569664
mind |mind ,-7.458996924569664
mosaic |mosaic ,-7.458996924569664
introduction |introduction ,-7.458996924569664
growth |growth ,-7.458996924569664
employment |Employment ,-7.458996924569664
subject |subjects ,-7.458996924569664
constraint |constraints ,-7.458996924569664
physic |physics ,-7.458996924569664
ink |ink ,-7.458996924569664
paste-up |paste-up ,-7.458996924569664
conversion |conversion ,-7.458996924569664
matrix |matrix ,-7.458996924569664
instruction |instructions ,-7.458996924569664
interactivity |interactivity ,-7.458996924569664
airport |airports ,-7.458996924569664
position |positions ,-7.458996924569664
america |Americas ,-7.458996924569664
access |access ,-7.458996924569664
bryce |Bryce ,-7.458996924569664
lack |lack ,-7.458996924569664
modeller |MODELLER ,-7.475327237414048
creation |creation ,-7.475327237414048
algorithm |algorithms ,-7.475327237414048
manual |manual ,-7.475327237414048
subset |subset ,-7.648570851934114
significant |significant ,-7.648570851934114
block |blocks ,-7.648570851934114
problem-solving |problem-solving ,-7.648570851934114
sale |sale ,-7.648570851934114
message |messages ,-7.648570851934114
structure |structure ,-7.648570851934114
wood |wood ,-7.648570851934114
dvd |DVD ,-7.6815608533794535
profession |profession ,-7.709958768864272
advertisement |advertisement ,-7.709958768864272
government |government ,-7.709958768864272
expression |expression ,-7.709958768864272
discipline |discipline ,-7.709958768864272
textile |textiles ,-7.709958768864272
document |document ,-7.709958768864272
trade |trade ,-7.709958768864272
social |social ,-7.73173251932345
potential |potential ,-7.73173251932345
number |number ,-7.73173251932345
institution |institution ,-7.73173251932345
brand |brand ,-7.73173251932345
font |fonts ,-7.73173251932345
emergence |Emergence ,-7.966891448942395
autodesk |Autodesk ,-8.016376451110403
megg |Meggs ,-8.058973324337632
concept- |concept- ,-8.058973324337632
judgment |judgment ,-8.058973324337632
training |training ,-8.058973324337632
knapp |Knapp ,-8.058973324337632
member |members ,-8.058973324337632
crouch |Crouch ,-8.058973324337632
monotyping |monotyping ,-8.058973324337632
expertise |expertise ,-8.058973324337632
sequence |sequence ,-8.058973324337632
perspective |perspectives ,-8.058973324337632
textbook |Textbooks ,-8.058973324337632
fabricator |fabricators ,-8.058973324337632
criticism |criticisms ,-8.058973324337632
ray |ray ,-8.058973324337632
law |laws ,-8.058973324337632
decoration |decoration ,-8.058973324337632
layer |layers ,-8.058973324337632
pizap |Pizap ,-8.058973324337632
cadd |CADD ,-8.058973324337632
respond |responds ,-8.058973324337632
menu |menus ,-8.058973324337632
verification |verification ,-8.058973324337632
distance |distance ,-8.058973324337632
exclude |Exclude ,-8.058973324337632
photojournalist |photojournalists ,-8.058973324337632
high-end |high-end ,-8.058973324337632
compositor |compositors ,-8.058973324337632
reproduction |reproduction ,-8.058973324337632
litigation |litigation ,-8.058973324337632
workshop |Workshop ,-8.058973324337632
bfa |BFA ,-8.058973324337632
expansion |expansion ,-8.058973324337632
adddepth |AddDepth ,-8.058973324337632
drafting |Drafting ,-8.058973324337632
graphex |Graphex ,-8.058973324337632
nick |Nick ,-8.058973324337632
sort |sort ,-8.058973324337632
desktoppub |desktoppub ,-8.058973324337632
sigma |Sigma ,-8.058973324337632
math |math ,-8.058973324337632
cartoon |cartoons ,-8.058973324337632
modernism |Modernism ,-8.058973324337632
metal |metal ,-8.058973324337632
christopher |Christopher ,-8.058973324337632
gilmour |Gilmour ,-8.058973324337632
case |case ,-8.058973324337632
typesetter |typesetters ,-8.058973324337632
camera |camera ,-8.058973324337632
reign |Reign ,-8.058973324337632
julia |Julia ,-8.058973324337632
clarity |clarity ,-8.058973324337632
person |person ,-8.058973324337632
raffe |Raffe ,-8.058973324337632
digitization |Digitization ,-8.058973324337632
manufacturability |manufacturability ,-8.058973324337632
range |range ,-8.058973324337632
assembly |assembly ,-8.058973324337632
linocut |linocuts ,-8.058973324337632
picasa |Picasa ,-8.058973324337632
formatting |formatting ,-8.058973324337632
prop |props ,-8.058973324337632
lithography |lithography ,-8.058973324337632
currie |Currie ,-8.058973324337632
picture |pictures ,-8.058973324337632
watercolor |watercolor ,-8.058973324337632
issue |issue ,-8.058973324337632
mindshift |mindshift ,-8.058973324337632
reversal |reversal ,-8.058973324337632
stylization |stylization ,-8.058973324337632
addition |addition ,-8.058973324337632
group |group ,-8.058973324337632
filmmaking |filmmaking ,-8.058973324337632
photo-paint |Photo-Paint ,-8.058973324337632
death |death ,-8.058973324337632
emigration |emigration ,-8.058973324337632
adbuster |Adbusters ,-8.058973324337632
zinc |zinc ,-8.058973324337632
imagination |imagination ,-8.058973324337632
sync |sync ,-8.058973324337632
living |living ,-8.058973324337632
background |background ,-8.058973324337632
stone |stone ,-8.058973324337632
obsolescence |obsolescence ,-8.058973324337632
etching |etching ,-8.058973324337632
opinion |opinion ,-8.058973324337632
strictly |strictly ,-8.058973324337632
rohdesign |Rohdesign ,-8.058973324337632
measurement |measurements ,-8.058973324337632
loosewireblog |Loosewireblog ,-8.058973324337632
clothing |clothing ,-8.058973324337632
integration |integration ,-8.058973324337632
parallel |parallel ,-8.058973324337632
thinker |thinkers ,-8.058973324337632
concern |concerns ,-8.058973324337632
cgsociety |CGSociety ,-8.058973324337632
committee |committee ,-8.058973324337632
gap |gap ,-8.058973324337632
obsession |obsession ,-8.058973324337632
silk-road |Silk-road ,-8.058973324337632
livery |livery ,-8.058973324337632
item |items ,-8.058973324337632
screen-printing |screen-printing ,-8.058973324337632
legibility |legibility ,-8.058973324337632
taborda |Taborda ,-8.058973324337632
phrase |phrase ,-8.058973324337632
flag |flag ,-8.058973324337632
scope |scope ,-8.058973324337632
copper |copper ,-8.058973324337632
japan |Japan ,-8.058973324337632
useles |useless ,-8.058973324337632
greater |greater ,-8.058973324337632
linoleum |linoleum ,-8.058973324337632
nature |nature ,-8.058973324337632
signature |signatures ,-8.058973324337632
price |prices ,-8.058973324337632
trademark |Trademarks ,-8.058973324337632
ethos |ethos ,-8.058973324337632
collection |collection ,-8.058973324337632
t-shirt |T-shirts ,-8.058973324337632
ability |ability ,-8.058973324337632
scratch |scratch ,-8.058973324337632
fact |facts ,-8.058973324337632
preference |preference ,-8.058973324337632
machinima |machinima ,-8.058973324337632
candidate |candidates ,-8.058973324337632
exploration |exploration ,-8.058973324337632
charlotte |Charlotte ,-8.058973324337632
impression |impression ,-8.058973324337632
architect |architects ,-8.058973324337632
historicism |historicism ,-8.058973324337632
geography |geography ,-8.058973324337632
intuitivenes |intuitiveness ,-8.058973324337632
tracy |Tracy ,-8.058973324337632
shake |Shake ,-8.058973324337632
journalist |journalists ,-8.058973324337632
obtain |obtains ,-8.058973324337632
engraving |engraving ,-8.058973324337632
readability |Readability ,-8.058973324337632
metropolis |Metropolis ,-8.058973324337632
lasting |lasting ,-8.058973324337632
turner |Turner ,-8.058973324337632
market |market ,-8.058973324337632
manufacturer |manufacturers ,-8.058973324337632
word |words ,-8.058973324337632
rest |rest ,-8.058973324337632
baker |Baker ,-8.058973324337632
distraction |distractions ,-8.091633950026399
scissors |scissors ,-8.091633950026399
screen-capturing |screen-capturing ,-8.091633950026399
grid |grid ,-8.091633950026399
finalization |finalization ,-8.091633950026399
complication |complications ,-8.091633950026399
output |Output ,-8.091633950026399
hypermedia |hypermedia ,-8.091633950026399
view |view ,-8.091633950026399
arrival |arrival ,-8.091633950026399
board |boards ,-8.091633950026399
sculpture |sculpture ,-8.091633950026399
realism |realism ,-8.091633950026399
appreciation |appreciation ,-8.091633950026399
accuracy |accuracy ,-8.091633950026399
hyperrealism |hyperrealism ,-8.091633950026399
detail |detail ,-8.091633950026399
quark |Quark ,-8.091633950026399
marker |markers ,-8.091633950026399
subclass |subclass ,-8.091633950026399
filter |filters ,-8.091633950026399
modeler |modelers ,-8.341442287121726
humankind |humankind ,-8.635093661369616
rome |Rome ,-8.635093661369616
mesh |mesh ,-8.635093661369616
scroll |scrolls ,-8.635093661369616
kell |Kells ,-8.635093661369616
cave |caves ,-8.635093661369616
feeling |feeling ,-8.635093661369616
celebration |celebration ,-8.635093661369616
combination |combination ,-8.635093661369616
pictograph |pictographs ,-8.635093661369616
billboard |billboards ,-8.635093661369616
lascaux |Lascaux ,-8.635093661369616
methodology |methodology ,-8.635093661369616
humanist |Humanist ,-8.635093661369616
manufacture |Manufactures ,-8.635093661369616
artifact |artifacts ,-8.635093661369616
essence |essence ,-8.635093661369616
ginza |Ginza ,-8.635093661369616
benefactor |benefactor ,-8.635093661369616
class |class ,-8.635093661369616
importance |importance ,-8.635093661369616
separation |separation ,-8.635093661369616
asset |asset ,-8.70041491274715
time-based |time-based ,-8.70041491274715
support |support ,-8.70041491274715
challenge |challenges ,-8.70041491274715
failure |failure ,-8.70041491274715
email |email ,-8.70041491274715
exporter |exporters ,-8.70041491274715
corporation |corporation ,-8.70041491274715
certificate |certificate ,-8.70041491274715
typesetting |typesetting ,-8.70041491274715
folder |folder ,-8.70041491274715
metadata |metadata ,-8.70041491274715
booklet |booklets ,-8.70041491274715
couple |couple ,-8.70041491274715
inch |inch ,-8.70041491274715
internet |Internet ,-8.70041491274715
collect |Collect ,-8.70041491274715
employer |employers ,-8.70041491274715
understanding |understanding ,-8.70041491274715
fraction |fraction ,-8.70041491274715
webcomic |webcomic ,-8.70041491274715
persona |persona ,-8.70041491274715
proficiency |proficiency ,-8.70041491274715
catalog |catalogs ,-8.70041491274715
importer |importers ,-8.70041491274715
angle |angles ,-8.70041491274715
instance |instances ,-8.70041491274715
xml |XML ,-8.70041491274715
animal |animal ,-8.70041491274715
html |HTML ,-8.70041491274715
success |success ,-8.70041491274715
brochure |brochures ,-8.70041491274715
desire |desire ,-8.70041491274715
context |context ,-8.70041491274715
