design |designs |design |Design ,0.040900995458289686
designer |Designers |designers |designer ,0.008832705244883571
graphic design |graphic design |Graphic design |Graphic Design ,0.008402228117551631
software |Software |software ,0.004602834428219878
graphic designer |graphic designer |Graphic Designer |graphic designers |Graphic designers ,0.004535713504129402
edit |edit ,0.0041045367240913145
layout |layout |layouts ,0.0037399742928786294
art |art |Arts ,0.0034284953812998035
graphic |graphics ,0.0031003389183747185
element |elements ,0.002923379874000239
work |work |Works |works ,0.002923379874000239
effect |effects ,0.0029118840549294802
book |Book |books |book ,0.002787974095145247
history |history |History ,0.002714567025857365
computer |computer |computers |Computers ,0.002672818340094483
tool |tools |tool |Tools ,0.002664064135361014
typography |Typography |typography ,0.002228069791502162
image |image |images ,0.0021038014088971303
architecture |Architecture |architecture ,0.0020881284814287422
communication |communication ,0.0020881284814287422
page |page ,0.0020881284814287422
article |articles |article |Articles ,0.0020417362320166187
industry |industry ,0.0018793156332858683
process |process |processes ,0.001830200185876776
example |Examples |example |examples ,0.001830200185876776
product |product |products ,0.0017966944168713815
program |programs |program ,0.0017347394369792647
type |type ,0.0016710523436266216
branding |branding |Branding ,0.0016710523436266216
specialized software |Specialized software |specialized software ,0.001670502785142994
traditional |traditional ,0.001670502785142994
experience |experience ,0.001670502785142994
crowdsourcing |Crowdsourcing ,0.001670502785142994
visual art |Visual arts |visual arts ,0.001670502785142994
skill |skills ,0.0015660963610715569
production |production ,0.0015119045013764671
adobe |Adobe ,0.0014616899370001196
first |First ,0.0014616899370001196
principle |principles ,0.0014616899370001196
page layout |Page layout |page layout ,0.00143233058025139
style |style |Style |styles ,0.0013630095576265652
drawing |drawing ,0.0013572835129286825
development |development |developments ,0.0013572835129286825
idea |ideas |idea ,0.0013527566591263129
information |information ,0.0012731827380012355
use |use |Use ,0.001262164216155728
art software |art software |Art software ,0.0012528770888572455
advertising |advertising ,0.0012528770888572455
web |web ,0.0012528770888572455
area |area |areas ,0.0012528770888572455
term |term |terms ,0.0012528770888572455
print |Prints |Print |print ,0.001239099597842332
illustration |illustrations |illustration ,0.0012072166835562688
main article |Main articles |Main article ,0.0011879192622642146
rendering |rendering ,0.0011484706647858084
art director |art director |art directors ,0.0011484706647858084
model |models |Models ,0.001115189638058099
logo |logos |logo ,0.001114034895751081
interface |interface ,0.0010532346581659823
technique |technique |techniques ,0.0010532346581659823
interface design |interface design ,0.0010440642407143711
category |category ,0.0010440642407143711
visual communication |visual communication ,0.0010440642407143711
raster graphic |raster graphics ,0.0010440642407143711
system |systems ,0.0010440642407143711
science |science ,0.0010440642407143711
magazine |magazine |magazines ,0.0010440642407143711
computer graphics software |computer graphics software ,0.0010440642407143711
experience design |experience design ,0.0010440642407143711
service |services |service ,0.0010440642407143711
user experience design |User experience design ,0.0010440642407143711
environment |environment |environments ,0.0010440642407143711
vector |vector ,0.0010440642407143711
corporate identity |corporate identity ,9.548870535009266E-4
space |space ,9.396578166429341E-4
advent |advent ,9.396578166429341E-4
title |title ,9.396578166429341E-4
artist |Artists |artists |artist ,9.174846795027643E-4
text |text ,9.174846795027643E-4
method |methods |method ,8.753131323758495E-4
problem |problems |problem ,8.753131323758495E-4
color |color |colors |Color ,8.753131323758495E-4
citation |citation |citations ,8.673697184896324E-4
application |application |applications ,8.673697184896324E-4
public |public ,8.35251392571497E-4
technical illustration |technical illustration |Technical illustration ,8.35251392571497E-4
marketing |marketing ,8.35251392571497E-4
arrangement |arrangement ,8.35251392571497E-4
vector graphic |vector graphics ,8.35251392571497E-4
artwork |artworks |artwork ,8.35251392571497E-4
technology |technology ,8.35251392571497E-4
morris |Morris ,8.35251392571497E-4
needed |needed ,8.35251392571497E-4
symbol |Symbols |symbols |symbol ,8.35251392571497E-4
publication |publications ,8.35251392571497E-4
graphics software |graphics software ,8.166944928066476E-4
video |video ,7.957392112507723E-4
file |files |Files |file ,7.750847295936796E-4
computer graphic |Computer graphics |computer graphics ,7.606378927990476E-4
animation |animation ,7.434597587053992E-4
feature |features |feature ,7.434597587053992E-4
poster |poster |posters ,7.434597587053992E-4
unsourced statement |unsourced statements ,7.434597587053992E-4
user |Users |users |user ,7.424495389151341E-4
portfolio |portfolio |portfolios ,7.342893412537882E-4
modeling software |modeling software ,7.308449685000598E-4
multiple |multiples |multiple ,7.308449685000598E-4
piece |piece ,7.16165290125695E-4
company |company ,7.16165290125695E-4
presentation |presentations |presentation ,6.815047788132826E-4
publishing |publishing ,6.815047788132826E-4
typeface |typefaces |typeface ,6.264385444286227E-4
movement |movement ,6.264385444286227E-4
knowledge |knowledge ,6.264385444286227E-4
emphasis |emphasis ,6.264385444286227E-4
creative process |creative process ,6.264385444286227E-4
editing software |editing software ,6.264385444286227E-4
bauhaus |Bauhaus ,6.264385444286227E-4
visual effect |visual effects ,6.264385444286227E-4
communication skill |communication skills ,6.264385444286227E-4
building |buildings ,6.264385444286227E-4
emigre |Emigre ,6.264385444286227E-4
first thing |First Things ,6.264385444286227E-4
era |era ,6.264385444286227E-4
topic |topic ,6.264385444286227E-4
reconstruction |reconstruction ,6.264385444286227E-4
imagery |imagery ,6.264385444286227E-4
edition |editions |edition ,6.264385444286227E-4
graphic element |graphic elements ,6.264385444286227E-4
graphics program |graphics programs ,6.264385444286227E-4
rise |rise |Rise ,6.264385444286227E-4
packaging |packaging ,6.264385444286227E-4
journal |Journal ,6.264385444286227E-4
kind |kinds |kind |Kind ,6.264385444286227E-4
user interface design |User interface design ,6.264385444286227E-4
adobe photoshop |Adobe Photoshop ,6.19549798921166E-4
original |original ,6.19549798921166E-4
press |press ,5.874314730030305E-4
indesign |InDesign ,5.874314730030305E-4
photoshop |Photoshop ,5.570174478755405E-4
photography |photography ,5.570174478755405E-4
hand |hand ,5.570174478755405E-4
coreldraw |CorelDraw |CorelDRAW ,5.570174478755405E-4
project |project ,5.220321203571856E-4
meaning |meaning ,5.220321203571856E-4
client |client |clients ,5.220321203571856E-4
practice |practice ,5.220321203571856E-4
modeler |modelers ,5.220321203571856E-4
paper |paper ,5.220321203571856E-4
order |order ,5.220321203571856E-4
software application |software application |software applications ,4.956398391369328E-4
field |field ,4.956398391369328E-4
printing |printing ,4.774435267504633E-4
quarkxpres |QuarkXpress |QuarkXPress ,4.774435267504633E-4
job |job ,4.405736047522729E-4
graphics and image |graphics and images ,4.405736047522729E-4
indesign coreldraw |InDesign CorelDRAW ,4.405736047522729E-4
identity |identity ,4.405736047522729E-4
comparison |Comparison ,4.336848592448162E-4
list |list |Lists ,4.336848592448162E-4
part |part ,4.336848592448162E-4
character |characters ,4.336848592448162E-4
pencil |pencil |pencils ,4.176256962857485E-4
consumerism |Consumerism |consumerism ,4.176256962857485E-4
wikibook |Wikibooks ,4.176256962857485E-4
composition |Composition ,4.176256962857485E-4
interactive design |interactive design ,4.176256962857485E-4
information graphic |information graphics ,4.176256962857485E-4
kelmscott press |Kelmscott Press ,4.176256962857485E-4
emily |Emily ,4.176256962857485E-4
team |team ,4.176256962857485E-4
wired magazine |WIRED Magazine |Wired Magazine ,4.176256962857485E-4
writing |writing ,4.176256962857485E-4
traditional medium effect |Traditional medium effects |traditional medium effects ,4.176256962857485E-4
subset |subset ,4.176256962857485E-4
executor |executor ,4.176256962857485E-4
digital painting |digital painting ,4.176256962857485E-4
significant |significant ,4.176256962857485E-4
worker |workers ,4.176256962857485E-4
editing method |editing methods ,4.176256962857485E-4
mental imaging skill |mental imaging skills |mental imaging skill ,4.176256962857485E-4
emergence |Emergence ,4.176256962857485E-4
material |materials ,4.176256962857485E-4
faber |Faber ,4.176256962857485E-4
chicago |Chicago ,4.176256962857485E-4
william addison dwiggin |William Addison Dwiggins ,4.176256962857485E-4
drucker johanna |Drucker Johanna ,4.176256962857485E-4
increase |increase ,4.176256962857485E-4
video editing |video editing ,4.176256962857485E-4
taschen publisher |Taschen Publishers ,4.176256962857485E-4
creative director |creative director ,4.176256962857485E-4
pearson education |Pearson Education ,4.176256962857485E-4
block |blocks ,4.176256962857485E-4
signage |signage ,4.176256962857485E-4
graphic design edit |graphic design edit ,4.176256962857485E-4
photorealistic effect |photorealistic effects |Photorealistic effects ,4.176256962857485E-4
diagram |diagrams ,4.176256962857485E-4
typographer |typographers ,4.176256962857485E-4
advertising art |advertising art ,4.176256962857485E-4
graphic design history |Graphic Design History ,4.176256962857485E-4
problem-solving |problem-solving ,4.176256962857485E-4
web site |web site ,4.176256962857485E-4
mcvarish |McVarish ,4.176256962857485E-4
photograph |photographs ,4.176256962857485E-4
jeff |Jeff ,4.176256962857485E-4
plate |plates ,4.176256962857485E-4
painting |Paintings |Painting ,4.176256962857485E-4
fine art |fine art ,4.176256962857485E-4
graphic design principle |graphic design principles |Graphic design principles ,4.176256962857485E-4
sale |sale ,4.176256962857485E-4
technical graphic software |technical graphic software ,4.176256962857485E-4
sketch |sketches ,4.176256962857485E-4
message |messages ,4.176256962857485E-4
swatch |swatch ,4.176256962857485E-4
structure |structure ,4.176256962857485E-4
general image editing |general image editing ,4.176256962857485E-4
designtalkboard |Designtalkboard ,4.176256962857485E-4
divergent |divergent ,4.176256962857485E-4
twentieth century |twentieth century ,4.176256962857485E-4
individual |individuals ,4.176256962857485E-4
palette |palette ,4.176256962857485E-4
credit |credits ,4.176256962857485E-4
stage |stage ,4.176256962857485E-4
page layout technique |page layout techniques ,4.176256962857485E-4
raster |raster ,4.176256962857485E-4
wood |wood ,4.176256962857485E-4
option |option ,4.176256962857485E-4
drucker johanna and mcvarish |Drucker Johanna and McVarish ,4.176256962857485E-4
london |London ,4.176256962857485E-4
common |Common ,4.176256962857485E-4
graphic file |graphic files ,4.176256962857485E-4
practitioner |practitioners ,4.176256962857485E-4
jane davis doggett |Jane Davis Doggett ,4.176256962857485E-4
media player |media players ,4.176256962857485E-4
william morris |William Morris ,4.176256962857485E-4
critical guide |critical Guide ,4.176256962857485E-4
convergent |convergent ,4.176256962857485E-4
frutiger |Frutiger ,4.176256962857485E-4
language |languages ,4.176256962857485E-4
scanning software |scanning software ,4.176256962857485E-4
fiell |Fiell ,4.176256962857485E-4
consideration |consideration ,4.176256962857485E-4
popular |popular ,4.176256962857485E-4
design layout |design layout |design layouts ,4.176256962857485E-4
graph |Graph ,4.176256962857485E-4
york |York ,4.176256962857485E-4
middle age |Middle Ages ,4.176256962857485E-4
reason |reason |reasons ,3.978696056253861E-4
graphic artist |Graphic Artist |graphic artists |graphic artist ,3.978696056253861E-4
illustrator |Illustrator |illustrators ,3.978696056253861E-4
graphic design industry |graphic design industry ,3.978696056253861E-4
result |result |results ,3.978696056253861E-4
creativity |creativity ,3.717298793526996E-4
europe |Europe ,3.717298793526996E-4
raster graphics editor |raster graphics editors ,3.717298793526996E-4
copy |copy ,3.717298793526996E-4
variety |variety ,3.717298793526996E-4
people |people ,3.3802067139575525E-4
commons category |Commons category ,3.3802067139575525E-4
web design |web design ,3.182956845003089E-4
generation |generations |generation ,3.1321927221431137E-4
v t e |v t e ,3.1321927221431137E-4
change |changes ,3.1321927221431137E-4
designer or art director |designer or art director ,3.1321927221431137E-4
graphic art software |Graphic art software |graphic art software ,3.1321927221431137E-4
digital form |digital form ,3.1321927221431137E-4
hybrid process |hybrid process ,3.1321927221431137E-4
autodesk |Autodesk ,3.1321927221431137E-4
logo design |logo design ,3.1321927221431137E-4
debate |debate ,3.1321927221431137E-4
max |Max ,3.1321927221431137E-4
resource |resources ,3.1321927221431137E-4
milton glaser |Milton Glaser ,3.1321927221431137E-4
graphic design tool |graphic design tools ,3.1321927221431137E-4
selection |selection ,3.1321927221431137E-4
traditional and digital form |traditional and digital form ,3.1321927221431137E-4
mean |means ,3.1321927221431137E-4
series |series ,3.09774899460583E-4
qualification |qualifications ,2.9371573650151527E-4
business |business ,2.9371573650151527E-4
indesign coreldraw or quarkxpres |InDesign CorelDRAW or QuarkXPress ,2.9371573650151527E-4
bfa |BFA ,2.9371573650151527E-4
layout program |layout program ,2.9371573650151527E-4
degree |degree ,2.9371573650151527E-4
issue |issue ,2.9371573650151527E-4
visual solution |visual solution |visual solutions ,2.9371573650151527E-4
document |document ,2.9371573650151527E-4
original file |original file ,2.9371573650151527E-4
en wikipedia |en wikipedia ,2.897320040535045E-4
scenery |scenery ,2.478199195684664E-4
specialized skill |specialized skills |specialized skill ,2.478199195684664E-4
personal computer |personal computers ,2.478199195684664E-4
illusion |illusion ,2.478199195684664E-4
shape |shapes ,2.478199195684664E-4
wikimedia common |Wikimedia Commons ,2.4144333671125375E-4
local link |local link ,2.4144333671125375E-4
book design |book design ,2.3872176337523166E-4
file size |file size ,2.3872176337523166E-4
dvd |DVD ,2.3872176337523166E-4
audience |audience ,2.3872176337523166E-4
microsoft publisher |Microsoft Publisher ,2.3872176337523166E-4
form |form ,2.3872176337523166E-4
profession |profession ,2.0881284814287424E-4
painting texture map |painting texture maps ,2.0881284814287424E-4
experiential graphic design v t e visualization |Experiential Graphic Design v t e Visualization ,2.0881284814287424E-4
colour |colour ,2.0881284814287424E-4
megg |Meggs ,2.0881284814287424E-4
director eduction element |director eduction elements ,2.0881284814287424E-4
broader meaning |broader meaning ,2.0881284814287424E-4
graphic design product |graphic design products ,2.0881284814287424E-4
clerical worker |clerical workers ,2.0881284814287424E-4
visual image |visual images ,2.0881284814287424E-4
edit comparison |edit Comparison ,2.0881284814287424E-4
graphic design deal |graphic design deals ,2.0881284814287424E-4
computer software development |computer software development ,2.0881284814287424E-4
cinematic production |cinematic production ,2.0881284814287424E-4
london underground |London Underground ,2.0881284814287424E-4
newer method |newer methods ,2.0881284814287424E-4
beveled effect |beveled effects ,2.0881284814287424E-4
products design |products designs ,2.0881284814287424E-4
publishing marketing |publishing marketing ,2.0881284814287424E-4
concept- |concept- ,2.0881284814287424E-4
document human experience |document human experience ,2.0881284814287424E-4
design consideration |design consideration ,2.0881284814287424E-4
design industry edit |design industry edit ,2.0881284814287424E-4
judgment |judgment ,2.0881284814287424E-4
logo or other artwork |logo or other artwork ,2.0881284814287424E-4
graphic art element |graphic art element ,2.0881284814287424E-4
foil stamping |foil stamping ,2.0881284814287424E-4
experiential graphic designer |Experiential graphic designers ,2.0881284814287424E-4
training |training ,2.0881284814287424E-4
latin-american graphic design |Latin-American Graphic Design ,2.0881284814287424E-4
aesthetic |aesthetics ,2.0881284814287424E-4
foundation |foundation ,2.0881284814287424E-4
graphic design institutions list |graphic design institutions List ,2.0881284814287424E-4
educational material |educational material ,2.0881284814287424E-4
knapp |Knapp ,2.0881284814287424E-4
member |members ,2.0881284814287424E-4
designer raymond loewy |designer Raymond Loewy ,2.0881284814287424E-4
crouch |Crouch ,2.0881284814287424E-4
windows movie maker |Windows Movie Maker ,2.0881284814287424E-4
animation architecture art direction communication design |Animation Architecture Art direction Communication design ,2.0881284814287424E-4
illustration photography animation |illustration photography animation ,2.0881284814287424E-4
humankind |humankind ,2.0881284814287424E-4
monotyping |monotyping ,2.0881284814287424E-4
expertise |expertise ,2.0881284814287424E-4
sequence |sequence ,2.0881284814287424E-4
electronic presentation |electronic presentations ,2.0881284814287424E-4
testing |testing ,2.0881284814287424E-4
buddhist scripture |Buddhist scripture ,2.0881284814287424E-4
pioneering program |pioneering program ,2.0881284814287424E-4
no emphasis |no emphasis ,2.0881284814287424E-4
printing edit main article |printing edit Main article ,2.0881284814287424E-4
elements theories principles practices and language |elements theories principles practices and languages ,2.0881284814287424E-4
designing |designing ,2.0881284814287424E-4
public installation |public installations ,2.0881284814287424E-4
photography or digital art |photography or digital art ,2.0881284814287424E-4
clarity and accuracy |clarity and accuracy ,2.0881284814287424E-4
woodcut |woodcuts ,2.0881284814287424E-4
film-based animation |film-based animation ,2.0881284814287424E-4
popular advertising |popular advertising ,2.0881284814287424E-4
single plate |single plate ,2.0881284814287424E-4
branding project |branding projects ,2.0881284814287424E-4
solid crisp line |solid crisp lines ,2.0881284814287424E-4
perspective |perspectives ,2.0881284814287424E-4
computer font |computer fonts ,2.0881284814287424E-4
creative domain |creative domains ,2.0881284814287424E-4
design rockism |Design Rockism ,2.0881284814287424E-4
textbook |Textbooks ,2.0881284814287424E-4
fabricator |fabricators ,2.0881284814287424E-4
stylized effect |stylized effects ,2.0881284814287424E-4
criticism |criticisms ,2.0881284814287424E-4
lifelike motion constraint |lifelike motion constraints ,2.0881284814287424E-4
original piece |original pieces ,2.0881284814287424E-4
sign |Sign ,2.0881284814287424E-4
poster design |poster design ,2.0881284814287424E-4
company identity |company identity ,2.0881284814287424E-4
fontographer software |Fontographer software ,2.0881284814287424E-4
tools edit |Tools edit ,2.0881284814287424E-4
convincing talent |convincing talents ,2.0881284814287424E-4
visual designer |visual designers ,2.0881284814287424E-4
end user interactivity |end user interactivity ,2.0881284814287424E-4
raster image processing |raster image processing ,2.0881284814287424E-4
ray |ray ,2.0881284814287424E-4
macromedia xre |Macromedia xRes ,2.0881284814287424E-4
farm references edit |farm References edit ,2.0881284814287424E-4
american book designer |American book designer ,2.0881284814287424E-4
newspaper story |newspaper story ,2.0881284814287424E-4
van nostrand reinhold |Van Nostrand Reinhold ,2.0881284814287424E-4
concerns and criticism |concerns and criticisms ,2.0881284814287424E-4
raw image format |Raw image format ,2.0881284814287424E-4
law |laws ,2.0881284814287424E-4
soviet constructivism |Soviet constructivism ,2.0881284814287424E-4
video editing software |video editing software ,2.0881284814287424E-4
decoration |decoration ,2.0881284814287424E-4
layer |layers ,2.0881284814287424E-4
geovisualization information visualization mathematical visualization medical |Geovisualization Information visualization Mathematical visualization Medical ,2.0881284814287424E-4
mass-produced minimalism |mass-produced minimalism ,2.0881284814287424E-4
line art |line art ,2.0881284814287424E-4
pizap |Pizap ,2.0881284814287424E-4
rome |Rome ,2.0881284814287424E-4
modern graphic design subfields edit |Modern graphic design subfields edit ,2.0881284814287424E-4
cadd |CADD ,2.0881284814287424E-4
final result |final result ,2.0881284814287424E-4
different time |different times ,2.0881284814287424E-4
concept map |concept maps ,2.0881284814287424E-4
important feature |important features ,2.0881284814287424E-4
computer-aided design |Computer-Aided Design ,2.0881284814287424E-4
help |help ,2.0881284814287424E-4
wild fire |wild fire ,2.0881284814287424E-4
respond |responds ,2.0881284814287424E-4
nondestructive image processing |nondestructive image processing ,2.0881284814287424E-4
computer graphics design education design principles and element |Computer graphics Design education Design principles and elements ,2.0881284814287424E-4
magazine article or advertisement |magazine article or advertisement ,2.0881284814287424E-4
great stylistic refinement |great stylistic refinement ,2.0881284814287424E-4
elements sign |elements signs ,2.0881284814287424E-4
strong portfolio |strong portfolio ,2.0881284814287424E-4
fiona mccarthy |Fiona McCarthy ,2.0881284814287424E-4
menu |menus ,2.0881284814287424E-4
following year |following years ,2.0881284814287424E-4
entry level production artist |entry level production artist ,2.0881284814287424E-4
important aspect |important aspect ,2.0881284814287424E-4
visual communication skill |visual communication skills ,2.0881284814287424E-4
information form |information form ,2.0881284814287424E-4
text layout and style |text layout and style ,2.0881284814287424E-4
verification |verification ,2.0881284814287424E-4
scene |scene ,2.0881284814287424E-4
software design |software design ,2.0881284814287424E-4
additional citation |additional citations ,2.0881284814287424E-4
newspaper |Newspapers ,2.0881284814287424E-4
printing call |Printing Calls ,2.0881284814287424E-4
structured page design |structured page design ,2.0881284814287424E-4
text layout |text layout ,2.0881284814287424E-4
edward johnston |Edward Johnston ,2.0881284814287424E-4
convention center |convention centers ,2.0881284814287424E-4
preexisting imagery |preexisting imagery ,2.0881284814287424E-4
journalists and photojournalist |journalists and photojournalists ,2.0881284814287424E-4
aegeanlinux desktop |AegeanLinux desktop ,2.0881284814287424E-4
environmental graphic design system |environmental graphic design systems ,2.0881284814287424E-4
dazzling neon |dazzling neons ,2.0881284814287424E-4
distance |distance ,2.0881284814287424E-4
sketch script or instruction |sketch script or instructions ,2.0881284814287424E-4
graphic design project |graphic design project ,2.0881284814287424E-4
discontinued software |discontinued software ,2.0881284814287424E-4
divergent task |divergent task ,2.0881284814287424E-4
advertisement |advertisement ,2.0881284814287424E-4
large scale physical installation |large scale physical installations ,2.0881284814287424E-4
exclude |Exclude ,2.0881284814287424E-4
unsourced material |Unsourced material ,2.0881284814287424E-4
branding publications magazines newspaper |branding publications magazines newspapers ,2.0881284814287424E-4
information designer |information designers ,2.0881284814287424E-4
identifying mark |identifying mark ,2.0881284814287424E-4
art copywriting creative direction design desktop |art Copywriting Creative direction Design Desktop ,2.0881284814287424E-4
portal wikimedia common |portal Wikimedia Commons ,2.0881284814287424E-4
wall street journal mention |Wall Street Journal Mention ,2.0881284814287424E-4
respected design practitioner |respected design practitioners ,2.0881284814287424E-4
photojournalist |photojournalists ,2.0881284814287424E-4
high-end |high-end ,2.0881284814287424E-4
compositor |compositors ,2.0881284814287424E-4
reference manual |reference manuals ,2.0881284814287424E-4
interoffice memorandum |interoffice memorandums ,2.0881284814287424E-4
world wide web |World Wide Web ,2.0881284814287424E-4
first significant reaction |first significant reaction ,2.0881284814287424E-4
reproduction |reproduction ,2.0881284814287424E-4
digital age |Digital Age ,2.0881284814287424E-4
furniture |furniture ,2.0881284814287424E-4
judgment and creativity |judgment and creativity ,2.0881284814287424E-4
graphics planet |Graphics Planet ,2.0881284814287424E-4
historical style |historical styles ,2.0881284814287424E-4
litigation |litigation ,2.0881284814287424E-4
visual languages and resource |visual languages and resources ,2.0881284814287424E-4
tool tools intellectual property organization |tool Tools Intellectual property Organizations ,2.0881284814287424E-4
opinion and fact |opinion and facts ,2.0881284814287424E-4
mesh |mesh ,2.0881284814287424E-4
product marketing |product marketing ,2.0881284814287424E-4
workshop |Workshop ,2.0881284814287424E-4
screenshot |screenshot ,2.0881284814287424E-4
computer graphics software open-source art |computer graphics software Open-source Art ,2.0881284814287424E-4
scroll |scrolls ,2.0881284814287424E-4
philosophy |philosophy ,2.0881284814287424E-4
environmental graphic design experiential graphic design |Environmental Graphic Design Experiential graphic design ,2.0881284814287424E-4
art craft and technique |art craft and techniques ,2.0881284814287424E-4
typography edit main article |Typography edit Main article ,2.0881284814287424E-4
goods and service |goods and services ,2.0881284814287424E-4
graphic designer or art director |graphic designer or art director ,2.0881284814287424E-4
faber and faber |Faber and Faber ,2.0881284814287424E-4
identity logos and branding publications magazines newspapers and book |identity logos and branding publications magazines newspapers and books ,2.0881284814287424E-4
en wikipedia org w index php title graphic |en wikipedia org w index php title Graphics ,2.0881284814287424E-4
static graphic |static graphics ,2.0881284814287424E-4
design museum exhibition |Design Museum Exhibition ,2.0881284814287424E-4
earliest graphics software application |earliest graphics software applications ,2.0881284814287424E-4
web performance optimization |web performance optimization ,2.0881284814287424E-4
die laser cutting |die laser cutting ,2.0881284814287424E-4
expansion |expansion ,2.0881284814287424E-4
data acquisition |data acquisition ,2.0881284814287424E-4
vector graphics language |vector graphics language ,2.0881284814287424E-4
influential citation |influential citation ,2.0881284814287424E-4
earliest known printed book |earliest known printed book ,2.0881284814287424E-4
kell |Kells ,2.0881284814287424E-4
mid-century modern design |mid-century modern design ,2.0881284814287424E-4
adddepth |AddDepth ,2.0881284814287424E-4
computer-aided engineering |computer-aided engineering ,2.0881284814287424E-4
contemporary graphic design |Contemporary Graphic Design ,2.0881284814287424E-4
visualizing concept |visualizing concepts ,2.0881284814287424E-4
computer science graph |computer science Graph ,2.0881284814287424E-4
task |Tasks ,2.0881284814287424E-4
visual information |visual information ,2.0881284814287424E-4
exploration and production |exploration and production ,2.0881284814287424E-4
specialized software package |Specialized software packages ,2.0881284814287424E-4
convergent task |convergent task ,2.0881284814287424E-4
type space and image |type space and image ,2.0881284814287424E-4
max bruinsma |max bruinsma ,2.0881284814287424E-4
designers design |Designers Design ,2.0881284814287424E-4
common example |common example ,2.0881284814287424E-4
movable type printing |movable type printing ,2.0881284814287424E-4
corel painter and photo-paint |Corel Painter and Photo-Paint ,2.0881284814287424E-4
cave |caves ,2.0881284814287424E-4
limited edition |limited edition ,2.0881284814287424E-4
vector or raster graphic |vector or raster graphics ,2.0881284814287424E-4
crafts movement |Crafts movement ,2.0881284814287424E-4
professional graphic design industry |professional graphic design industry ,2.0881284814287424E-4
digital photography |digital photography ,2.0881284814287424E-4
creative work jeff howe |creative work Jeff Howe ,2.0881284814287424E-4
traditional tool |traditional tools ,2.0881284814287424E-4
template |templates ,2.0881284814287424E-4
unfamiliar space |unfamiliar spaces ,2.0881284814287424E-4
complementary tools edit |Complementary tools edit ,2.0881284814287424E-4
drafting |Drafting ,2.0881284814287424E-4
computer-generated video |computer-generated video ,2.0881284814287424E-4
graphex |Graphex ,2.0881284814287424E-4
great exhibition |Great Exhibition ,2.0881284814287424E-4
computer-aided design and drafting |Computer-Aided Design and Drafting ,2.0881284814287424E-4
nick |Nick ,2.0881284814287424E-4
contemporary design practice |Contemporary design practice ,2.0881284814287424E-4
stock imagery |stock imagery ,2.0881284814287424E-4
favor |favor ,2.0881284814287424E-4
raster or vector graphic reading and editing method |raster or vector graphic reading and editing methods ,2.0881284814287424E-4
main job title |main job titles ,2.0881284814287424E-4
online branding |online branding ,2.0881284814287424E-4
sort |sort ,2.0881284814287424E-4
poser |Poser ,2.0881284814287424E-4
professional photographer |professional photographers ,2.0881284814287424E-4
visualization computer graphic |Visualization computer graphics ,2.0881284814287424E-4
desktoppub |desktoppub ,2.0881284814287424E-4
product or service |product or service ,2.0881284814287424E-4
interactive experience |interactive experience ,2.0881284814287424E-4
visual arts design edit main article |Visual arts design edit Main article ,2.0881284814287424E-4
universal art |Universal Arts ,2.0881284814287424E-4
united kingdom |United Kingdom ,2.0881284814287424E-4
artistic piece |Artistic pieces ,2.0881284814287424E-4
printed design |printed design ,2.0881284814287424E-4
stylized image development software edit image development professional |Stylized image development software edit Image development professionals ,2.0881284814287424E-4
sigma |Sigma ,2.0881284814287424E-4
hand-copied book |hand-copied books ,2.0881284814287424E-4
readability and legibility |Readability and legibility ,2.0881284814287424E-4
booming post-world war ii american economy |booming post-World War II American economy ,2.0881284814287424E-4
twentieth century design edit |Twentieth century design edit ,2.0881284814287424E-4
visual story telling |visual story telling ,2.0881284814287424E-4
multimedia development professional |Multimedia development professionals ,2.0881284814287424E-4
synthetic physical object |synthetic physical objects ,2.0881284814287424E-4
designing modern britain |Designing Modern Britain ,2.0881284814287424E-4
modern style |modern style ,2.0881284814287424E-4
animation and video editing software |animation and video editing software ,2.0881284814287424E-4
math |math ,2.0881284814287424E-4
accurate rotation |accurate rotation ,2.0881284814287424E-4
henry cole |Henry Cole ,2.0881284814287424E-4
great britain |Great Britain ,2.0881284814287424E-4
feeling |feeling ,2.0881284814287424E-4
production techniques citation |production techniques citation ,2.0881284814287424E-4
paul rand |Paul Rand ,2.0881284814287424E-4
strong competition |strong competition ,2.0881284814287424E-4
marketing professional |marketing professionals ,2.0881284814287424E-4
adobe premiere pro |Adobe Premiere Pro ,2.0881284814287424E-4
cartoon |cartoons ,2.0881284814287424E-4
blogs television |blogs television ,2.0881284814287424E-4
theories and diagram |theories and diagrams ,2.0881284814287424E-4
printmaking printmaking |Printmaking Printmaking ,2.0881284814287424E-4
good |goods ,2.0881284814287424E-4
web site visitor |web site visitor ,2.0881284814287424E-4
modernism |Modernism ,2.0881284814287424E-4
metal |metal ,2.0881284814287424E-4
accurate visual effect |accurate visual effects ,2.0881284814287424E-4
web site or software application |web site or software application ,2.0881284814287424E-4
computer systems design |computer systems design ,2.0881284814287424E-4
christopher |Christopher ,2.0881284814287424E-4
unique style |unique styles ,2.0881284814287424E-4
philip b |Philip B ,2.0881284814287424E-4
gilmour |Gilmour ,2.0881284814287424E-4
leadership management methods pattern research science strategy |leadership management methods pattern research science strategy ,2.0881284814287424E-4
printed material |printed material ,2.0881284814287424E-4
design service |design services ,2.0881284814287424E-4
graphic designer report |graphic designer reports ,2.0881284814287424E-4
graphical user interface gui |Graphical User Interface GUI ,2.0881284814287424E-4
case |case ,2.0881284814287424E-4
intellectual production |intellectual production ,2.0881284814287424E-4
jerry james |Jerry James ,2.0881284814287424E-4
national park service |National Park Service ,2.0881284814287424E-4
autodesk combustion |Autodesk Combustion ,2.0881284814287424E-4
best-known graphics program |best-known graphics programs ,2.0881284814287424E-4
typesetter |typesetters ,2.0881284814287424E-4
typefaces univer |typefaces Univers ,2.0881284814287424E-4
software developer |software developers ,2.0881284814287424E-4
cad |CAD ,2.0881284814287424E-4
live video |live video ,2.0881284814287424E-4
mathematical transformation |mathematical transformations ,2.0881284814287424E-4
fabric |fabrics ,2.0881284814287424E-4
early illuminated page |early illuminated pages ,2.0881284814287424E-4
specialized task |specialized tasks ,2.0881284814287424E-4
graphic design enhances transfer |graphic design enhances transfer ,2.0881284814287424E-4
similar fashion |similar fashion ,2.0881284814287424E-4
intricate modern magazine and catalogue layout |intricate modern magazine and catalogue layouts ,2.0881284814287424E-4
camera |camera ,2.0881284814287424E-4
reign |Reign ,2.0881284814287424E-4
approval |approval ,2.0881284814287424E-4
human anatomy |human anatomy ,2.0881284814287424E-4
special handling software |special handling software ,2.0881284814287424E-4
s column |s Column ,2.0881284814287424E-4
book form |book form ,2.0881284814287424E-4
additional references article |additional references Articles ,2.0881284814287424E-4
animation software |animation software ,2.0881284814287424E-4
mathematical calculation |mathematical calculations ,2.0881284814287424E-4
reliable source |reliable sources ,2.0881284814287424E-4
recent change |recent changes ,2.0881284814287424E-4
animator |animator ,2.0881284814287424E-4
julia |Julia ,2.0881284814287424E-4
clarity |clarity ,2.0881284814287424E-4
democratic form |democratic forms ,2.0881284814287424E-4
celebration |celebration ,2.0881284814287424E-4
person |person ,2.0881284814287424E-4
list list |list List ,2.0881284814287424E-4
engraving or etching |engraving or etching ,2.0881284814287424E-4
surface |surfaces ,2.0881284814287424E-4
in-house designer |in-house designers ,2.0881284814287424E-4
raffe |Raffe ,2.0881284814287424E-4
ken garland |Ken Garland ,2.0881284814287424E-4
hand eye coordination |hand eye coordination ,2.0881284814287424E-4
tideart v t e |TideArt v t e ,2.0881284814287424E-4
illustration photography animation or interactive design |illustration photography animation or interactive design ,2.0881284814287424E-4
web design and software design |web design and software design ,2.0881284814287424E-4
recent history |recent history ,2.0881284814287424E-4
digitization |Digitization ,2.0881284814287424E-4
user experience design edit |User experience design edit ,2.0881284814287424E-4
image quality |image quality ,2.0881284814287424E-4
jeremy wagstaff |Jeremy Wagstaff ,2.0881284814287424E-4
interactive tool |interactive tools ,2.0881284814287424E-4
manufacturability |manufacturability ,2.0881284814287424E-4
real-time computer graphics engine |real-time computer graphics engines ,2.0881284814287424E-4
structure and ethos |structure and ethos ,2.0881284814287424E-4
ideas and message |ideas and messages ,2.0881284814287424E-4
combination |combination ,2.0881284814287424E-4
computer technical skill |computer technical skills ,2.0881284814287424E-4
page layout edit main article |Page layout edit Main article ,2.0881284814287424E-4
applied art |Applied arts ,2.0881284814287424E-4
tunc dicit |Tunc dicit ,2.0881284814287424E-4
book segd |Book SEGD ,2.0881284814287424E-4
range |range ,2.0881284814287424E-4
assembly |assembly ,2.0881284814287424E-4
user or web site visitor |user or web site visitor ,2.0881284814287424E-4
ellen lupton |Ellen Lupton ,2.0881284814287424E-4
linocut |linocuts ,2.0881284814287424E-4
popular advertising and logo design |popular advertising and logo design ,2.0881284814287424E-4
picasa |Picasa ,2.0881284814287424E-4
air force |Air Force ,2.0881284814287424E-4
large public space |large public spaces ,2.0881284814287424E-4
milton glaser draws lecture |Milton Glaser Draws Lectures ,2.0881284814287424E-4
widespread acceptance |widespread acceptance ,2.0881284814287424E-4
intricate modern magazine |intricate modern magazine ,2.0881284814287424E-4
mind |mind ,2.0881284814287424E-4
formatting |formatting ,2.0881284814287424E-4
end |ends ,2.0881284814287424E-4
prop |props ,2.0881284814287424E-4
pre-existing material |pre-existing materials ,2.0881284814287424E-4
lithography |lithography ,2.0881284814287424E-4
currie |Currie ,2.0881284814287424E-4
large number |large number ,2.0881284814287424E-4
www crowdsource |www crowdsource ,2.0881284814287424E-4
apparel design |apparel design ,2.0881284814287424E-4
large project building team |large project building teams ,2.0881284814287424E-4
final cut pro |Final Cut Pro ,2.0881284814287424E-4
generalized image editor |generalized image editors ,2.0881284814287424E-4
arranging type |arranging type ,2.0881284814287424E-4
low end |low end ,2.0881284814287424E-4
web developer |web developers ,2.0881284814287424E-4
function |functions ,2.0881284814287424E-4
match moving software |Match moving software ,2.0881284814287424E-4
molecular graphics product visualization scientific visualization software |Molecular graphics Product visualization Scientific visualization Software ,2.0881284814287424E-4
interactive communication skill |interactive communication skills ,2.0881284814287424E-4
technical schematic |technical schematics ,2.0881284814287424E-4
commission photographers or illustrator |commission photographers or illustrators ,2.0881284814287424E-4
slower rate |slower rates ,2.0881284814287424E-4
term crowdsourcing |term Crowdsourcing ,2.0881284814287424E-4
news reporting |news reporting ,2.0881284814287424E-4
picture |pictures ,2.0881284814287424E-4
revolutionary russia |revolutionary Russia ,2.0881284814287424E-4
illustration technique |illustration techniques ,2.0881284814287424E-4
graphics software free application software |Graphics software Free application software ,2.0881284814287424E-4
mosaic |mosaic ,2.0881284814287424E-4
experiential graphic design edit |Experiential graphic design edit ,2.0881284814287424E-4
watercolor |watercolor ,2.0881284814287424E-4
graphics software or image editing software |graphics software or image editing software ,2.0881284814287424E-4
website graphics and elements signs and product packaging |website graphics and elements signs and product packaging ,2.0881284814287424E-4
communications consultant |communications consultants ,2.0881284814287424E-4
erik spiekermann |Erik Spiekermann ,2.0881284814287424E-4
graphics file format |graphics file formats ,2.0881284814287424E-4
european design award |European Design Awards ,2.0881284814287424E-4
mindshift |mindshift ,2.0881284814287424E-4
reversal |reversal ,2.0881284814287424E-4
stylization |stylization ,2.0881284814287424E-4
pictograph |pictographs ,2.0881284814287424E-4
respected design practitioners and thinker |respected design practitioners and thinkers ,2.0881284814287424E-4
addition |addition ,2.0881284814287424E-4
existing text and either preexisting imagery |existing text and either preexisting imagery ,2.0881284814287424E-4
intelligent design new product development philosophy |Intelligent design New product development Philosophy ,2.0881284814287424E-4
sketch script |sketch script ,2.0881284814287424E-4
individualistic art |individualistic art ,2.0881284814287424E-4
group |group ,2.0881284814287424E-4
rudy vanderlan |Rudy VanderLans ,2.0881284814287424E-4
diverse element |diverse elements ,2.0881284814287424E-4
recent explosion |recent explosion ,2.0881284814287424E-4
general image editing software |general image editing software ,2.0881284814287424E-4
bob gordon |Bob Gordon ,2.0881284814287424E-4
dtp associate |DTP Associate ,2.0881284814287424E-4
filmmaking |filmmaking ,2.0881284814287424E-4
specialized skill or technique |specialized skill or technique ,2.0881284814287424E-4
multiple technique |multiple techniques ,2.0881284814287424E-4
senior media creative |senior media creative ,2.0881284814287424E-4
search |search ,2.0881284814287424E-4
photo-paint |Photo-Paint ,2.0881284814287424E-4
government |government ,2.0881284814287424E-4
city planner |city planners ,2.0881284814287424E-4
software license |software license ,2.0881284814287424E-4
death |death ,2.0881284814287424E-4
rotoscope animation |rotoscope animations ,2.0881284814287424E-4
emigration |emigration ,2.0881284814287424E-4
macromedia matisse |Macromedia Matisse ,2.0881284814287424E-4
blind embossing |blind embossing ,2.0881284814287424E-4
corporate identity and branding project |corporate identity and branding projects ,2.0881284814287424E-4
adbuster |Adbusters ,2.0881284814287424E-4
introduction |introduction ,2.0881284814287424E-4
blurring distinction |blurring distinction ,2.0881284814287424E-4
existing text |existing text ,2.0881284814287424E-4
zinc |zinc ,2.0881284814287424E-4
charlotte and fiell |Charlotte and Fiell ,2.0881284814287424E-4
catalogue layout |catalogue layouts ,2.0881284814287424E-4
imagination |imagination ,2.0881284814287424E-4
l szl moholy-nagy |L szl Moholy-Nagy ,2.0881284814287424E-4
brand development |brand development ,2.0881284814287424E-4
college-level education |college-level education ,2.0881284814287424E-4
digital fusion |Digital Fusion ,2.0881284814287424E-4
visual presentation and layout |visual presentation and layout ,2.0881284814287424E-4
sync |sync ,2.0881284814287424E-4
graphic design documentary |Graphic Design Documentary ,2.0881284814287424E-4
design logo |Design Logos ,2.0881284814287424E-4
book structure |book structure ,2.0881284814287424E-4
copper or zinc |copper or zinc ,2.0881284814287424E-4
illuminated manuscript |illuminated manuscripts ,2.0881284814287424E-4
hyperrealistic effects edit |Hyperrealistic effects edit ,2.0881284814287424E-4
additional reference |additional references ,2.0881284814287424E-4
products and element |products and elements ,2.0881284814287424E-4
living |living ,2.0881284814287424E-4
advanced feature |advanced features ,2.0881284814287424E-4
digital graphic design |Digital Graphic Design ,2.0881284814287424E-4
background |background ,2.0881284814287424E-4
en wikipedia org w index php title category |en wikipedia org w index php title Category ,2.0881284814287424E-4
print advertisement |print advertisements ,2.0881284814287424E-4
expression |expression ,2.0881284814287424E-4
strong critique |strong critiques ,2.0881284814287424E-4
studio |studios ,2.0881284814287424E-4
software attempt |software attempts ,2.0881284814287424E-4
major force |major forces ,2.0881284814287424E-4
newer methods or integration |newer methods or integration ,2.0881284814287424E-4
commercial writer |commercial writers ,2.0881284814287424E-4
virtual testing |virtual testing ,2.0881284814287424E-4
herbert bayer |Herbert Bayer ,2.0881284814287424E-4
stone |stone ,2.0881284814287424E-4
color or symbol |color or symbol ,2.0881284814287424E-4
final design |final design ,2.0881284814287424E-4
jan tschichold |Jan Tschichold ,2.0881284814287424E-4
automated rendering mode |automated rendering modes ,2.0881284814287424E-4
benefactor or client |benefactor or client ,2.0881284814287424E-4
active colour |active colours ,2.0881284814287424E-4
buddhist text |Buddhist texts ,2.0881284814287424E-4
raster or vector graphic reading |raster or vector graphic reading ,2.0881284814287424E-4
obsolescence |obsolescence ,2.0881284814287424E-4
vector graphic editor |Vector graphic editors ,2.0881284814287424E-4
etching |etching ,2.0881284814287424E-4
opinion |opinion ,2.0881284814287424E-4
median pay |median pay ,2.0881284814287424E-4
stylized image development |stylized image development ,2.0881284814287424E-4
software or open source software |software or open source software ,2.0881284814287424E-4
generalized application |generalized applications ,2.0881284814287424E-4
strictly |strictly ,2.0881284814287424E-4
graphic design occupations graphic design career path |Graphic design occupations Graphic design career paths ,2.0881284814287424E-4
general graphic editor |general graphic editors ,2.0881284814287424E-4
rohdesign |Rohdesign ,2.0881284814287424E-4
measurement |measurements ,2.0881284814287424E-4
loosewireblog |Loosewireblog ,2.0881284814287424E-4
list desktop publishing description |list Desktop publishing description ,2.0881284814287424E-4
billboard |billboards ,2.0881284814287424E-4
closing credit |closing credits ,2.0881284814287424E-4
organic growth |organic growth ,2.0881284814287424E-4
public relation |public relations ,2.0881284814287424E-4
traditional design |traditional designs ,2.0881284814287424E-4
elements theories principles practice |elements theories principles practices ,2.0881284814287424E-4
clothing |clothing ,2.0881284814287424E-4
basic graphic design tool |basic graphic design tools ,2.0881284814287424E-4
large amount |large amounts ,2.0881284814287424E-4
universal palette |universal palette ,2.0881284814287424E-4
product lifecycle management |product lifecycle management ,2.0881284814287424E-4
magazine article |magazine article ,2.0881284814287424E-4
reasonable layout |reasonable layout ,2.0881284814287424E-4
integration |integration ,2.0881284814287424E-4
private press movement |Private Press movement ,2.0881284814287424E-4
image editing software |image editing software ,2.0881284814287424E-4
single original surface |single original surface ,2.0881284814287424E-4
discipline |discipline ,2.0881284814287424E-4
lascaux |Lascaux ,2.0881284814287424E-4
parallel |parallel ,2.0881284814287424E-4
major page layout program |major page layout programs ,2.0881284814287424E-4
point size |point size ,2.0881284814287424E-4
graphic wayfinding signage system |Graphic wayfinding signage systems ,2.0881284814287424E-4
game |games ,2.0881284814287424E-4
thinker |thinkers ,2.0881284814287424E-4
methodology |methodology ,2.0881284814287424E-4
printmaking edit main article |Printmaking edit Main article ,2.0881284814287424E-4
common type |Common types ,2.0881284814287424E-4
wysiwyg user interface |WYSIWYG user interfaces ,2.0881284814287424E-4
precise handling |precise handling ,2.0881284814287424E-4
type glyph |Type glyphs ,2.0881284814287424E-4
specialized occupation |specialized occupation ,2.0881284814287424E-4
growth |growth ,2.0881284814287424E-4
entertainment purpose |entertainment purposes ,2.0881284814287424E-4
employment |Employment ,2.0881284814287424E-4
layout or interface |layout or interface ,2.0881284814287424E-4
concern |concerns ,2.0881284814287424E-4
unique original piece |unique original piece ,2.0881284814287424E-4
computer art graphics software |Computer art Graphics software ,2.0881284814287424E-4
environmental condition |environmental conditions ,2.0881284814287424E-4
hand-rendering style |hand-rendering styles ,2.0881284814287424E-4
pioneer designer |pioneer designer ,2.0881284814287424E-4
humanist |Humanist ,2.0881284814287424E-4
peter editor |Peter editors ,2.0881284814287424E-4
fabric plate |fabric plates ,2.0881284814287424E-4
josef m ller-brockmann |Josef M ller-Brockmann ,2.0881284814287424E-4
lucrative business |lucrative business ,2.0881284814287424E-4
cgsociety |CGSociety ,2.0881284814287424E-4
typography web graphic design related topic |Typography Web graphic design Related topics ,2.0881284814287424E-4
analytic thinking |analytic thinking ,2.0881284814287424E-4
visual representation |visual representation ,2.0881284814287424E-4
chicago good design award |Chicago Good Design Awards ,2.0881284814287424E-4
environmental graphic |environmental graphics ,2.0881284814287424E-4
victorian design |Victorian design ,2.0881284814287424E-4
creative work |Creative work ,2.0881284814287424E-4
typography typography |Typography Typography ,2.0881284814287424E-4
single print |single print ,2.0881284814287424E-4
multiple images game development tool game engine level editor |multiple images Game development tool Game engine Level editor ,2.0881284814287424E-4
multimedia development software edit |Multimedia development software edit ,2.0881284814287424E-4
metacreations detailer |MetaCreations Detailer ,2.0881284814287424E-4
committee |committee ,2.0881284814287424E-4
main job responsibility |main job responsibility ,2.0881284814287424E-4
environmental graphics pioneer |Environmental Graphics Pioneer ,2.0881284814287424E-4
modern time |modern times ,2.0881284814287424E-4
interesting way |interesting ways ,2.0881284814287424E-4
desktop publishing |desktop publishing ,2.0881284814287424E-4
design history oxford university press |Design History Oxford University Press ,2.0881284814287424E-4
art craft |art craft ,2.0881284814287424E-4
gap |gap ,2.0881284814287424E-4
money investment |money investment ,2.0881284814287424E-4
subject |subjects ,2.0881284814287424E-4
presidential seal |presidential seal ,2.0881284814287424E-4
notable name |Notable names ,2.0881284814287424E-4
constraint |constraints ,2.0881284814287424E-4
interface service or product |interface service or product ,2.0881284814287424E-4
purely photorealistic image |purely photorealistic images ,2.0881284814287424E-4
entertainment industry |entertainment industry ,2.0881284814287424E-4
customer software |customer software ,2.0881284814287424E-4
el lissitzky |El Lissitzky ,2.0881284814287424E-4
obsession |obsession ,2.0881284814287424E-4
information design |information design ,2.0881284814287424E-4
postscript file |PostScript files ,2.0881284814287424E-4
museum display |museum displays ,2.0881284814287424E-4
search graphic symbol |search Graphic symbols ,2.0881284814287424E-4
corporate identity development |corporate identity development ,2.0881284814287424E-4
non-photorealistic rendering vector editor |Non-photorealistic rendering Vector editors ,2.0881284814287424E-4
physic |physics ,2.0881284814287424E-4
silk-road |Silk-road ,2.0881284814287424E-4
important graphic design tool |important graphic design tool ,2.0881284814287424E-4
early twentieth century graphic design |early twentieth century graphic design ,2.0881284814287424E-4
critical observational quantitative |Critical observational quantitative ,2.0881284814287424E-4
livery |livery ,2.0881284814287424E-4
stale state |stale state ,2.0881284814287424E-4
item |items ,2.0881284814287424E-4
source code |source code ,2.0881284814287424E-4
screen-printing |screen-printing ,2.0881284814287424E-4
bachelor s degree |Bachelor s degree ,2.0881284814287424E-4
visual language |visual languages ,2.0881284814287424E-4
digital environment |digital environments ,2.0881284814287424E-4
adobe indesign |Adobe InDesign ,2.0881284814287424E-4
visual culture |visual culture ,2.0881284814287424E-4
computer-aided architectural design |Computer-aided architectural design ,2.0881284814287424E-4
identifying mark or trade |identifying mark or trade ,2.0881284814287424E-4
bauhaus typographer |Bauhaus typographers ,2.0881284814287424E-4
legibility |legibility ,2.0881284814287424E-4
taborda |Taborda ,2.0881284814287424E-4
phrase |phrase ,2.0881284814287424E-4
product or idea |product or idea ,2.0881284814287424E-4
critical observational quantitative and analytic thinking |Critical observational quantitative and analytic thinking ,2.0881284814287424E-4
product package |product package ,2.0881284814287424E-4
stronger user base |stronger user base ,2.0881284814287424E-4
apophysis software |Apophysis software ,2.0881284814287424E-4
maggie gordon |Maggie Gordon ,2.0881284814287424E-4
ink |ink ,2.0881284814287424E-4
textile |textiles ,2.0881284814287424E-4
flag |flag ,2.0881284814287424E-4
manufacture |Manufactures ,2.0881284814287424E-4
aldus manutiu |Aldus Manutius ,2.0881284814287424E-4
text or image |text or image ,2.0881284814287424E-4
gocr gphoto graphics layout engine graphicsmagick h hugin software |GOCR GPhoto Graphics Layout Engine GraphicsMagick H Hugin software ,2.0881284814287424E-4
program or collection |program or collection ,2.0881284814287424E-4
scope |scope ,2.0881284814287424E-4
copper |copper ,2.0881284814287424E-4
modifying type glyph |modifying type glyphs ,2.0881284814287424E-4
adobe illustrator |Adobe Illustrator ,2.0881284814287424E-4
needed tschichold |needed Tschichold ,2.0881284814287424E-4
lasting and democratic form |lasting and democratic forms ,2.0881284814287424E-4
graphic design community |graphic design community ,2.0881284814287424E-4
felipe editor |Felipe editors ,2.0881284814287424E-4
japan |Japan ,2.0881284814287424E-4
adrian frutiger |Adrian Frutiger ,2.0881284814287424E-4
exhibition |exhibitions ,2.0881284814287424E-4
decorated text |Decorated text ,2.0881284814287424E-4
useles |useless ,2.0881284814287424E-4
overlapping skill |overlapping skills ,2.0881284814287424E-4
creative spectrum |creative spectrum ,2.0881284814287424E-4
visual art skill |visual art skills ,2.0881284814287424E-4
practice area |practice areas ,2.0881284814287424E-4
user interaction |user interaction ,2.0881284814287424E-4
silk road foundation |Silk Road Foundation ,2.0881284814287424E-4
design layouts and rendering |design layouts and rendering ,2.0881284814287424E-4
long history |Long History ,2.0881284814287424E-4
visual element |visual elements ,2.0881284814287424E-4
adobe citation |Adobe citation ,2.0881284814287424E-4
modern industrial technology |modern industrial technology ,2.0881284814287424E-4
greater |greater ,2.0881284814287424E-4
handicraft texture |handicraft textures ,2.0881284814287424E-4
modern computer |modern computer ,2.0881284814287424E-4
editing program |editing programs ,2.0881284814287424E-4
visual communication and communication design |visual communication and communication design ,2.0881284814287424E-4
build environment |build environment ,2.0881284814287424E-4
emigre essay |Emigre Essays ,2.0881284814287424E-4
finite element analysis |Finite element analysis ,2.0881284814287424E-4
linoleum |linoleum ,2.0881284814287424E-4
modern architecture and design |modern architecture and design ,2.0881284814287424E-4
nature |nature ,2.0881284814287424E-4
stylistic device |stylistic devices ,2.0881284814287424E-4
signature |signatures ,2.0881284814287424E-4
stained glass |stained glass ,2.0881284814287424E-4
widespread acceptance and application |widespread acceptance and application ,2.0881284814287424E-4
burlap canvas |burlap canvas ,2.0881284814287424E-4
computer-aided design editors list |computer-aided design editors List ,2.0881284814287424E-4
paste-up |paste-up ,2.0881284814287424E-4
price |prices ,2.0881284814287424E-4
trademark |Trademarks ,2.0881284814287424E-4
advertising and packaging |advertising and packaging ,2.0881284814287424E-4
ethos |ethos ,2.0881284814287424E-4
goal differ |goal differs ,2.0881284814287424E-4
airport wayfinding system |airport wayfinding systems ,2.0881284814287424E-4
mosaic effect |mosaic effects ,2.0881284814287424E-4
thoughtful composition |thoughtful compositions ,2.0881284814287424E-4
conversion |conversion ,2.0881284814287424E-4
modern architecture |modern architecture ,2.0881284814287424E-4
presentation e g |presentation e g ,2.0881284814287424E-4
toads retrieved |Toads Retrieved ,2.0881284814287424E-4
collection |collection ,2.0881284814287424E-4
art nouveau |Art Nouveau ,2.0881284814287424E-4
interface service |interface service ,2.0881284814287424E-4
image placement |image placement ,2.0881284814287424E-4
field requirement |field requirements ,2.0881284814287424E-4
icon design |icon design ,2.0881284814287424E-4
t-shirt |T-shirts ,2.0881284814287424E-4
cross-disciplinary collaborative process |cross-disciplinary collaborative process ,2.0881284814287424E-4
lay user |lay users ,2.0881284814287424E-4
ability |ability ,2.0881284814287424E-4
scratch |scratch ,2.0881284814287424E-4
matrix |matrix ,2.0881284814287424E-4
dtp associate or graphic artist |DTP Associate or Graphic Artist ,2.0881284814287424E-4
history edit |History edit ,2.0881284814287424E-4
visual presentation |visual presentation ,2.0881284814287424E-4
cyan form |cyan forms ,2.0881284814287424E-4
list presentation software description |list Presentation software description ,2.0881284814287424E-4
artifact |artifacts ,2.0881284814287424E-4
fact |facts ,2.0881284814287424E-4
burlap canvas or handicraft texture |burlap canvas or handicraft textures ,2.0881284814287424E-4
preference |preference ,2.0881284814287424E-4
website graphic |website graphics ,2.0881284814287424E-4
essence |essence ,2.0881284814287424E-4
machinima |machinima ,2.0881284814287424E-4
page title |page title ,2.0881284814287424E-4
candidate |candidates ,2.0881284814287424E-4
st martins press |St Martins Press ,2.0881284814287424E-4
caslon lettering |Caslon lettering ,2.0881284814287424E-4
exploration |exploration ,2.0881284814287424E-4
european minimalism |European minimalism ,2.0881284814287424E-4
free-lance designer |free-lance designers ,2.0881284814287424E-4
classic design example |classic design example ,2.0881284814287424E-4
charlotte |Charlotte ,2.0881284814287424E-4
branded environment |branded environments ,2.0881284814287424E-4
custom hardware solution |custom hardware solutions ,2.0881284814287424E-4
stylization and presentation |stylization and presentation ,2.0881284814287424E-4
external link |External links ,2.0881284814287424E-4
popular open source alternative |popular open source alternative ,2.0881284814287424E-4
type design |type design ,2.0881284814287424E-4
graphic design page |graphic design Page ,2.0881284814287424E-4
impression |impression ,2.0881284814287424E-4
multimedia development |multimedia development ,2.0881284814287424E-4
nineteenth-century graphic design |nineteenth-century graphic design ,2.0881284814287424E-4
product packaging |product packaging ,2.0881284814287424E-4
vector graphics editors graphics hardware list |vector graphics editors Graphics hardware List ,2.0881284814287424E-4
vector graphics animation |Vector graphics animation ,2.0881284814287424E-4
architect |architects ,2.0881284814287424E-4
historicism |historicism ,2.0881284814287424E-4
comic book |comic books ,2.0881284814287424E-4
commission photographer |commission photographers ,2.0881284814287424E-4
programs and prop |programs and props ,2.0881284814287424E-4
trade |trade ,2.0881284814287424E-4
motion visual effect |motion visual effects ,2.0881284814287424E-4
raster graphics animation |Raster graphics animation ,2.0881284814287424E-4
geography |geography ,2.0881284814287424E-4
convergent or divergent |convergent or divergent ,2.0881284814287424E-4
audio motion |audio motion ,2.0881284814287424E-4
instruction |instructions ,2.0881284814287424E-4
creative work ccw |creative work CCW ,2.0881284814287424E-4
stock imagery or photography |stock imagery or photography ,2.0881284814287424E-4
modern typography |modern typography ,2.0881284814287424E-4
interactivity |interactivity ,2.0881284814287424E-4
icon |Icons ,2.0881284814287424E-4
aesthetics adobe photoshop color theory composition visual art |Aesthetics Adobe Photoshop Color theory Composition visual arts ,2.0881284814287424E-4
principal pioneer |principal pioneers ,2.0881284814287424E-4
specialized graphic format |specialized graphic format ,2.0881284814287424E-4
technical illustrator |technical illustrators ,2.0881284814287424E-4
software development |software development ,2.0881284814287424E-4
website wireframe intellectual property community design design |Website wireframe Intellectual property Community design Design ,2.0881284814287424E-4
johann gutenberg |Johann Gutenberg ,2.0881284814287424E-4
creation tool |creation tools ,2.0881284814287424E-4
first book |first book ,2.0881284814287424E-4
image viewer |image viewers ,2.0881284814287424E-4
interface design edit main article |Interface design edit Main article ,2.0881284814287424E-4
intuitivenes |intuitiveness ,2.0881284814287424E-4
tracy |Tracy ,2.0881284814287424E-4
design education |design education ,2.0881284814287424E-4
wood block |wood blocks ,2.0881284814287424E-4
pure design element |pure design elements ,2.0881284814287424E-4
employment rate |employment rates ,2.0881284814287424E-4
shake |Shake ,2.0881284814287424E-4
ginza |Ginza ,2.0881284814287424E-4
bibliography edit fiell |Bibliography edit Fiell ,2.0881284814287424E-4
continuous movement |continuous movement ,2.0881284814287424E-4
airport |airports ,2.0881284814287424E-4
place-holder graphic |place-holder graphics ,2.0881284814287424E-4
computer graphics design education design principle |Computer graphics Design education Design principles ,2.0881284814287424E-4
layout and formatting |layout and formatting ,2.0881284814287424E-4
journalist |journalists ,2.0881284814287424E-4
creative computer tool |Creative Computer Tools ,2.0881284814287424E-4
no category |no category ,2.0881284814287424E-4
buildings and space |buildings and space ,2.0881284814287424E-4
software edit list |Software edit List ,2.0881284814287424E-4
vector graphic reading and editing method |vector graphic reading and editing methods ,2.0881284814287424E-4
obtain |obtains ,2.0881284814287424E-4
rick poynor |Rick Poynor ,2.0881284814287424E-4
theater set |theater sets ,2.0881284814287424E-4
position |positions ,2.0881284814287424E-4
benefactor |benefactor ,2.0881284814287424E-4
planet website |planet website ,2.0881284814287424E-4
first official publication |first official publication ,2.0881284814287424E-4
gimp |GIMP ,2.0881284814287424E-4
applications edit |Applications edit ,2.0881284814287424E-4
occupations edit main article |Occupations edit Main article ,2.0881284814287424E-4
america |Americas ,2.0881284814287424E-4
engraving |engraving ,2.0881284814287424E-4
severe yet accessible manner |severe yet accessible manner ,2.0881284814287424E-4
industries association design council international forum design |Industries Association Design Council International Forum Design ,2.0881284814287424E-4
leading line spacing |leading line spacing ,2.0881284814287424E-4
publications and marketing |publications and marketing ,2.0881284814287424E-4
western publication design |western publication design ,2.0881284814287424E-4
final composition |final composition ,2.0881284814287424E-4
editor software |editor software ,2.0881284814287424E-4
readability |Readability ,2.0881284814287424E-4
type space |type space ,2.0881284814287424E-4
specific character |specific characters ,2.0881284814287424E-4
access |access ,2.0881284814287424E-4
materials or surface |materials or surfaces ,2.0881284814287424E-4
visual instruction |visual instructions ,2.0881284814287424E-4
design and manufacture |Design and Manufactures ,2.0881284814287424E-4
maxbruinsma nl |Maxbruinsma nl ,2.0881284814287424E-4
non-design oriented organization |non-design oriented organizations ,2.0881284814287424E-4
environmental graphic designer |environmental graphic designers ,2.0881284814287424E-4
physical object |physical objects ,2.0881284814287424E-4
metropolis |Metropolis ,2.0881284814287424E-4
composite the video using program |composite the video using programs ,2.0881284814287424E-4
develop drawing |Develop Drawings ,2.0881284814287424E-4
lasting |lasting ,2.0881284814287424E-4
operating system |operating system ,2.0881284814287424E-4
utilitarian purpose |utilitarian purposes ,2.0881284814287424E-4
woodcut ink effect |woodcut ink effects ,2.0881284814287424E-4
corel painter |Corel Painter ,2.0881284814287424E-4
german bauhaus school |German Bauhaus school ,2.0881284814287424E-4
identity logo |identity logos ,2.0881284814287424E-4
bryce |Bryce ,2.0881284814287424E-4
technical graphic software edit |Technical graphic software edit ,2.0881284814287424E-4
open source software |open source software ,2.0881284814287424E-4
adobe flash |Adobe Flash ,2.0881284814287424E-4
turner |Turner ,2.0881284814287424E-4
class |class ,2.0881284814287424E-4
lack |lack ,2.0881284814287424E-4
type text |type text ,2.0881284814287424E-4
effective visual communication |effective visual communication ,2.0881284814287424E-4
different title |different titles ,2.0881284814287424E-4
market |market ,2.0881284814287424E-4
modern era |modern era ,2.0881284814287424E-4
importance |importance ,2.0881284814287424E-4
manufacturer |manufacturers ,2.0881284814287424E-4
visual message |visual messages ,2.0881284814287424E-4
word |words ,2.0881284814287424E-4
rest |rest ,2.0881284814287424E-4
communication design |communication design ,2.0881284814287424E-4
uniquely american approach |uniquely American approach ,2.0881284814287424E-4
view art |view art ,2.0881284814287424E-4
art design |Art Design ,2.0881284814287424E-4
different sphere |different spheres ,2.0881284814287424E-4
object |objects ,2.0881284814287424E-4
scientific journal |scientific journals ,2.0881284814287424E-4
mind-mapping software |mind-mapping software ,2.0881284814287424E-4
solution e g |solution e g ,2.0881284814287424E-4
expression and feeling |expression and feeling ,2.0881284814287424E-4
digital art |digital art ,2.0881284814287424E-4
painting or drawing |Painting or drawing ,2.0881284814287424E-4
baker |Baker ,2.0881284814287424E-4
visual arts portal related areas edit |Visual arts portal Related areas edit ,2.0881284814287424E-4
separation |separation ,2.0881284814287424E-4
computer-aided manufacturing |computer-aided manufacturing ,2.0881284814287424E-4
scrolls and book |scrolls and books ,2.0881284814287424E-4
multimedia design |multimedia design ,2.0881284814287424E-4
specialized graphic format handling edit |Specialized graphic format handling edit ,2.0881284814287424E-4
fauve matisse |Fauve Matisse ,2.0881284814287424E-4
road sign |road signs ,2.0881284814287424E-4
wikidata |Wikidata ,1.937711823984199E-4
content |Contents ,1.937711823984199E-4
raster graphics editors list |raster graphics editors List ,1.858649396763498E-4
creative professional |creative professionals ,1.858649396763498E-4
vector graphics editors list |vector graphics editors List ,1.858649396763498E-4
typical u s graphic design job |typical U S graphic design jobs ,1.4685786825075763E-4
asset |asset ,1.4685786825075763E-4
fonts and image |fonts and images ,1.4685786825075763E-4
acetate sleeve |Acetate sleeves ,1.4685786825075763E-4
printing including |printing including ,1.4685786825075763E-4
time-based |time-based ,1.4685786825075763E-4
differentiate other cattle |differentiate other cattle ,1.4685786825075763E-4
degree or certificate |degree or certificate ,1.4685786825075763E-4
increasingly computer |increasingly computer ,1.4685786825075763E-4
hot iron symbol |hot iron symbol ,1.4685786825075763E-4
computer occupation |Computer occupations ,1.4685786825075763E-4
career portfolio edit |Career portfolio edit ,1.4685786825075763E-4
media channel |media channel ,1.4685786825075763E-4
press-ready artwork |press-ready artwork ,1.4685786825075763E-4
visual communication problems or challenge |visual communication problems or challenges ,1.4685786825075763E-4
photo |photos ,1.4685786825075763E-4
communications problem |communications problem ,1.4685786825075763E-4
iterative prototyping |Iterative prototyping ,1.4685786825075763E-4
social |social ,1.4685786825075763E-4
rendering method |rendering methods ,1.4685786825075763E-4
time-based and interactive media film |time-based and interactive media film ,1.4685786825075763E-4
corporate quality |corporate quality ,1.4685786825075763E-4
working file |working file ,1.4685786825075763E-4
success or failure |success or failure ,1.4685786825075763E-4
branding edit graphic design |Branding edit Graphic design ,1.4685786825075763E-4
desktop publishing artist |desktop publishing artist ,1.4685786825075763E-4
jessica helfand |Jessica Helfand ,1.4685786825075763E-4
photoshop or illustrator |Photoshop or Illustrator ,1.4685786825075763E-4
adobe creative suite |Adobe Creative Suite ,1.4685786825075763E-4
website designer |website designer ,1.4685786825075763E-4
qualifications edit |Qualifications edit ,1.4685786825075763E-4
visual communication problem |visual communication problems ,1.4685786825075763E-4
web designer |web designer ,1.4685786825075763E-4
photos and graphic |photos and graphics ,1.4685786825075763E-4
challenge |challenges ,1.4685786825075763E-4
prospective client |prospective clients ,1.4685786825075763E-4
failure |failure ,1.4685786825075763E-4
email |email ,1.4685786825075763E-4
graphic design position |graphic design position ,1.4685786825075763E-4
layout or design |layout or design ,1.4685786825075763E-4
current graphic designer job |Current graphic designer jobs ,1.4685786825075763E-4
degree program |Degree programs ,1.4685786825075763E-4
production and rendering method |production and rendering methods ,1.4685786825075763E-4
accredited trade school |accredited trade school ,1.4685786825075763E-4
corporation |corporation ,1.4685786825075763E-4
certificate |certificate ,1.4685786825075763E-4
technologies and method |technologies and methods ,1.4685786825075763E-4
graphic design and graphic arts industry |graphic design and graphic arts industry ,1.4685786825075763E-4
potential approach |potential approaches ,1.4685786825075763E-4
motion graphic |motion graphics ,1.4685786825075763E-4
typesetting |typesetting ,1.4685786825075763E-4
folder |folder ,1.4685786825075763E-4
relevant understandable and effective |relevant understandable and effective ,1.4685786825075763E-4
graphic arts industry |graphic arts industry ,1.4685786825075763E-4
booklet |booklets ,1.4685786825075763E-4
quarkxpress or coreldraw |QuarkXpress or CorelDRAW ,1.4685786825075763E-4
graphic designers mood board references edit |graphic designers Mood board References edit ,1.4685786825075763E-4
cultural norm |cultural norms ,1.4685786825075763E-4
output |Output ,1.4685786825075763E-4
user testing |user testing ,1.4685786825075763E-4
basic web programming script |basic web programming scripts ,1.4685786825075763E-4
couple |couple ,1.4685786825075763E-4
inch |inch ,1.4685786825075763E-4
simple logo |simple logo ,1.4685786825075763E-4
maxim shamir occupation names creative director |Maxim Shamir Occupation Names creative director ,1.4685786825075763E-4
communications issue |communications issue ,1.4685786825075763E-4
job interview |job interviews ,1.4685786825075763E-4
art history related jobs production artist |art history Related jobs production artist ,1.4685786825075763E-4
aas ba bfa bca mfa |AAS BA BFA BCA MFA ,1.4685786825075763E-4
microsoft word |Microsoft Word ,1.4685786825075763E-4
graphic design software program |graphic design software programs ,1.4685786825075763E-4
hot iron symbol or logo |hot iron symbol or logo ,1.4685786825075763E-4
internet |Internet ,1.4685786825075763E-4
collect |Collect ,1.4685786825075763E-4
employer |employers ,1.4685786825075763E-4
fifty year |Fifty years ,1.4685786825075763E-4
understanding |understanding ,1.4685786825075763E-4
large multiple page layout |large multiple page layouts ,1.4685786825075763E-4
fraction |fraction ,1.4685786825075763E-4
webcomic |webcomic ,1.4685786825075763E-4
persona |persona ,1.4685786825075763E-4
commercialized industry |commercialized industry ,1.4685786825075763E-4
primary qualification |primary qualifications ,1.4685786825075763E-4
board |boards ,1.4685786825075763E-4
iterative prototyping and user testing |Iterative prototyping and user testing ,1.4685786825075763E-4
fashion |fashion ,1.4685786825075763E-4
proficiency |proficiency ,1.4685786825075763E-4
primary method |primary method ,1.4685786825075763E-4
final output |final output ,1.4685786825075763E-4
computer multimedia |computer multimedia ,1.4685786825075763E-4
professional |professional ,1.4685786825075763E-4
accessible |accessible ,1.4685786825075763E-4
commercial printing company |commercial printing company ,1.4685786825075763E-4
interactive media film |interactive media film ,1.4685786825075763E-4
b nasad competencies summary |b NASAD Competencies Summary ,1.4685786825075763E-4
graphic design occupations list |Graphic design occupations List ,1.4685786825075763E-4
catalog |catalogs ,1.4685786825075763E-4
search graphic designer graphic designers gabriel |search Graphic Designer Graphic designers Gabriel ,1.4685786825075763E-4
career history |career history ,1.4685786825075763E-4
black book |black book ,1.4685786825075763E-4
coreldraw graphics suite |CorelDraw Graphics Suite ,1.4685786825075763E-4
printed piece |Printed pieces ,1.4685786825075763E-4
instance |instances ,1.4685786825075763E-4
print designer |print designer ,1.4685786825075763E-4
mphil phd |MPhil PhD ,1.4685786825075763E-4
xml |XML ,1.4685786825075763E-4
social and cultural norm |social and cultural norms ,1.4685786825075763E-4
layout document |layout document ,1.4685786825075763E-4
common software package |common software package ,1.4685786825075763E-4
institution |institution ,1.4685786825075763E-4
animal |animal ,1.4685786825075763E-4
published printed |published printed ,1.4685786825075763E-4
html |HTML ,1.4685786825075763E-4
success |success ,1.4685786825075763E-4
exceptional graphic designer |Exceptional graphic designers ,1.4685786825075763E-4
brochure |brochures ,1.4685786825075763E-4
art director occupation type profession activity sectors advertising |art director Occupation type Profession Activity sectors advertising ,1.4685786825075763E-4
core responsibility |core responsibility ,1.4685786825075763E-4
effective |effective ,1.4685786825075763E-4
prospective clients or employer |prospective clients or employers ,1.4685786825075763E-4
relevant understandable |relevant understandable ,1.4685786825075763E-4
brand |brand ,1.4685786825075763E-4
teaching position |teaching position ,1.4685786825075763E-4
large binder |large binder ,1.4685786825075763E-4
font |fonts ,1.4685786825075763E-4
user interface |user interfaces ,1.4685786825075763E-4
package function |Package function ,1.4685786825075763E-4
press-ready pdf |press-ready PDF ,1.4685786825075763E-4
cultural relevance |cultural relevance ,1.4685786825075763E-4
catalogs and booklet |catalogs and booklets ,1.4685786825075763E-4
context |context ,1.4685786825075763E-4
photo editing |photo editing ,1.239099597842332E-4
navigation |navigation ,1.2289973999396816E-4
distraction |distractions ,1.0440642407143712E-4
creative process edit |creative process edit ,1.0440642407143712E-4
complex idea |complex ideas ,1.0440642407143712E-4
distractions and complication |distractions and complications ,1.0440642407143712E-4
vector-based program |vector-based program ,1.0440642407143712E-4
external traditional media and guide |external traditional media and guides ,1.0440642407143712E-4
digital image editing tool |digital image editing tools ,1.0440642407143712E-4
separate company |separate company ,1.0440642407143712E-4
popular and industry standard software program |popular and industry standard software programs ,1.0440642407143712E-4
design solution |design solution ,1.0440642407143712E-4
early stage approval |early stage approval ,1.0440642407143712E-4
typographic change |typographic changes ,1.0440642407143712E-4
traditional method |traditional methods ,1.0440642407143712E-4
traditional-design computer-production hybrid process |traditional-design computer-production hybrid process ,1.0440642407143712E-4
rendering alternative |rendering alternatives ,1.0440642407143712E-4
multiple or complex idea |multiple or complex ideas ,1.0440642407143712E-4
thumbnail sketch |thumbnail sketches ,1.0440642407143712E-4
modeling edit |Modeling edit ,1.0440642407143712E-4
page layout program |page layout program ,1.0440642407143712E-4
analytic scientific and industrial purpose |analytic scientific and industrial purposes ,1.0440642407143712E-4
support |support ,1.0440642407143712E-4
key feature |key features ,1.0440642407143712E-4
scissors |scissors ,1.0440642407143712E-4
traditional hand rendering |traditional hand rendering ,1.0440642407143712E-4
computer simulation |computer simulations ,1.0440642407143712E-4
common function |common functions ,1.0440642407143712E-4
multiple idea |multiple ideas ,1.0440642407143712E-4
screen-capturing |screen-capturing ,1.0440642407143712E-4
rough draft |rough drafts ,1.0440642407143712E-4
traditional hand-rendering |traditional hand-rendering ,1.0440642407143712E-4
accurate kinetics |accurate kinetics ,1.0440642407143712E-4
image selection |image selection ,1.0440642407143712E-4
information graphics software list |information graphics software List ,1.0440642407143712E-4
computer-aided design edit |Computer-aided design edit ,1.0440642407143712E-4
limitless choice |limitless choices ,1.0440642407143712E-4
grid |grid ,1.0440642407143712E-4
raster image |Raster images ,1.0440642407143712E-4
quarkxpress and adobe indesign |QuarkXpress and Adobe InDesign ,1.0440642407143712E-4
computer publishing |computer publishing ,1.0440642407143712E-4
modeling applications or modeler |modeling applications or modelers ,1.0440642407143712E-4
computer-savvy production artist |computer-savvy production artists ,1.0440642407143712E-4
different mark-making tool |different mark-making tools ,1.0440642407143712E-4
finalization |finalization ,1.0440642407143712E-4
inspiring creativity |inspiring creativity ,1.0440642407143712E-4
native format |native formats ,1.0440642407143712E-4
electronic design process |electronic design process ,1.0440642407143712E-4
computer skill |computer skills ,1.0440642407143712E-4
indispensable tool |indispensable tool ,1.0440642407143712E-4
traditional graphic designer |traditional graphic designers ,1.0440642407143712E-4
exporter |exporters ,1.0440642407143712E-4
software citation |software citation ,1.0440642407143712E-4
graphic design course |graphic design courses ,1.0440642407143712E-4
complication |complications ,1.0440642407143712E-4
adobe dreamweaver |Adobe Dreamweaver ,1.0440642407143712E-4
software learning curve |software learning curve ,1.0440642407143712E-4
graphic art software application |graphic art software applications ,1.0440642407143712E-4
real brush |real brush ,1.0440642407143712E-4
creative expression and aesthetic |creative expression and aesthetics ,1.0440642407143712E-4
technical purpose |technical purposes ,1.0440642407143712E-4
metadata |metadata ,1.0440642407143712E-4
computers and software application |Computers and software applications ,1.0440642407143712E-4
expertise and training |expertise and training ,1.0440642407143712E-4
level computer style |level computer styles ,1.0440642407143712E-4
potential |potential ,1.0440642407143712E-4
hypermedia |hypermedia ,1.0440642407143712E-4
final stage |final stage ,1.0440642407143712E-4
effective production tool |effective production tools ,1.0440642407143712E-4
rapid production |Rapid production ,1.0440642407143712E-4
computer image manipulation |computer image manipulation ,1.0440642407143712E-4
number |number ,1.0440642407143712E-4
view |view ,1.0440642407143712E-4
web page design |Web page design ,1.0440642407143712E-4
presentation tool |presentation tools ,1.0440642407143712E-4
importers and exporter |importers and exporters ,1.0440642407143712E-4
rendering edit main article |Rendering edit Main article ,1.0440642407143712E-4
modeller |MODELLER ,1.0440642407143712E-4
image development |image development ,1.0440642407143712E-4
rendered scene |rendered scenes ,1.0440642407143712E-4
cad or cadd |CAD or CADD ,1.0440642407143712E-4
modeling software use |modeling software use ,1.0440642407143712E-4
computer-generated imagery cgi |computer-generated imagery CGI ,1.0440642407143712E-4
computer image manipulation and creation |computer image manipulation and creation ,1.0440642407143712E-4
pencils or marker |pencils or markers ,1.0440642407143712E-4
arrival |arrival ,1.0440642407143712E-4
creative thought process |creative thought process ,1.0440642407143712E-4
sculpture |sculpture ,1.0440642407143712E-4
computer-aided design computer aided design software |Computer-aided design Computer aided design software ,1.0440642407143712E-4
creation |creation ,1.0440642407143712E-4
algorithm |algorithms ,1.0440642407143712E-4
real brush and canvas texture |real brush and canvas textures ,1.0440642407143712E-4
early day |early days ,1.0440642407143712E-4
realism |realism ,1.0440642407143712E-4
hyperrealistic effect |hyperrealistic effects ,1.0440642407143712E-4
appreciation |appreciation ,1.0440642407143712E-4
individual program |Individual programs ,1.0440642407143712E-4
accuracy |accuracy ,1.0440642407143712E-4
audio motion and interactivity |audio motion and interactivity ,1.0440642407143712E-4
hyperrealism |hyperrealism ,1.0440642407143712E-4
specialized graphic file format |specialized graphic file formats ,1.0440642407143712E-4
computer graphic design |Computer graphic design ,1.0440642407143712E-4
arrangement style medium |arrangement style medium ,1.0440642407143712E-4
designing or technical illustration |designing or technical illustration ,1.0440642407143712E-4
tools and method |tools and methods ,1.0440642407143712E-4
raster image processing and file |raster image processing and file ,1.0440642407143712E-4
adobe systems incorporated |Adobe Systems Incorporated ,1.0440642407143712E-4
scanning software and screen-capturing |scanning software and screen-capturing ,1.0440642407143712E-4
manual and traditional tool |manual and traditional tools ,1.0440642407143712E-4
specialized software application |specialized software applications ,1.0440642407143712E-4
virtual engineering virtual reality virtual cinematography related topic |Virtual engineering Virtual reality Virtual cinematography Related topics ,1.0440642407143712E-4
no clear design outcome |no clear design outcome ,1.0440642407143712E-4
sketch numerous concept |sketch numerous concepts ,1.0440642407143712E-4
photographed image |photographed image ,1.0440642407143712E-4
guide |guides ,1.0440642407143712E-4
industry standard software program |industry standard software programs ,1.0440642407143712E-4
image or layout |image or layout ,1.0440642407143712E-4
page layout or image development |page layout or image development ,1.0440642407143712E-4
full-motion video |full-motion video ,1.0440642407143712E-4
graphic design software tool |graphic design software tools ,1.0440642407143712E-4
cad software |CAD software ,1.0440642407143712E-4
importer |importers ,1.0440642407143712E-4
ray tracer |ray tracers ,1.0440642407143712E-4
related feature |related features ,1.0440642407143712E-4
angle |angles ,1.0440642407143712E-4
detail |detail ,1.0440642407143712E-4
raster-based program |raster-based program ,1.0440642407143712E-4
traditional hand-rendering or paste-up |traditional hand-rendering or paste-up ,1.0440642407143712E-4
steeper learning curve |steeper learning curve ,1.0440642407143712E-4
endless iteration |endless iterations ,1.0440642407143712E-4
major page layout tool |major page layout tool ,1.0440642407143712E-4
quark |Quark ,1.0440642407143712E-4
analytic scientific |analytic scientific ,1.0440642407143712E-4
idea execution |idea execution ,1.0440642407143712E-4
modeling application |modeling applications ,1.0440642407143712E-4
finished visual |finished visuals ,1.0440642407143712E-4
non-technical conceptualizing |non-technical conceptualizing ,1.0440642407143712E-4
hand-rendered comp |Hand-rendered comps ,1.0440642407143712E-4
computer graphics software description |computer graphics software description ,1.0440642407143712E-4
digital painting effect |digital painting effects ,1.0440642407143712E-4
unique image file |unique image file ,1.0440642407143712E-4
computer simulations and game |computer simulations and games ,1.0440642407143712E-4
navigation search modeller redirect |navigation search Modeller redirects ,1.0440642407143712E-4
technical professional |Technical professionals ,1.0440642407143712E-4
traditional name |traditional names ,1.0440642407143712E-4
canvas texture |canvas textures ,1.0440642407143712E-4
application software |application software ,1.0440642407143712E-4
marker |markers ,1.0440642407143712E-4
subclass |subclass ,1.0440642407143712E-4
filter |filters ,1.0440642407143712E-4
industrial purpose |industrial purposes ,1.0440642407143712E-4
newer more complete software package |newer more complete software packages ,1.0440642407143712E-4
pencil and paper |pencil and paper ,1.0440642407143712E-4
film |film ,1.0440642407143712E-4
computer and graphic design software tool |computer and graphic design software tools ,1.0440642407143712E-4
desire |desire ,1.0440642407143712E-4
creative expression |creative expression ,1.0440642407143712E-4
manual |manual ,1.0440642407143712E-4
navigational aid |navigational aids ,1.0440642407143712E-4
final product |final product ,1.0440642407143712E-4
encyclopedia jump |encyclopedia Jump ,0.0
wikipedia |Wikipedia ,0.0
