net,100.0
net ,100.0
net framework ,71.28247957499903
net framework,71.28247957499903
framework ,61.496833053387704
framework,61.496833053387704
window,59.37696943642399
window ,59.37696943642399
visual studio,59.11303284234551
visual studio ,59.11303284234551
microsoft ,53.53916708769964
microsoft,53.53916708769964
object ,51.667487474589365
object,51.667487474589365
common language infrastructure ,49.76058135664324
common language infrastructure,49.76058135664324
common language infrastructure cli,48.26753968584887
common language infrastructure cli ,48.26753968584887
cli ,45.675147049773905
cli,45.675147049773905
open source ,44.93846774554246
open source,44.93846774554246
visual studio net ,44.527153787619234
visual studio net,44.527153787619234
source ,43.825354604104476
source,43.825354604104476
microsoft net framework,43.75427567642731
microsoft net framework ,43.75427567642731
software,43.628759257691954
software ,43.628759257691954
implementation,42.54204282609241
implementation ,42.54204282609241
ado net,42.33715168926159
ado net ,42.33715168926159
asp net,42.12498698265082
asp net ,42.12498698265082
source code,42.11351231580988
source code ,42.11351231580988
ecma,42.021951551399276
ecma ,42.021951551399276
garbage collection,41.521092156179606
garbage collection ,41.521092156179606
net core,41.249206954204666
net core ,41.249206954204666
microsoft window,41.17274045432665
microsoft window ,41.17274045432665
framework class library fcl,41.02124145522954
framework class library fcl ,41.02124145522954
clr ,40.942038365567605
clr,40.942038365567605
net micro framework,40.78977773843366
net micro framework ,40.78977773843366
windows form,40.7826843927745
windows form ,40.7826843927745
security,40.77232648117544
security ,40.77232648117544
framework class library framework class library fcl,40.71674127630878
framework class library framework class library fcl ,40.71674127630878
system,40.699081243425496
system ,40.699081243425496
net framework class library ,40.64744727214234
net framework class library,40.64744727214234
platform ,40.6075530365687
platform,40.6075530365687
fcl,40.4426044498524
fcl ,40.4426044498524
microsoft net official website net framework developer center,40.4211038968694
microsoft net official website net framework developer center ,40.4211038968694
version ,40.02761140273784
version,40.02761140273784
windows presentation foundation,40.007500045416776
windows presentation foundation ,40.007500045416776
class library ,39.867294443065454
class library,39.867294443065454
net framework developer,39.8547968898017
net framework developer ,39.8547968898017
common language runtime engine common language runtime clr ,39.774385965519585
common language runtime engine common language runtime clr,39.774385965519585
miguel de icaza ,39.30631035101046
miguel de icaza,39.30631035101046
common language runtime clr,39.11981284625345
common language runtime clr ,39.11981284625345
net compact framework ,39.11470378201671
net compact framework,39.11470378201671
visual basic net v t e microsoft apis ,39.032441190989445
visual basic net v t e microsoft apis,39.032441190989445
cli and c ecma and iso ,38.47450075273319
cli and c ecma and iso,38.47450075273319
net framework framework class library,38.428010078120124
net framework framework class library ,38.428010078120124
en wikipedia org w index php title software factory ,38.388952193351635
en wikipedia org w index php title software factory,38.388952193351635
efx factory blog microsoft patterns and practices team ,38.22856466738556
efx factory blog microsoft patterns and practices team,38.22856466738556
alternative implementation,38.06199956874102
alternative implementation ,38.06199956874102
microsoft reference license ,38.03260301263909
microsoft reference license,38.03260301263909
file reading and writing graphic rendering ,37.58877586397572
file reading and writing graphic rendering,37.58877586397572
windows xp ,37.22596172971068
windows xp,37.22596172971068
expression blend ,37.197504705472745
expression blend,37.197504705472745
software factory ,37.04774283539132
software factory,37.04774283539132
enterprise twiki collaboration platform open source enterprise wiki,37.01750535393354
enterprise twiki collaboration platform open source enterprise wiki ,37.01750535393354
microsoft shared source common language infrastructure ,36.863207435055905
microsoft shared source common language infrastructure,36.863207435055905
net open source and cross-platform,36.765164676155194
net open source and cross-platform ,36.765164676155194
language ,36.7168221510183
language,36.7168221510183
cli and c,36.64095133549073
cli and c ,36.64095133549073
base class library ,36.59518467952112
base class library,36.59518467952112
factory software product line references edit jack greenfield ,36.52013838026515
factory software product line references edit jack greenfield,36.52013838026515
net framework version history microsoft,36.41496664349747
net framework version history microsoft ,36.41496664349747
iso,36.338108364672436
iso ,36.338108364672436
msdn library net framework index overview ,36.239176911372105
msdn library net framework index overview,36.239176911372105
ecma and iso,36.21572258509447
ecma and iso ,36.21572258509447
microsoft net framework sdk version,36.155786987745415
microsoft net framework sdk version ,36.155786987745415
expert attention,35.94994927641729
expert attention ,35.94994927641729
efx factory,35.749024930369345
efx factory ,35.749024930369345
visual basic,35.701524280316235
visual basic ,35.701524280316235
base class library bcl,35.685359277535696
base class library bcl ,35.685359277535696
common intermediate language ,35.639585873556584
common intermediate language,35.639585873556584
garbage collector,35.59561669685265
garbage collector ,35.59561669685265
exception handling ,35.51863005721076
exception handling,35.51863005721076
lesser general public license version,35.292345252762594
gnu general public license version ,35.292345252762594
lesser general public license version ,35.292345252762594
gnu general public license version,35.292345252762594
c language specification,35.28391855814532
c language specification ,35.28391855814532
popular most popular last updated name rating showing page ,35.22158595930343
popular most popular last updated name rating showing page,35.22158595930343
microsoft patterns practices software factories external,35.19586024325826
microsoft patterns practices software factories external ,35.19586024325826
language integrated query,34.95476486044447
language integrated query ,34.95476486044447
mono,34.84447309452481
mono ,34.84447309452481
vb net ,34.82138054653347
vb net,34.82138054653347
iso standard,34.80502107988686
iso standard ,34.80502107988686
library,34.70892664184864
library ,34.70892664184864
application,34.705525419368236
application ,34.705525419368236
c and vb net compiler,34.681328826718996
c and vb net compiler ,34.681328826718996
shared source microsoft reference license ,34.61396119648918
shared source microsoft reference license,34.61396119648918
memory ,34.553152710541205
memory,34.553152710541205
garbage,34.43935473002789
garbage ,34.43935473002789
conventional bazaar -like open source development model,34.42184165704811
conventional bazaar -like open source development model ,34.42184165704811
portable net,34.38521634130235
portable net ,34.38521634130235
framework developer center,34.38442367898146
framework developer center ,34.38442367898146
wcf accessibility active accessibility ui automation text ,34.353526937855214
wcf accessibility active accessibility ui automation text,34.353526937855214
common language infrastructure cli specification,34.28172369102389
common language infrastructure cli specification ,34.28172369102389
integrated development environment configurations and view ,34.245482196736496
integrated development environment configurations and view,34.245482196736496
private key ,34.242565360400135
private key,34.242565360400135
entire class library ,34.23562078458186
entire class library,34.23562078458186
memory management ,34.162168987509666
memory management,34.162168987509666
common type system ,34.15295672546384
common type system,34.15295672546384
web rapid enterprise application development tool,34.070151946183735
web rapid enterprise application development tool ,34.070151946183735
project glidepath blog project glidepath forums nconstruct ,34.0116247523196
project glidepath blog project glidepath forums nconstruct,34.0116247523196
version number clr version release date,33.93756318736666
version number clr version release date ,33.93756318736666
open source web application,33.92962353406697
open source web application ,33.92962353406697
libraries and application,33.904593642084244
libraries and application ,33.904593642084244
language integrated query linq,33.88623236473393
language integrated query linq ,33.88623236473393
microsoft silverlight and mono ,33.874491311642295
microsoft silverlight and mono,33.874491311642295
code,33.865396778189776
code ,33.865396778189776
operating system ,33.86253742889897
operating system,33.86253742889897
assembly,33.86085102186401
assembly ,33.86085102186401
part ,33.86085102186401
part,33.86085102186401
simple and open source ,33.842472327300065
simple and open source,33.842472327300065
sourceforge browse enterprise blog help jobs log,33.82571284433616
sourceforge browse enterprise blog help jobs log ,33.82571284433616
knowledge base or document management system,33.81323429922194
knowledge base or document management system ,33.81323429922194
microsoft reference source license,33.787134170803704
microsoft reference source license ,33.787134170803704
msdn,33.72441250682339
msdn ,33.72441250682339
programming language,33.718731971654776
programming language ,33.718731971654776
fully open source server-side net stack,33.696178008131696
fully open source server-side net stack ,33.696178008131696
visual c,33.65870650748291
visual c ,33.65870650748291
simd extension ,33.61964863016552
simd extension,33.61964863016552
core and platform,33.53285552089569
core and platform ,33.53285552089569
gc run,33.4568082202111
gc run ,33.4568082202111
unix posix subsystem interix virtual dos machine window ,33.41969769971726
unix posix subsystem interix virtual dos machine window,33.41969769971726
efx factory blog microsoft pattern ,33.338864710962596
efx factory blog microsoft pattern,33.338864710962596
edit efx factory net,33.2222466566873
edit efx factory net ,33.2222466566873
net framework pronounced dot net,33.216341247043495
net framework pronounced dot net ,33.216341247043495
net software ,33.20817303222588
net software,33.20817303222588
net framework blog ,33.20564124939035
net framework blog,33.20564124939035
net framework release,33.20564124939035
net framework release ,33.20564124939035
assembly cli common intermediate language ,33.07153184368881
assembly cli common intermediate language,33.07153184368881
net open source ,33.06689876475334
net open source,33.06689876475334
net framework environment ,33.06345294924089
net framework environment,33.06345294924089
windows communication foundation wcf,33.02199144190359
windows communication foundation wcf ,33.02199144190359
microsoft silverlight ,32.89751307469131
microsoft silverlight,32.89751307469131
mit license ,32.88094792379531
mit license,32.88094792379531
source net core,32.84478281310592
source net core ,32.84478281310592
language independence net framework,32.766995029300126
language independence net framework ,32.766995029300126
application development and execution,32.76569923727389
application development and execution ,32.76569923727389
net micro framework dev mobile,32.75268026680953
net micro framework dev mobile ,32.75268026680953
silverlight and alternative implementation,32.63028934932974
silverlight and alternative implementation ,32.63028934932974
application development ,32.602866481584265
application development,32.602866481584265
windows communication foundation,32.57845736508236
windows communication foundation ,32.57845736508236
microsoft visual studio,32.33155580795485
microsoft visual studio ,32.33155580795485
software framework license proprietary,32.31672278929397
software framework license proprietary ,32.31672278929397
use and application,32.2746767145751
use and application ,32.2746767145751
cli and fcl,32.192633723581366
cli and fcl ,32.192633723581366
automatic memory management ,32.164713231483375
automatic memory management,32.164713231483375
net application,32.1333538493841
net application ,32.1333538493841
security edit net ,32.122040214864285
security edit net,32.122040214864285
source software,32.11381360459526
source software ,32.11381360459526
software framework,32.0962202715694
software framework ,32.0962202715694
main article,32.06782205197288
main article ,32.06782205197288
net platform ,32.019149036872165
net platform,32.019149036872165
visual basic net java ,32.015682824772774
visual basic net java,32.015682824772774
mindtouch platform and core,32.01239886746388
mindtouch platform and core ,32.01239886746388
open source webmail software simutran ,32.00255338559857
open source webmail software simutran,32.00255338559857
b c garbage collection ,31.989489655369354
b c garbage collection,31.989489655369354
design features and tool,31.961954962814435
design features and tool ,31.961954962814435
full framework,31.951042615023177
full framework ,31.951042615023177
net core project ,31.94264748334534
net core project,31.94264748334534
enterprise framework factory ,31.870638572182372
enterprise framework factory,31.870638572182372
windows workflow foundation wf,31.843071685986864
windows workflow foundation wf ,31.843071685986864
net garbage collector gc,31.82620176841199
net garbage collector gc ,31.82620176841199
fcl and clr,31.80234496476795
fcl and clr ,31.80234496476795
cli specification ,31.785963399519147
cli specification,31.785963399519147
class library edit ,31.75819028140185
class library edit,31.75819028140185
open source mit license,31.74158120227836
open source mit license ,31.74158120227836
net foundation ,31.74092528081962
net foundation,31.74092528081962
microsoft reference implementation,31.66180595052821
microsoft reference implementation ,31.66180595052821
research and technological development project ,31.649565805533204
research and technological development project,31.649565805533204
development,31.611786359413333
development ,31.611786359413333
dll and exe file ,31.604288179646613
dll and exe file,31.604288179646613
simplified deployment net framework ,31.507446465809082
simplified deployment net framework,31.507446465809082
net development foundation wikiversity ,31.50645857942953
net development foundation wikiversity,31.50645857942953
windows presentation foundation or windows form ,31.50508669501667
windows presentation foundation or windows form,31.50508669501667
net code ,31.50122780023288
net code,31.50122780023288
net framework family ,31.422343313645772
net framework family,31.422343313645772
dotfuscator community edition ,31.2687009195929
dotfuscator community edition,31.2687009195929
information and feature,31.233928646761097
information and feature ,31.233928646761097
support,31.204466358609256
support ,31.204466358609256
edit smart-microsoft software factory,31.15488012342618
edit smart-microsoft software factory ,31.15488012342618
choices advertise source forge jp performance img ,31.144291051078294
choices advertise source forge jp performance img,31.144291051078294
portable software collection ,31.133457036662847
portable software collection,31.133457036662847
xml document manipulation ,31.02165418821823
xml document manipulation,31.02165418821823
net framework delivery channel,31.005133870313898
net framework delivery channel ,31.005133870313898
mobile or embedded device use,31.00439939553668
mobile or embedded device use ,31.00439939553668
logical disk manager lsass minwin ntldr ntoskrnl,30.998343609095045
logical disk manager lsass minwin ntldr ntoskrnl ,30.998343609095045
view talk edit design edit ,30.92006752030979
view talk edit design edit,30.92006752030979
shared-source microsoft reference license ,30.845581387224893
shared-source microsoft reference license,30.845581387224893
framework version,30.842824066366187
framework version ,30.842824066366187
expert attention software article,30.823580042237598
expert attention software article ,30.823580042237598
public key token ,30.774058651026838
public key token,30.774058651026838
microsoft open,30.770212080959983
microsoft open ,30.770212080959983
b c d e f ,30.749877044625304
b c d e f,30.749877044625304
community-developed open source project,30.680798630810106
community-developed open source project ,30.680798630810106
managed heap managed object,30.60189549365868
managed heap managed object ,30.60189549365868
microsoft service ,30.5877057261262
microsoft service,30.5877057261262
future net platform ,30.580879394112806
future net platform,30.580879394112806
factory ,30.539251099825997
factory,30.539251099825997
term software factory ,30.510392742274224
term software factory,30.510392742274224
previously selected shared source license,30.50536877140972
previously selected shared source license ,30.50536877140972
core ,30.50420036130028
core,30.50420036130028
standardization and licensing edit,30.48349718361352
standardization and licensing edit ,30.48349718361352
version number ,30.45031690969964
version number,30.45031690969964
patent right ,30.3848718715311
patent right,30.3848718715311
standard,30.37896952936118
standard ,30.37896952936118
integrated runtime environment tool ,30.32414685235349
integrated runtime environment tool,30.32414685235349
specification ,30.299115785337815
specification,30.299115785337815
ecma iso standard ,30.23167942120694
ecma iso standard,30.23167942120694
strong naming,30.145733018832317
strong naming ,30.145733018832317
software foundation ,30.113621896852276
software foundation,30.113621896852276
class ,30.10452246555361
class,30.10452246555361
cli and portion ,30.048783966671213
cli and portion,30.048783966671213
micro isv-oriented software factory ,30.04168513415063
micro isv-oriented software factory,30.04168513415063
conforming net language ,30.032298996921032
conforming net language,30.032298996921032
web application development,30.00204876552241
web application development ,30.00204876552241
large class library ,29.998816298102387
large class library,29.998816298102387
sharepoint software factory ,29.968093080535578
sharepoint software factory,29.968093080535578
net environment ,29.949826954001093
net environment,29.949826954001093
modern net feature ,29.93114140734653
modern net feature,29.93114140734653
expression blend and design ,29.912929772477586
expression blend and design,29.912929772477586
common security model,29.864709359735333
common security model ,29.864709359735333
ecma iso specification ,29.818564648280834
ecma iso specification,29.818564648280834
tools microsoft ,29.80203158870961
tools microsoft,29.80203158870961
wiki asp net ,29.766979366942472
wiki asp net,29.766979366942472
net type,29.70359901614762
net type ,29.70359901614762
alternative implementations edit,29.670418351859215
alternative implementations edit ,29.670418351859215
memory management edit ,29.66813203556055
memory management edit,29.66813203556055
service support ,29.659692612170005
service support,29.659692612170005
document management system ,29.649589970173903
document management system,29.649589970173903
writing graphic rendering ,29.63855483706003
writing graphic rendering,29.63855483706003
common function,29.58095185748768
common function ,29.58095185748768
integrated development environment configuration,29.566208436910717
integrated development environment configuration ,29.566208436910717
newer and older program,29.550277784000713
newer and older program ,29.550277784000713
code access security ca,29.52480329308278
code access security ca ,29.52480329308278
service ,29.455973665759196
service,29.455973665759196
feature,29.442262118634634
feature ,29.442262118634634
reference,29.413668781240926
reference ,29.413668781240926
net program ,29.412335272335895
net program,29.412335272335895
file reading ,29.40142667959811
file reading,29.40142667959811
pinball chess titans freecell hearts hover ,29.3846405310349
pinball chess titans freecell hearts hover,29.3846405310349
windows-specific functionality and behavior,29.371195320906715
windows-specific functionality and behavior ,29.371195320906715
collection object ,29.315868780167705
collection object,29.315868780167705
managed heap ,29.287270883880932
managed heap,29.287270883880932
standards iso org,29.27448997154665
standards iso org ,29.27448997154665
microsoft patent promise ,29.23876019725015
microsoft patent promise,29.23876019725015
international organization,29.207124030095184
international organization ,29.207124030095184
service factory ,29.185371874992164
service factory,29.185371874992164
system core dll ,29.13802029625463
system core dll,29.13802029625463
unsourced statement,29.099669902541
unsourced statement ,29.099669902541
local variables or method parameter,29.078438443444025
local variables or method parameter ,29.078438443444025
talk parameter,29.072701374042452
talk parameter ,29.072701374042452
database interaction,29.019792645098768
database interaction ,29.019792645098768
official microsoft iis site sign ,29.011514495195126
official microsoft iis site sign,29.011514495195126
original ,29.005020230156372
archived ,29.005020230156372
archived,29.005020230156372
original,29.005020230156372
tv broadcast program money manager,28.983182498558715
tv broadcast program money manager ,28.983182498558715
web application,28.95996868668552
web application ,28.95996868668552
jack greenfield,28.92789576865081
keith short ,28.92789576865081
jack greenfield ,28.92789576865081
keith short,28.92789576865081
ecma-international org ,28.916758540219025
ecma-international org,28.916758540219025
source software gnu lgpl,28.904584130011944
source software gnu lgpl ,28.904584130011944
scott guthrie ,28.893801240093957
scott guthrie,28.893801240093957
wiki ,28.817905262352838
wiki,28.817905262352838
knowledge base,28.74559037509262
knowledge base ,28.74559037509262
proprietary software license ,28.72514231511981
proprietary software license,28.72514231511981
portable software usb job,28.682797137756886
portable software usb job ,28.682797137756886
c ecma,28.636844468854168
c ecma ,28.636844468854168
non-deterministic compacting mark-and-sweep garbage collector ,28.572207956981128
non-deterministic compacting mark-and-sweep garbage collector,28.572207956981128
control panel,28.539323825024294
control panel ,28.539323825024294
open standard ,28.528590370780133
open standard,28.528590370780133
fcl class,28.517877307847986
fcl class ,28.517877307847986
mindtouch open source ,28.482377808321626
mindtouch open source,28.482377808321626
call stack,28.46795968666378
call stack ,28.46795968666378
ecma standard,28.3536549278749
ecma standard ,28.3536549278749
software environment ,28.337536616066146
software environment,28.337536616066146
windows presentation foundation part ,28.253844914843523
windows presentation foundation part,28.253844914843523
money management application,28.210560585853806
money management application ,28.210560585853806
microsoft initial release ,28.165443031746776
microsoft initial release,28.165443031746776
source release ,28.13360157825451
source release,28.13360157825451
enterprise wiki ,28.130464399162676
enterprise wiki,28.130464399162676
vb net compiler,28.12306763405533
vb net compiler ,28.12306763405533
reasonable and non-discriminatory term ,28.11942900531394
reasonable and non-discriminatory term,28.11942900531394
number,28.086236904790894
number ,28.086236904790894
small-business finance manager gnuplot development ,28.077516489835773
small-business finance manager gnuplot development,28.077516489835773
integrated development environment ,28.075178005709013
integrated development environment,28.075178005709013
specification version,27.99850617723252
specification version ,27.99850617723252
wiki net ,27.97926030603015
wiki net,27.97926030603015
previous version assembly,27.95503088063915
previous version assembly ,27.95503088063915
cli compliant language ,27.938462658396933
cli compliant language,27.938462658396933
net decompiler program ,27.922382463904462
net decompiler program,27.922382463904462
open-source offline wikipedia application ,27.858155983247403
open-source offline wikipedia application,27.858155983247403
visual studio online ,27.80212831904552
visual studio online,27.80212831904552
windows platform ,27.707933874506843
windows platform,27.707933874506843
needed security edit ,27.69767866468614
needed security edit,27.69767866468614
mono simd namespace ,27.67695405645792
mono simd namespace,27.67695405645792
modern programming language ,27.590872447735677
modern programming language,27.590872447735677
references edit ,27.5893080816105
references edit,27.5893080816105
software create,27.5261722521736
software create ,27.5261722521736
streaming simd extensions sse ,27.492400917480822
streaming simd extensions sse,27.492400917480822
scope,27.446411753439666
scope ,27.446411753439666
social networking and workspace ,27.444823523949182
social networking and workspace,27.444823523949182
light and easy ,27.439778699765554
light and easy,27.439778699765554
managed code,27.376337338174583
managed code ,27.376337338174583
windows winhelp winsat write retrieved ,27.364023469783934
windows winhelp winsat write retrieved,27.364023469783934
functionality,27.337283061846108
functionality ,27.337283061846108
silverlight,27.28727075927145
silverlight ,27.28727075927145
article,27.277797113072463
article ,27.277797113072463
expert ,27.277224004178198
expert,27.277224004178198
higher generation object,27.25177025377762
lower generation object ,27.25177025377762
lower generation object,27.25177025377762
higher generation object ,27.25177025377762
model driven development,27.196234756019752
model driven development ,27.196234756019752
architecture edit,27.140614533807817
architecture edit ,27.140614533807817
system dll ,27.132532847272195
system dll,27.132532847272195
external js file,27.130192887151328
external js file ,27.130192887151328
service-oriented enterprise application,27.09297722520136
service-oriented enterprise application ,27.09297722520136
common functionality programmer ,27.022598793888136
common functionality programmer,27.022598793888136
microsoft keith short ,27.00121027694664
microsoft keith short,27.00121027694664
project,26.997395155505018
project ,26.997395155505018
technological development project,26.98012986778976
technological development project ,26.98012986778976
library stack ,26.975481098826783
library stack,26.975481098826783
wiki mediawiki site management ,26.946499781999037
wiki mediawiki site management,26.946499781999037
simd support ,26.937764297257935
simd support,26.937764297257935
datatypes and programming construct,26.92777405395862
datatypes and programming construct ,26.92777405395862
cross-platform implementation,26.922562208650653
cross-platform implementation ,26.922562208650653
mac os platform,26.881715938333357
mac os platform ,26.881715938333357
system namespace ,26.871023958557988
system namespace,26.871023958557988
use contact us advertise,26.828670957068184
use contact us advertise ,26.828670957068184
cross-platform support,26.82298674354921
cross-platform support ,26.82298674354921
license control mechanism ,26.811796258602136
license control mechanism,26.811796258602136
collection run ,26.75044199325964
collection run,26.75044199325964
runtime component ,26.728368408169107
runtime component,26.728368408169107
help center ,26.675186163173613
help center,26.675186163173613
older object,26.66637318116459
root object,26.66637318116459
objects reachable ,26.66637318116459
objects reachable,26.66637318116459
root object ,26.66637318116459
older object ,26.66637318116459
mediawiki graphical category browser ,26.65077132395268
mediawiki graphical category browser,26.65077132395268
topic markup language,26.64611195923361
topic markup language ,26.64611195923361
partition iv xml file ,26.632756242085854
partition iv xml file,26.632756242085854
wiki cms groupware ,26.63252847649249
wiki cms groupware,26.63252847649249
previously installed software,26.59612358041848
previously installed software ,26.59612358041848
java c ,26.556135338310767
java c,26.556135338310767
b scott guthrie,26.535531083224768
b scott guthrie ,26.535531083224768
collection ,26.49682732310678
collection,26.49682732310678
user interface ,26.45242591707993
user interface,26.45242591707993
data access,26.428005447469687
data access ,26.428005447469687
software citation ,26.34301128250894
software citation,26.34301128250894
mediawiki software ,26.33007264219063
mediawiki software,26.33007264219063
application virtual machine,26.303369716049716
application virtual machine ,26.303369716049716
large application ,26.241000238927676
large application,26.241000238927676
system runtime interopservice ,26.210624899030922
system runtime interopservice,26.210624899030922
date version,26.20991443749464
date version ,26.20991443749464
cross-platform clr ,26.1943774565306
cross-platform clr,26.1943774565306
modeling edition version ,26.193399927195156
modeling edition version,26.193399927195156
generation windows services ngw ,26.176782394571582
generation windows services ngw,26.176782394571582
zend framework,26.034498623660898
zend framework ,26.034498623660898
basic api,26.03296706507652
basic api ,26.03296706507652
gui framework,26.02086320339299
gui framework ,26.02086320339299
newer object ,26.020825504549535
newer object,26.020825504549535
older application,25.997565726016184
older application ,25.997565726016184
tool,25.971546046512316
tool ,25.971546046512316
windows or linux,25.968899855988422
windows or linux ,25.968899855988422
newly created object ,25.968024673122073
newly created object,25.968024673122073
embedded device use,25.962629713873305
embedded device use ,25.962629713873305
articles news ,25.946083420403948
articles news,25.946083420403948
c compiler ,25.917564568534218
c compiler,25.917564568534218
source wiki ,25.89987955856887
source wiki,25.89987955856887
properties and behavior ,25.844193020564983
properties and behavior,25.844193020564983
intranet or internet,25.839812998960863
intranet or internet ,25.839812998960863
highly modular cms framework,25.796333119653223
highly modular cms framework ,25.796333119653223
microsoft referencesource ,25.773380407809245
microsoft referencesource,25.773380407809245
net disambiguation,25.732093909968107
net disambiguation ,25.732093909968107
environment ,25.728697478450943
environment,25.728697478450943
runtime engine,25.704877681155633
runtime engine ,25.704877681155633
cil code,25.682493884511793
cil code ,25.682493884511793
image photo gallery ,25.681587587287055
image photo gallery,25.681587587287055
development process,25.64634683267007
development process ,25.64634683267007
p invoke feature ,25.64611018924902
p invoke feature,25.64611018924902
reverse engineering risk assessment ,25.615073689119328
reverse engineering risk assessment,25.615073689119328
system enterpriseservices namespace ,25.606386469316345
system enterpriseservices namespace,25.606386469316345
internet ,25.593027859487435
internet,25.593027859487435
no reference,25.555533618106804
no reference ,25.555533618106804
small version ,25.545639916895425
small version,25.545639916895425
microsoft azure follow ,25.53673362360666
microsoft azure follow,25.53673362360666
portable executable pe format,25.535009198533995
portable executable pe format ,25.535009198533995
graphical categories browser,25.532907288699466
graphical categories browser ,25.532907288699466
cross-platform ,25.449546181729602
cross-platform,25.449546181729602
performance edit ,25.442072410548203
performance edit,25.442072410548203
windows wiki software,25.44076346124282
windows wiki software ,25.44076346124282
pattern ,25.39959985866361
pattern,25.39959985866361
visual overview,25.38124635471185
visual overview ,25.38124635471185
specific assembly ,25.361849143707992
design feature,25.361849143707992
design feature ,25.361849143707992
specific assembly,25.361849143707992
exe file ,25.358930762683386
exe file,25.358930762683386
language interoperability ,25.3051294484631
language interoperability,25.3051294484631
wiki application ,25.28164802590284
wiki application,25.28164802590284
computer software,25.236683547737822
computer software ,25.236683547737822
wikiproject software,25.236683547737822
wikiproject software ,25.236683547737822
cli metadata ,25.22871875498787
cli metadata,25.22871875498787
red gate software ,25.192606949247093
red gate software,25.192606949247093
category page,25.066110453488847
category page ,25.066110453488847
first beta version,24.94651568750774
first beta version ,24.94651568750774
ecma group ,24.946158234163736
ecma group,24.946158234163736
unusable object,24.915462906497826
unusable object ,24.915462906497826
fewer object ,24.915462906497826
static object,24.915462906497826
static object ,24.915462906497826
fewer object,24.915462906497826
news center ,24.84964865979678
news center,24.84964865979678
osi-approved license,24.842781550901652
osi-approved license ,24.842781550901652
developer,24.830893458567704
developer ,24.830893458567704
native code ,24.806769775934047
native code,24.806769775934047
facebook microsoft feedback,24.79816763232946
facebook microsoft feedback ,24.79816763232946
official standard,24.76992096441075
official standard ,24.76992096441075
patent grant,24.75303204519343
patent grant ,24.75303204519343
simplified version ,24.737074602366285
simplified version,24.737074602366285
network communication,24.725032049514848
network communication ,24.725032049514848
patent,24.707290050439095
patent ,24.707290050439095
cygwin-derived software distro ,24.702419165552595
open-source social-collaboration software,24.702419165552595
cygwin-derived software distro,24.702419165552595
open-source social-collaboration software ,24.702419165552595
execution engine ,24.689219999381887
execution engine,24.689219999381887
validation and verification,24.673642936900805
validation and verification ,24.673642936900805
dll exe ,24.671286982508075
dll exe,24.671286982508075
title web analytic,24.638453139426733
title web analytic ,24.638453139426733
integrated debugging,24.63199238148778
integrated debugging ,24.63199238148778
parameter article ,24.63199238148778
parameter article,24.63199238148778
customer success,24.629587710955352
customer success ,24.629587710955352
privacy statement term,24.620878752495475
privacy statement term ,24.620878752495475
mac os x,24.57745577888075
mac os x ,24.57745577888075
specific type,24.56800876913518
design pattern ,24.56800876913518
design pattern,24.56800876913518
specific type ,24.56800876913518
built-in feature,24.545769034097205
built-in feature ,24.545769034097205
memory contiguous,24.484724624756137
direct reference,24.484724624756137
memory contiguous ,24.484724624756137
direct reference ,24.484724624756137
general feature ,24.47663180376989
general feature,24.47663180376989
key term,24.47435950265614
key term ,24.47435950265614
patent promise ,24.47380378374906
patent promise,24.47380378374906
windows mobile device ,24.387515429292595
windows mobile device,24.387515429292595
bsd platform,24.333914244417336
bsd platform ,24.333914244417336
permission,24.30093690425337
permission ,24.30093690425337
edit ,24.24835716445452
edit,24.24835716445452
covered specification,24.24389930662364
covered specification ,24.24389930662364
extremely resource-constrained device,24.22348352255407
extremely resource-constrained device ,24.22348352255407
mindtouch platform,24.194300113695153
collaboration platform,24.194300113695153
mindtouch platform ,24.194300113695153
collaboration platform ,24.194300113695153
encyclopedia jump ,24.17976294686774
encyclopedia jump,24.17976294686774
computer system,24.17571029065611
computer system ,24.17571029065611
patent issue ,24.13612747994114
mandatory part,24.13612747994114
patent issue,24.13612747994114
mandatory part ,24.13612747994114
malicious software ,24.129455374048586
malicious software,24.129455374048586
redesigned version ,24.093132525765338
current version,24.093132525765338
current version ,24.093132525765338
redesigned version,24.093132525765338
licensing edit,24.074561147035304
licensing edit ,24.074561147035304
method-level encryption tool ,24.070264925441098
third-party obfuscation tool ,24.070264925441098
method-level encryption tool,24.070264925441098
third-party obfuscation tool,24.070264925441098
tiddlywiki core javascript ,24.025315685210405
tiddlywiki core javascript,24.025315685210405
access,24.013713000945625
access ,24.013713000945625
top-level internet domain ,24.01108907179431
top-level internet domain,24.01108907179431
security mechanism,23.990987564550597
security mechanism ,23.990987564550597
predominant implementation,23.976021267991143
predominant implementation ,23.976021267991143
non-microsoft implementation ,23.976021267991143
non-free implementation ,23.976021267991143
non-free implementation,23.976021267991143
non-microsoft implementation,23.976021267991143
call stack walk,23.946858858211062
call stack walk ,23.946858858211062
mediawiki enterprise distribution ,23.91219934140391
mediawiki enterprise distribution,23.91219934140391
frequently asked question ,23.86037445998737
frequently asked question,23.86037445998737
phpbb forum bulletin board,23.7878425320634
phpbb forum bulletin board ,23.7878425320634
customer support ,23.762894904778815
customer support,23.762894904778815
future release,23.758618262527797
personal blog ,23.758618262527797
personal blog,23.758618262527797
future release ,23.758618262527797
additional functionality,23.758618262527797
additional functionality ,23.758618262527797
staff picks gnucash personal,23.737987788218614
staff picks gnucash personal ,23.737987788218614
large number,23.735255784693816
large number ,23.735255784693816
no reverse-engineering skill ,23.691691354913758
no reverse-engineering skill,23.691691354913758
direct control ,23.685455721358238
direct control,23.685455721358238
legal grey area,23.666048221583704
legal grey area ,23.666048221583704
christec co nz ,23.66479625530581
christec co nz,23.66479625530581
simple text ,23.608507208765385
simple text,23.608507208765385
tiki wiki cms groupware,23.59516944350008
tiki wiki cms groupware ,23.59516944350008
single language,23.55276304437063
single language ,23.55276304437063
model,23.543813356000765
model ,23.543813356000765
file ,23.534845854905903
file,23.534845854905903
severely resource-constrained device ,23.529726234665066
severely resource-constrained device,23.529726234665066
cross-platform commitment ,23.527304955823034
cross-platform commitment,23.527304955823034
older program ,23.518800208271358
older program,23.518800208271358
project homepage ,23.487678399918448
project homepage,23.487678399918448
windows-specific functionality ,23.479390001083427
windows-specific functionality,23.479390001083427
management,23.41032675515485
management ,23.41032675515485
managing memory,23.39884684612429
managing memory ,23.39884684612429
method parameter ,23.397884199862983
method parameter,23.397884199862983
language-neutral platform,23.295484070905076
non-windows platform,23.295484070905076
non-windows platform ,23.295484070905076
language-neutral platform ,23.295484070905076
windows ce platform ,23.224990042074094
windows ce platform,23.224990042074094
php ,23.20072734361909
php,23.20072734361909
hardware environment ,23.18585011969848
hardware environment,23.18585011969848
rich collaboration feature,23.182409517046718
rich collaboration feature ,23.182409517046718
mono safe ,23.167058659384317
mono safe,23.167058659384317
older ,23.164562901892353
older,23.164562901892353
forumsgo learngo phpgo referencego ,23.132976589773257
forumsgo learngo phpgo referencego,23.132976589773257
extension ,23.097865273162135
extension,23.097865273162135
feature parity,23.06450998830327
patent litigation ,23.06450998830327
feature parity ,23.06450998830327
patent litigation,23.06450998830327
initial release ,23.04947331865839
initial release,23.04947331865839
reflection citation,23.030684409465113
reflection citation ,23.030684409465113
no reason ,23.030684409465113
no reason,23.030684409465113
truetype core font ,23.025703848949043
truetype core font,23.025703848949043
copyright restriction,23.013921952321116
small subset,23.013921952321116
small subset ,23.013921952321116
copyright restriction ,23.013921952321116
set,23.012725093754423
standardization ,23.012725093754423
set ,23.012725093754423
standardization,23.012725093754423
reduced version ,22.989426424067755
reduced version,22.989426424067755
customer success center,22.966791961487953
customer success center ,22.966791961487953
bcl ,22.943831520769645
bcl,22.943831520769645
compatible implementation,22.873117992339065
compatible implementation ,22.873117992339065
icaza ,22.87209151201077
icaza,22.87209151201077
navigation search ,22.759055744352015
navigation search,22.759055744352015
en wikipedia ,22.75145614802074
en wikipedia,22.75145614802074
tirania org,22.713812969644017
final release,22.713812969644017
tirania org ,22.713812969644017
final release ,22.713812969644017
rights reserved ,22.654252689321073
rights reserved,22.654252689321073
special page,22.586096353561878
special page ,22.586096353561878
global assembly cache,22.57936605379751
global assembly cache ,22.57936605379751
terms privacy ,22.524942201942146
terms privacy,22.524942201942146
mscorlib dll ,22.50859495798334
mscorlib dll,22.50859495798334
blank img border,22.472319465054024
blank img border ,22.472319465054024
solution center ,22.433116364018268
solution center,22.433116364018268
built-in apis,22.427683685312143
built-in apis ,22.427683685312143
required permission ,22.39781198834875
required permission,22.39781198834875
multiple storage backend,22.33673452940072
multiple storage backend ,22.33673452940072
security requirement ,22.259942397708286
security requirement,22.259942397708286
html form,22.258000340960155
engine running,22.258000340960155
html form ,22.258000340960155
engine running ,22.258000340960155
buffer overflow ,22.242858102541458
buffer overflow,22.242858102541458
local machine ,22.141578974818124
local machine,22.141578974818124
core aspect,22.124143862186298
core aspect ,22.124143862186298
no ceiling,22.11262769250977
cpu register ,22.11262769250977
no ceiling ,22.11262769250977
cpu register,22.11262769250977
user ,22.08865883274934
user,22.08865883274934
cts specification ,22.076428881357185
cts specification,22.076428881357185
cil bytecode ,22.025890926711572
cil bytecode,22.025890926711572
expanded set,22.025890926711572
expanded set ,22.025890926711572
non-discriminatory term,22.000030708428213
non-discriminatory term ,22.000030708428213
generation,21.971322651872516
generation ,21.971322651872516
plugin,21.9595522377987
plugin ,21.9595522377987
multilingual wiki-engine ,21.95314944705933
multilingual wiki-engine,21.95314944705933
mark phase,21.937875906361715
compiler optimization ,21.937875906361715
mark phase ,21.937875906361715
compiler optimization,21.937875906361715
resources blogs forum ,21.881505321572313
latest tech job ,21.881505321572313
resources blogs forum,21.881505321572313
latest tech job,21.881505321572313
previous pledge,21.85008961721264
previous pledge ,21.85008961721264
network diagram,21.837106796703566
network diagram ,21.837106796703566
scott gu ,21.8333994310654
scott gu,21.8333994310654
use,21.76785234219864
use ,21.76785234219864
separate thread,21.76493956723239
separate thread ,21.76493956723239
dokuwiki plugin,21.711990511131088
dokuwiki plugin ,21.711990511131088
dynamic hyperlinking,21.711990511131088
dynamic hyperlinking ,21.711990511131088
local variable ,21.68524921303066
local variable,21.68524921303066
technical report ,21.607374305847657
john crupi,21.607374305847657
hype cycle,21.607374305847657
technical report,21.607374305847657
unanticipated delay,21.607374305847657
john crupi ,21.607374305847657
stuart kent,21.607374305847657
wide range,21.607374305847657
longer lifetime ,21.607374305847657
stuart kent ,21.607374305847657
pentium iii ,21.607374305847657
enough pressure,21.607374305847657
steve cook ,21.607374305847657
enough pressure ,21.607374305847657
trade secret ,21.607374305847657
minimum compliance ,21.607374305847657
mary jo,21.607374305847657
minimum compliance,21.607374305847657
unanticipated delay ,21.607374305847657
steve cook,21.607374305847657
amrit williams ,21.607374305847657
mary jo ,21.607374305847657
unique combination,21.607374305847657
neil macdonald,21.607374305847657
unique combination ,21.607374305847657
wide range ,21.607374305847657
hype cycle ,21.607374305847657
amrit williams,21.607374305847657
dotnet corefx,21.607374305847657
learning material ,21.607374305847657
dotnet corefx ,21.607374305847657
neil macdonald ,21.607374305847657
trade secret,21.607374305847657
learning material,21.607374305847657
longer lifetime,21.607374305847657
pentium iii,21.607374305847657
amazing design,21.57625856083975
amazing design ,21.57625856083975
img src,21.548201325872842
img src ,21.548201325872842
attention,21.532226042386377
attention ,21.532226042386377
practices team ,21.48571130578802
practices team,21.48571130578802
selectable sql backend,21.462240645496735
mndt ch oss-dep ,21.462240645496735
mndt ch oss-dep,21.462240645496735
selectable sql backend ,21.462240645496735
windows vista ,21.44980904446292
windows vista,21.44980904446292
arch linux,21.42793586785385
arch linux ,21.42793586785385
reusable type,21.38944456820983
reusable type ,21.38944456820983
dll ,21.18869652797125
dll,21.18869652797125
numeric algorithm ,21.147438223860632
numeric algorithm,21.147438223860632
full authentication,21.082241854118333
database table ,21.082241854118333
full authentication ,21.082241854118333
database table,21.082241854118333
sourceforge,21.054113401467422
sourceforge ,21.054113401467422
database connectivity ,21.033399393970132
database connectivity,21.033399393970132
interface,20.95271796851343
interface ,20.95271796851343
programming construct,20.913527267091336
programming construct ,20.913527267091336
site status ,20.81427627582324
site status,20.81427627582324
technology ,20.80139235559347
technology,20.80139235559347
component ,20.795792997707935
component,20.795792997707935
namespace ,20.76552235121403
namespace,20.76552235121403
social networking ,20.73681991697929
social networking,20.73681991697929
updated,20.731699326290148
updated ,20.731699326290148
creator ,20.669601905451735
evidence ,20.669601905451735
evidence,20.669601905451735
creator,20.669601905451735
interoperability,20.633731901072295
interoperability ,20.633731901072295
itjb job,20.608468469406382
itjb job ,20.608468469406382
java,20.34358604646616
java ,20.34358604646616
design ,20.34059687943454
design,20.34059687943454
method ,20.337607712402924
method,20.337607712402924
execution,20.134467771556363
reflection,20.134467771556363
reflection ,20.134467771556363
execution ,20.134467771556363
tiddlywiki adaptation ,20.011271183918463
mediawiki skin,20.011271183918463
mediawiki skin ,20.011271183918463
tiddlywiki adaptation,20.011271183918463
newer ,19.961805981918065
newer,19.961805981918065
function,19.954631981042176
function ,19.954631981042176
interaction ,19.92593597753863
interaction,19.92593597753863
restriction ,19.821363425385442
root,19.821363425385442
reachable ,19.821363425385442
subset ,19.821363425385442
root ,19.821363425385442
debugging ,19.821363425385442
restriction,19.821363425385442
subset,19.821363425385442
reachable,19.821363425385442
debugging,19.821363425385442
guthrie ,19.803428423195722
heap,19.803428423195722
guthrie,19.803428423195722
heap ,19.803428423195722
entire,19.785493421006002
entire ,19.785493421006002
iis powered ,19.74330560562337
dice holding,19.74330560562337
dice holding ,19.74330560562337
iis powered,19.74330560562337
mediawiki,19.63966359545477
mediawiki ,19.63966359545477
architecture,19.516224817714374
architecture ,19.516224817714374
iis ms-sql ,19.502862461390926
tikiwiki upgrader,19.502862461390926
knowledge creation,19.502862461390926
activity stream ,19.502862461390926
social collaboration,19.502862461390926
iis ms-sql,19.502862461390926
geotag way ,19.502862461390926
wikiwikiweb clone,19.502862461390926
knowledge creation ,19.502862461390926
european union,19.502862461390926
www mindtouch,19.502862461390926
european union ,19.502862461390926
www mindtouch ,19.502862461390926
activity stream,19.502862461390926
social collaboration ,19.502862461390926
tikiwiki upgrader ,19.502862461390926
wikiwikiweb clone ,19.502862461390926
windows freshness,19.502862461390926
geotag way,19.502862461390926
windows freshness ,19.502862461390926
type ,19.45898765168704
type,19.45898765168704
minimalist gnu ,19.234896883095836
minimalist gnu,19.234896883095836
document ,19.212156250536292
document,19.212156250536292
foundation,18.975155432101374
foundation ,18.975155432101374
template,18.362193045917934
template ,18.362193045917934
job,17.826678228653563
job ,17.826678228653563
linux,17.539262117536467
linux ,17.539262117536467
term ,17.450420929280963
term,17.450420929280963
site,17.36432086297565
site ,17.36432086297565
enterprise,17.240123643025537
enterprise ,17.240123643025537
information ,16.97664883398436
information,16.97664883398436
mobile ,16.76221797535465
cpu ,16.76221797535465
cpu,16.76221797535465
mobile,16.76221797535465
installation,16.0430908317634
installation ,16.0430908317634
page ,15.826799866334285
page,15.826799866334285
blog,15.825457156349767
blog ,15.825457156349767
area ,15.619024255252253
metadata,15.619024255252253
area,15.619024255252253
metadata ,15.619024255252253
demand,15.430819980235075
demand ,15.430819980235075
complete,15.430819980235075
complete ,15.430819980235075
long ,15.299747784696498
space,15.299747784696498
space ,15.299747784696498
subject ,15.299747784696498
vendor ,15.299747784696498
subject,15.299747784696498
crossnet ,15.299747784696498
amount ,15.299747784696498
landwerth ,15.299747784696498
vendor,15.299747784696498
crossnet,15.299747784696498
introduction,15.299747784696498
long,15.299747784696498
landwerth,15.299747784696498
introduction ,15.299747784696498
instruction ,15.299747784696498
amount,15.299747784696498
instruction,15.299747784696498
ship ,15.299747784696498
ship,15.299747784696498
cosyne,15.29554005774603
cosyne ,15.29554005774603
overview,15.26387778031706
overview ,15.26387778031706
portion ,15.26387778031706
reason,15.26387778031706
portion,15.26387778031706
reason ,15.26387778031706
purpose ,15.0878881002512
purpose,15.0878881002512
behavior,15.05201809587176
behavior ,15.05201809587176
hardware,15.05201809587176
hardware ,15.05201809587176
strong ,15.016148091492322
strong,15.016148091492322
easy ,14.970272474871843
easy,14.970272474871843
alternative ,14.933997955557896
alternative,14.933997955557896
contact ,14.654667320092434
contact,14.654667320092434
link,14.319342256267102
link ,14.319342256267102
community ,14.133570856307143
community,14.133570856307143
right,13.883540280201773
right ,13.883540280201773
simple ,13.762737827873284
simple,13.762737827873284
error ,13.060193740329666
error,13.060193740329666
forum ,13.02828922590069
forum,13.02828922590069
program ,12.77285684310018
program,12.77285684310018
extensible,12.238685353144353
extensible ,12.238685353144353
news,11.883895736873617
news ,11.883895736873617
process,11.874928235778757
process ,11.874928235778757
database ,11.534665197181665
database,11.534665197181665
foswiki,11.462318236588754
foswiki ,11.462318236588754
tiki,11.444383234399034
tiki ,11.444383234399034
disk,11.351828308794342
disk ,11.351828308794342
multi,11.311402641624477
multi ,11.311402641624477
wikipedia,11.268082583735527
wikipedia ,11.268082583735527
update ,10.780103125002315
update,10.780103125002315
grant ,10.762168122812595
grant,10.762168122812595
content ,10.54297710608104
content,10.54297710608104
exchange,10.123631183063948
exchange ,10.123631183063948
view,10.087761178684508
previous ,10.087761178684508
view ,10.087761178684508
previous,10.087761178684508
commitment,9.827983843803135
commitment ,9.827983843803135
lack ,9.339169150134191
unobfuscated,9.339169150134191
unobfuscated ,9.339169150134191
lack,9.339169150134191
book,9.321234147944471
book ,9.321234147944471
issue,9.303299145754751
issue ,9.303299145754751
risk,9.303299145754751
risk ,9.303299145754751
mysql ,8.94674869158128
alpha,8.94674869158128
mysql,8.94674869158128
alpha ,8.94674869158128
wikiwikiweb,8.928813689391562
wikiwikiweb ,8.928813689391562
dokuwiki ,8.928813689391562
dokuwiki,8.928813689391562
read,8.875008682822402
read ,8.875008682822402
graph,8.77563035484939
graph ,8.77563035484939
manifest ,8.41178353569795
manifest,8.41178353569795
topic,8.39384853350823
topic ,8.39384853350823
question,8.378841940687881
question ,8.378841940687881
navigation,8.37591353131851
programmer ,8.37591353131851
programmer,8.37591353131851
navigation ,8.37591353131851
zdnet ,7.32366355569994
announcement ,7.32366355569994
isbn,7.32366355569994
bypassing,7.32366355569994
codeplex,7.32366355569994
possibility ,7.32366355569994
chen ,7.32366355569994
hewlett-packard,7.32366355569994
adoption ,7.32366355569994
element,7.32366355569994
codeplex ,7.32366355569994
consequence ,7.32366355569994
efficiency ,7.32366355569994
isbn ,7.32366355569994
inkball ,7.32366355569994
gaming,7.32366355569994
vmware ,7.32366355569994
instantiation ,7.32366355569994
case,7.32366355569994
pool ,7.32366355569994
rotor,7.32366355569994
bypassing ,7.32366355569994
hacking ,7.32366355569994
zdnet,7.32366355569994
emulator ,7.32366355569994
contrast,7.32366355569994
mips,7.32366355569994
addition ,7.32366355569994
disadvantage,7.32366355569994
cyberthreat ,7.32366355569994
concern ,7.32366355569994
addition,7.32366355569994
disadvantage ,7.32366355569994
location ,7.32366355569994
cyberthreat,7.32366355569994
partner,7.32366355569994
administrator ,7.32366355569994
loss ,7.32366355569994
burden ,7.32366355569994
announcement,7.32366355569994
non-starter ,7.32366355569994
harder ,7.32366355569994
arm ,7.32366355569994
concern,7.32366355569994
chen,7.32366355569994
dotgnu ,7.32366355569994
intel ,7.32366355569994
location,7.32366355569994
pointer ,7.32366355569994
non-starter,7.32366355569994
relicensing,7.32366355569994
foreword,7.32366355569994
xenocode,7.32366355569994
chinnathambi,7.32366355569994
rotor ,7.32366355569994
gaming ,7.32366355569994
association,7.32366355569994
foley ,7.32366355569994
chunk ,7.32366355569994
variety,7.32366355569994
chunk,7.32366355569994
effort ,7.32366355569994
dotgnu,7.32366355569994
relicensing ,7.32366355569994
safenet ,7.32366355569994
gartner ,7.32366355569994
wikibook,7.32366355569994
xenocode ,7.32366355569994
hope,7.32366355569994
lab,7.32366355569994
association ,7.32366355569994
condition ,7.32366355569994
foley,7.32366355569994
pointer,7.32366355569994
hierarchy,7.32366355569994
efficiency,7.32366355569994
safenet,7.32366355569994
emulator,7.32366355569994
hewlett-packard ,7.32366355569994
hope ,7.32366355569994
tomboy,7.32366355569994
element ,7.32366355569994
condition,7.32366355569994
possibility,7.32366355569994
case ,7.32366355569994
chinnathambi ,7.32366355569994
variety ,7.32366355569994
tomboy ,7.32366355569994
superset ,7.32366355569994
stewardship,7.32366355569994
wikibook ,7.32366355569994
pool,7.32366355569994
hierarchy ,7.32366355569994
adoption,7.32366355569994
hacking,7.32366355569994
consequence,7.32366355569994
partner ,7.32366355569994
gartner,7.32366355569994
loss,7.32366355569994
inkball,7.32366355569994
disclaimer ,7.32366355569994
effort,7.32366355569994
vmware,7.32366355569994
mips ,7.32366355569994
contrast ,7.32366355569994
intel,7.32366355569994
disclaimer,7.32366355569994
lab ,7.32366355569994
burden,7.32366355569994
arm,7.32366355569994
harder,7.32366355569994
superset,7.32366355569994
stewardship ,7.32366355569994
foreword ,7.32366355569994
instantiation,7.32366355569994
administrator,7.32366355569994
derived,7.30572855351022
derived ,7.30572855351022
end,7.296761052415361
end ,7.296761052415361
reasonable,7.287793551320501
reasonable ,7.287793551320501
href,7.086976122596556
href ,7.086976122596556
portal,6.853936226164328
portal ,6.853936226164328
intranet ,6.818066221784889
intranet,6.818066221784889
powered ,6.801075542111745
powered,6.801075542111745
keypair ,6.4204049524452005
filename ,6.4204049524452005
cryptography,6.4204049524452005
note,6.4204049524452005
portability ,6.4204049524452005
cryptography ,6.4204049524452005
revision,6.4204049524452005
culture,6.4204049524452005
possession,6.4204049524452005
instance,6.4204049524452005
supervision,6.4204049524452005
smartphone,6.4204049524452005
smartphone ,6.4204049524452005
datatype,6.4204049524452005
datatype ,6.4204049524452005
culture ,6.4204049524452005
instance ,6.4204049524452005
note ,6.4204049524452005
keypair,6.4204049524452005
revision ,6.4204049524452005
supervision ,6.4204049524452005
portability,6.4204049524452005
possession ,6.4204049524452005
filename,6.4204049524452005
validation ,6.384534948065761
verification,6.384534948065761
validation,6.384534948065761
verification ,6.384534948065761
integrate ,6.330729941496602
integrate,6.330729941496602
detail ,4.66097325703828
extensione ,4.66097325703828
mozilla,4.66097325703828
world,4.66097325703828
themeable ,4.66097325703828
info,4.66097325703828
postgre,4.66097325703828
oracle,4.66097325703828
target,4.66097325703828
smarty ,4.66097325703828
pre-alpha ,4.66097325703828
mozilla ,4.66097325703828
extranets,4.66097325703828
jquery,4.66097325703828
extranets ,4.66097325703828
detail,4.66097325703828
firebird ,4.66097325703828
interest ,4.66097325703828
world ,4.66097325703828
mature ,4.66097325703828
acl ,4.66097325703828
calendar,4.66097325703828
calendar ,4.66097325703828
firebird,4.66097325703828
planning ,4.66097325703828
robot,4.66097325703828
robot ,4.66097325703828
postgre ,4.66097325703828
refine ,4.66097325703828
kind ,4.66097325703828
openlayersmap ,4.66097325703828
interest,4.66097325703828
mindtouch--software,4.66097325703828
openlayersmap,4.66097325703828
extensione,4.66097325703828
planning,4.66097325703828
jquery ,4.66097325703828
themeable,4.66097325703828
relationship ,4.66097325703828
acl,4.66097325703828
target ,4.66097325703828
pre-alpha,4.66097325703828
smarty,4.66097325703828
relationship,4.66097325703828
info ,4.66097325703828
mature,4.66097325703828
oracle ,4.66097325703828
refine,4.66097325703828
kind,4.66097325703828
mindtouch--software ,4.66097325703828
workspace,4.643038254848561
research ,4.643038254848561
home,4.643038254848561
workspace ,4.643038254848561
home ,4.643038254848561
research,4.643038254848561
light,4.63108158672208
light ,4.63108158672208
fun ,4.617929251782954
fun,4.617929251782954
height,4.393007678743188
llc ,4.393007678743188
neudesic ,4.393007678743188
spelling,4.393007678743188
url ,4.393007678743188
hosted,4.393007678743188
width ,4.393007678743188
url,4.393007678743188
llc,4.393007678743188
neudesic,4.393007678743188
height ,4.393007678743188
spelling ,4.393007678743188
width,4.393007678743188
hosted ,4.393007678743188
hub ,0.0
hub,0.0
