double |Double |double ,3.3336302543410405
maxdegree |maxDegree ,3.0466938322593538
similaritysum |similaritySum ,2.9888509663037497
max |max ,2.923234143092189
project |project ,2.7623108602336206
int i 0 |int i 0 ,2.7623108602336206
int i |int i ,2.7623108602336206
game |game ,2.6625704273322626
int j |int j ,2.5457199698876196
measure |measure ,2.406966054536113
nodesimilarity i j |nodeSimilarity i j ,2.406966054536113
outnodelista get i |outNodeListA get i ,2.406966054536113
innodesimilarity i j |inNodeSimilarity i j ,2.406966054536113
innodelista get i |inNodeListA get i ,2.406966054536113
google |Google ,2.406966054536113
return |return ,2.406966054536113
out-degree |out-degree ,2.2392856290159537
maxindex |maxIndex ,2.2392856290159537
finalgraphsimilarity |finalGraphSimilarity ,2.2392856290159537
outnodelistb get j |outNodeListB get j ,2.2392856290159537
innodelistb get j |inNodeListB get j ,2.2392856290159537
i graphsizea |i graphSizeA ,2.0317877329376595
j graphsizeb |j graphSizeB ,2.0317877329376595
indegreenodelist |inDegreeNodeList ,2.0317877329376595
innodelista get i size |inNodeListA get i size ,2.0317877329376595
outdegreenodelist |outDegreeNodeList ,2.0317877329376595
enumeration function |Enumeration functions |enumeration function |enumeration functions ,2.0317877329376595
add |add ,2.0317877329376595
outnodelista get i size |outNodeListA get i size ,2.0317877329376595
alarm |alarm ,2.0317877329376595
in-degree |in-degree ,2.0317877329376595
degree similarity |degree similarity ,2.0317877329376595
temp |temp ,1.7662237967185483
outnodelistb get j size |outNodeListB get j size ,1.7662237967185483
s i j |S i j ,1.7662237967185483
mindegree |minDegree ,1.7662237967185483
person |person ,1.7662237967185483
nodelist |nodeList ,1.7662237967185483
innodelistb get j size |inNodeListB get j size ,1.7662237967185483
computer science |Computer Science |computer science ,1.7662237967185483
node similarity |node similarity ,1.7662237967185483
change |Change ,1.5457199698876194
account |account ,1.5457199698876194
log |Log ,1.5457199698876194
player |players ,1.4083806841042792
code |code ,1.4083806841042792
message |messages ,1.4083806841042792
measuring graph similarity |Measuring Graph similarity ,1.4083806841042792
method |method ,1.4083806841042792
iteration |iteration ,1.4083806841042792
0 outnodesimilarity i j |0 outNodeSimilarity i j ,1.4083806841042792
i graphsize |i graphSize ,1.4083806841042792
arraylist integer |ArrayList Integer ,1.4083806841042792
in-degree and out-degree |in-degree and out-degree ,1.4083806841042792
alarm clock |alarm clock ,1.4083806841042792
september 2014 |September 2014 ,1.4083806841042792
i graphsize i |i graphSize i ,1.4083806841042792
function |functions ,1.4083806841042792
epsilon |epsilon ,1.4083806841042792
maximum similarity |maximum similarity ,1.4083806841042792
similarity |similarity |Similarity ,1.2625890629613663
graph |graph |Graph |graphs ,1.2623588127515453
standalone |standalone ,1.2606749780224478
jms |JMS ,1.238516094713093
node |node |nodes ,1.2363655433694707
queue |queue ,1.222384769989255
file |files |file ,1.1827729851713196
neighbor matching |Neighbor Matching |neighbor matching ,1.16772602693991
jboss as7 |JBoss AS7 ,1.1394668776894146
java |java ,1.0317877329376592
neighbor |neighbors |neighbor ,1.0317877329376592
similarity measure |similarity measures |similarity measure ,1.0317877329376592
standalone-full xml |standalone-full xml ,0.9610294996266595
graphb getgraphsize |graphB getGraphSize ,0.8814448128320238
mathematics |Mathematics ,0.8814448128320238
max nodesimilarity node key |max nodeSimilarity node key ,0.8814448128320238
double maxdegree |Double maxDegree |double maxDegree ,0.8814448128320238
exception |Exception ,0.8814448128320238
node i |node i ,0.8814448128320238
tank |tanks ,0.8814448128320238
valuemap put maxindex |valueMap put maxIndex ,0.8814448128320238
ai code |AI code ,0.8814448128320238
following |Followings |Following ,0.8814448128320238
graphb getnodelist |graphB getNodeList ,0.8814448128320238
j neighborlistmax size |j neighborListMax size ,0.8814448128320238
configure |Configure ,0.8814448128320238
k 1 th iteration |k 1 th iteration ,0.8814448128320238
neighbor matching dulanga |Neighbor Matching Dulanga ,0.8814448128320238
public list list |public List List ,0.8814448128320238
decimalformat 0 000 |DecimalFormat 0 000 ,0.8814448128320238
accuracy |accuracy ,0.8814448128320238
0 0 similaritysum |0 0 similaritySum ,0.8814448128320238
matching |matching ,0.8814448128320238
double similaritysum 0 0 |double similaritySum 0 0 ,0.8814448128320238
int key |int key ,0.8814448128320238
measuring similarity |Measuring Similarity ,0.8814448128320238
path |path ,0.8814448128320238
int node |int node ,0.8814448128320238
neighborlistmax get j |neighborListMax get j ,0.8814448128320238
grapha getnodelist |graphA getNodeList ,0.8814448128320238
arraylist list integer |ArrayList List Integer ,0.8814448128320238
nodesimilarity node key |nodeSimilarity node key ,0.8814448128320238
outnodesimilarity i j 2 |outNodeSimilarity i j 2 ,0.8814448128320238
system |System ,0.8814448128320238
similaritysum maxdegree |similaritySum maxDegree ,0.8814448128320238
equation |equations ,0.8814448128320238
nodesimilarity key node |nodeSimilarity key node ,0.8814448128320238
int maxindex -1 |int maxIndex -1 ,0.8814448128320238
decimalformat f |DecimalFormat f ,0.8814448128320238
valuemap containskey key |valueMap containsKey key ,0.8814448128320238
competition |competition ,0.8814448128320238
similarity value |similarity values ,0.8814448128320238
grapha getgraphsize |graphA getGraphSize ,0.8814448128320238
information |information ,0.8814448128320238
setdegreenodelist |setDegreeNodeList ,0.8814448128320238
graph node similarity |graph node similarity ,0.8814448128320238
neighborlistmin get i |neighborListMin get i ,0.8814448128320238
max nodesimilarity key node |max nodeSimilarity key node ,0.8814448128320238
double max |double max ,0.8814448128320238
math abs nodesimilarity i j |Math abs nodeSimilarity i j ,0.8814448128320238
enterprise |enterprises ,0.8814448128320238
double valueof 0 |Double valueOf 0 ,0.8814448128320238
solution |solution ,0.8814448128320238
measuresimilarity |measureSimilarity ,0.8814448128320238
user |users |user ,0.8814448128320238
jms queue configuration |JMS queue configurations |JMS queue configuration ,0.8623120613204164
graph similarity |Graph similarity |Graph Similarity |graph similarity ,0.8393159139808231
server |server ,0.7704544803024871
email |email ,0.7662237967185482
algorithm |Algorithms |algorithm ,0.5585671385606766
neighbor node |neighbor nodes ,0.44038276534625803
application |applications ,0.44038276534625803
technique |technique |techniques ,0.44038276534625803
queue configuration |queue configurations ,0.44038276534625803
version |versions ,0.44038276534625803
september 20 |September 20 ,0.44038276534625803
default configuration |default configurations ,0.44038276534625803
september 19 |September 19 ,0.44038276534625803
paper |paper ,0.44038276534625803
dulanga |Dulanga ,0.25150468523209735
standalone xml |standalone xml ,0.2363655433694706
jbos |JBoss ,0.2314756089436129
similarity score |similarity score |similarity scores ,0.2237918750002569
jms queue |JMS queue ,0.2223847699892549
goran theme |Goran Theme ,0.14352963928183288
wordpres |WordPress ,0.13946687768941451
blog |blog |Blog ,0.11587708402941625
website |website ,-0.0389705003733404
inmplementation |inmplementation ,-0.05969487104375554
computer vision ans web application |Computer Vision ans Web Applications ,-0.05969487104375554
calculate using following function |calculate using following function ,-0.05969487104375554
google email password stay |Google Email Password Stay ,-0.05969487104375554
sigmacv final year project |SigmaCV Final Year Project ,-0.05969487104375554
return graphsize |return graphSize ,-0.05969487104375554
python openmrs-module-hl7query an openmrs module |Python openmrs-module-hl7query An OpenMRS module ,-0.05969487104375554
junction |junctions ,-0.05969487104375554
ai game |AI game ,-0.05969487104375554
game source |Game source ,-0.05969487104375554
faculty |Faculty ,-0.05969487104375554
public int |public int ,-0.05969487104375554
computer |computer ,-0.05969487104375554
water pits and wall |water pits and walls ,-0.05969487104375554
initialize in-degree |initialize in-degree ,-0.05969487104375554
return outdegreenodelist |return outDegreeNodeList ,-0.05969487104375554
loop |loop ,-0.05969487104375554
public class graph |public class Graph ,-0.05969487104375554
recruitment helper |recruitment helper ,-0.05969487104375554
outdegreenodelist get i add j |outDegreeNodeList get i add j ,-0.05969487104375554
simple kernel and shell |simple kernel and shell ,-0.05969487104375554
double valuemap |Double valueMap ,-0.05969487104375554
get indegreenodelist |get InDegreeNodeList ,-0.05969487104375554
b s i |B S i ,-0.05969487104375554
double temp |double temp ,-0.05969487104375554
similarity measure measuring graph similarity |similarity measure Measuring Graph similarity ,-0.05969487104375554
information retrieval module |Information Retrieval module ,-0.05969487104375554
fran ais france |Fran ais France ,-0.05969487104375554
return graph |return graph ,-0.05969487104375554
sign |Sign ,-0.05969487104375554
utilizing rsa and ae |utilizing RSA and AES ,-0.05969487104375554
1 graphb getgraphsize |1 graphB getGraphSize ,-0.05969487104375554
day |day ,-0.05969487104375554
wall |walls ,-0.05969487104375554
afrikaans |Afrikaans ,-0.05969487104375554
previous similarity |previous similarity ,-0.05969487104375554
utilizing rsa |utilizing RSA ,-0.05969487104375554
department |department ,-0.05969487104375554
robot link |Robot Link ,-0.05969487104375554
response |response ,-0.05969487104375554
public void setnodelist |public void setNodeList ,-0.05969487104375554
graph similarity measuring graph similarity |Graph Similarity Measuring Graph similarity ,-0.05969487104375554
maximum similarity value |maximum similarity values ,-0.05969487104375554
kegglle site predicting excitement |Kegglle site Predicting Excitement ,-0.05969487104375554
valuemap value |valueMap values ,-0.05969487104375554
game website |game website ,-0.05969487104375554
help |help ,-0.05969487104375554
convenience |convenience ,-0.05969487104375554
multi-player tank game |multi-player tank game ,-0.05969487104375554
ai part |AI part ,-0.05969487104375554
dulanga sashika undergraduate student |Dulanga Sashika Undergraduate Student ,-0.05969487104375554
final |final ,-0.05969487104375554
graph i j |graph i j ,-0.05969487104375554
messages java profile-seeker |messages Java Profile-Seeker ,-0.05969487104375554
private list list integer indegreenodelist |private List List Integer inDegreeNodeList ,-0.05969487104375554
belgrade l zager |Belgrade L Zager ,-0.05969487104375554
enumerationfunction innodelista get i |enumerationFunction inNodeListA get i ,-0.05969487104375554
private list integer nodelist |private List Integer nodeList ,-0.05969487104375554
month |Month ,-0.05969487104375554
converge |converge ,-0.05969487104375554
additional precaution |additional precautions ,-0.05969487104375554
subject |subjects ,-0.05969487104375554
system out println |System out println ,-0.05969487104375554
download the java source |download the java source ,-0.05969487104375554
double finalgraphsimilarity |Double finalGraphSimilarity ,-0.05969487104375554
public double enumerationfunction list integer |public double enumerationFunction List Integer ,-0.05969487104375554
true |true ,-0.05969487104375554
filipino fran ais canada |Filipino Fran ais Canada ,-0.05969487104375554
robot |robot ,-0.05969487104375554
alarm tone |alarm tone ,-0.05969487104375554
maximum similarity value difference |maximum similarity value difference ,-0.05969487104375554
web applications configure |Web Applications Configure ,-0.05969487104375554
outdegreenodelist add |outDegreeNodeList add ,-0.05969487104375554
design |design ,-0.05969487104375554
sensing panel |sensing panel ,-0.05969487104375554
recruiting process |recruiting process ,-0.05969487104375554
enumerationfunction outnodelista get i |enumerationFunction outNodeListA get i ,-0.05969487104375554
maxdifference epsilon |maxDifference epsilon ,-0.05969487104375554
hashmap integer |HashMap Integer ,-0.05969487104375554
extension java tankgame |extension Java TankGame ,-0.05969487104375554
enumerationfunction graphb getnodelist |enumerationFunction graphB getNodeList ,-0.05969487104375554
portugal |Portugal ,-0.05969487104375554
bed |bed ,-0.05969487104375554
public double getgraphsimilarity |public Double getGraphSimilarity ,-0.05969487104375554
mladen nikolic |Mladen Nikolic ,-0.05969487104375554
multiple player |multiple players ,-0.05969487104375554
server and java |server and java ,-0.05969487104375554
public integer |public Integer ,-0.05969487104375554
similarity score matrix |similarity score matrix ,-0.05969487104375554
google google one account |Google Google One account ,-0.05969487104375554
similaritysum enumerationfunction outnodelistb get j |similaritySum enumerationFunction outNodeListB get j ,-0.05969487104375554
undergraduate student |undergraduate student ,-0.05969487104375554
google privacy term |Google Privacy Terms ,-0.05969487104375554
enumerationfunction grapha getnodelist |enumerationFunction graphA getNodeList ,-0.05969487104375554
javascript |javascript ,-0.05969487104375554
problem |problems ,-0.05969487104375554
snooze button |snooze button ,-0.05969487104375554
donors choose |Donors Choose ,-0.05969487104375554
facebook google linkedin |Facebook Google LinkedIn ,-0.05969487104375554
smart wake-up-sensing digital alarm clock |Smart wake-up-sensing digital alarm clock ,-0.05969487104375554
graph similarity scoring and matching |Graph similarity scoring and matching ,-0.05969487104375554
moratuwa |Moratuwa ,-0.05969487104375554
basic operation |basic operations ,-0.05969487104375554
g verghese |G Verghese ,-0.05969487104375554
given node list |given node list ,-0.05969487104375554
boolean |boolean ,-0.05969487104375554
black path |black path ,-0.05969487104375554
engineering skill development project |engineering skill development project ,-0.05969487104375554
private integer graph |private Integer graph ,-0.05969487104375554
single percentage |single percentage ,-0.05969487104375554
double valueof f format finalgraphsimilarity |Double valueOf f format finalGraphSimilarity ,-0.05969487104375554
web applications dulanga |Web Applications Dulanga ,-0.05969487104375554
aforementioned problem |aforementioned problem ,-0.05969487104375554
standing position |standing position ,-0.05969487104375554
0 grapha getgraphsize |0 graphA getGraphSize ,-0.05969487104375554
public void setdegreenodelist |public void setDegreeNodeList ,-0.05969487104375554
mini web project |mini web project ,-0.05969487104375554
public graph integer graph |public Graph Integer graph ,-0.05969487104375554
called epsilon |called epsilon ,-0.05969487104375554
public void initializesimilaritymatrice |public void initializeSimilarityMatrices ,-0.05969487104375554
connected graph |Connected graphs ,-0.05969487104375554
return nodelist |return nodeList ,-0.05969487104375554
ability |ability ,-0.05969487104375554
previous iteration |previous iteration ,-0.05969487104375554
main thing |main thing ,-0.05969487104375554
tank game link |Tank Game Link ,-0.05969487104375554
jms queue configuration configure |JMS queue configuration Configure ,-0.05969487104375554
assignment |assignment ,-0.05969487104375554
machine learning |Machine Learning ,-0.05969487104375554
similarity matrix |similarity matrix ,-0.05969487104375554
checked |checked ,-0.05969487104375554
applied mathematics letters 21 |Applied Mathematics Letters 21 ,-0.05969487104375554
neighboring node |neighboring nodes ,-0.05969487104375554
jms configure |JMS Configure ,-0.05969487104375554
ads rate |ads Rate ,-0.05969487104375554
int mindegree |int minDegree ,-0.05969487104375554
j add i |j add i ,-0.05969487104375554
calculate using following equation |calculate using following equations ,-0.05969487104375554
javascript workshop null |JavaScript workShop null ,-0.05969487104375554
simple kernel |simple kernel ,-0.05969487104375554
catch exception e e printstacktrace |catch Exception e e printStackTrace ,-0.05969487104375554
sleep appetite |sleep appetite ,-0.05969487104375554
private list list integer outdegreenodelist |private List List Integer outDegreeNodeList ,-0.05969487104375554
52 place |52 place ,-0.05969487104375554
public void measuresimilarity |public void measureSimilarity ,-0.05969487104375554
return finalgraphsimilarity |return finalGraphSimilarity ,-0.05969487104375554
ai code java |AI code java ,-0.05969487104375554
engineering |Engineering ,-0.05969487104375554
java warana warana |Java Warana Warana ,-0.05969487104375554
summation |summation ,-0.05969487104375554
gui c |GUI C ,-0.05969487104375554
rom n |rom n ,-0.05969487104375554
comment post navigation next postconfigure |comment Post navigation Next PostConfigure ,-0.05969487104375554
j graphsize |j graphSize ,-0.05969487104375554
norsk polski portugu s portugu |norsk polski Portugu s Portugu s ,-0.05969487104375554
shared device |shared devices ,-0.05969487104375554
game server |game server ,-0.05969487104375554
reference |References ,-0.05969487104375554
initializing function |initializing function ,-0.05969487104375554
moratuwa path |Moratuwa Path ,-0.05969487104375554
shell |shell ,-0.05969487104375554
graph b |graph B ,-0.05969487104375554
considerable amount |considerable amount ,-0.05969487104375554
tedious task |tedious task ,-0.05969487104375554
water pit |water pits ,-0.05969487104375554
false |false ,-0.05969487104375554
java socket programming |Java socket programming ,-0.05969487104375554
cryptico |cryptico ,-0.05969487104375554
terminate maxdifference |terminate maxDifference ,-0.05969487104375554
i 1 vote share |i 1 Vote Share ,-0.05969487104375554
return indegreenodelist |return inDegreeNodeList ,-0.05969487104375554
josh |JOSH ,-0.05969487104375554
create |Create ,-0.05969487104375554
position |positions ,-0.05969487104375554
brasil portugu |Brasil Portugu s ,-0.05969487104375554
assembly |Assembly ,-0.05969487104375554
graph similarity scoring |Graph similarity scoring ,-0.05969487104375554
hardware information |hardware information ,-0.05969487104375554
industrial approach |industrial approaches ,-0.05969487104375554
map integer |Map Integer ,-0.05969487104375554
basic function |basic functions ,-0.05969487104375554
white background |white background ,-0.05969487104375554
similaritysum enumerationfunction innodelistb get j |similaritySum enumerationFunction inNodeListB get j ,-0.05969487104375554
int graph |int graph ,-0.05969487104375554
double maxdifference |double maxDifference ,-0.05969487104375554
jms dulanga |JMS Dulanga ,-0.05969487104375554
design and implementation |design and implementation ,-0.05969487104375554
javascript graph similarity nm |JavaScript Graph Similarity NM ,-0.05969487104375554
computer science and engineering |Computer Science and Engineering ,-0.05969487104375554
graph similarity dulanga |Graph Similarity Dulanga ,-0.05969487104375554
intelligent alarm clock |intelligent alarm clock ,-0.05969487104375554
operating system |operating system ,-0.05969487104375554
throw e |throw e ,-0.05969487104375554
public list integer getnodelist setnodelist |public List Integer getNodeList setNodeList ,-0.05969487104375554
sensor panel |sensor panel ,-0.05969487104375554
project idea |project idea ,-0.05969487104375554
mark |marks ,-0.05969487104375554
presentation |presentation ,-0.05969487104375554
nodelist add i |nodeList add i ,-0.05969487104375554
digital electronic en2022 project |Digital Electronic EN2022 project ,-0.05969487104375554
object |object ,-0.05969487104375554
graph length |graph length ,-0.05969487104375554
given set |given set ,-0.05969487104375554
coin pile |coin piles ,-0.05969487104375554
private int graphsize |private int graphSize ,-0.05969487104375554
september 2014 configure |September 2014 Configure ,-0.05969487104375554
intelligent system |Intelligent Systems ,-0.05969487104375554
public list list integer getoutdegreenodelist |public List List Integer getOutDegreeNodeList ,-0.05969487104375554
list integer neighborlistmax |List Integer neighborListMax ,-0.05969487104375554
health pack |health packs ,-0.05969487104375554
dulanga sashika |Dulanga Sashika ,-0.08264246587140901
graph node |Graph Nodes ,-0.08264246587140901
search |Search ,-0.11855518716797622
facebook account |Facebook account ,-0.11855518716797622
reply cancel reply fill |Reply Cancel reply Fill ,-0.11855518716797622
change cancel connecting |Change Cancel Connecting ,-0.11855518716797622
img src |img src ,-0.11855518716797622
implementation |implementation ,-0.11855518716797622
data mining |Data Mining ,-0.11855518716797622
google account |Google account ,-0.11855518716797622
public name required website |public Name required Website ,-0.11855518716797622
icon |icon ,-0.11855518716797622
email required address |Email required Address ,-0.11855518716797622
website or blog |website or blog ,-0.14478449472534166
detail |details ,-0.17658181661687697
university |University ,-0.17658181661687697
follow |follows |follow ,-0.17799644618504326
s tech space skip |s Tech Space Skip ,-0.2337762032814518
simple concept |simple concept ,-0.290140361949703
social network graph |social network graph ,-0.290140361949703
quantitative measure |quantitative measure ,-0.290140361949703
data structure |data structures ,-0.290140361949703
example |Examples ,-0.290140361949703
real world problem |real world problems ,-0.290140361949703
web applicationstagged configuration |Web ApplicationsTagged configurations ,-0.290140361949703
dulanga sashika graph |Dulanga Sashika Graphs ,-0.290140361949703
jms queue support |JMS queue support ,-0.290140361949703
va and j vb |VA and j VB ,-0.290140361949703
twitter1 facebook18 google linkedin |Twitter1 Facebook18 Google LinkedIn ,-0.290140361949703
algorithmtagged graph node similarity |AlgorithmTagged graph node similarity ,-0.290140361949703
document |documents ,-0.290140361949703
jms configuration |JMS configuration ,-0.290140361949703
road map graph |road map graph ,-0.290140361949703
similar neighbor node |similar neighbor nodes ,-0.290140361949703
j vb |j VB ,-0.290140361949703
topic |topic ,-0.290140361949703
earlier version |earlier versions ,-0.290140361949703
research paper |research paper ,-0.290140361949703
directed graph |directed graphs ,-0.290140361949703
twitter1 facebook google linkedin |Twitter1 Facebook Google LinkedIn ,-0.290140361949703
research |researches ,-0.290140361949703
web graph |web graph ,-0.290140361949703
java code |java code ,-0.290140361949703
window |Windows ,-0.290140361949703
friend |friends ,-0.290140361949703
linux |Linux ,-0.290140361949703
present application |present applications ,-0.290140361949703
standalone-ha xml |standalone-ha xml ,-0.290140361949703
continue |Continue ,-0.33742957266773754
people |People |people ,-0.34567687170520284
comment |comment |comments ,-0.39869395179517353
post |post |posts ,-0.39869395179517353
share |Share ,-0.40761414120869205
thought |thoughts ,-0.4542800301123806
cancel img |Cancel img ,-0.4542800301123806
pixel |pixel ,-0.4542800301123806
optional post |optional Post ,-0.4542800301123806
loading |Loading ,-0.4735697287319084
technical experience |technical experiences ,-0.559617234653742
inbox |Inbox ,-0.559617234653742
d blogger |d bloggers ,-0.559617234653742
menu home |Menu Home ,-0.559617234653742
place |place ,-0.559617234653742
blog stats 554 |Blog Stats 554 ,-0.559617234653742
recent post |Recent Posts ,-0.559617234653742
follow dulanga |Follow Dulanga ,-0.559617234653742
alt |alt ,-0.6593576675551
