software ,100.0
software,100.0
engineering,86.69365721997302
engineering ,86.69365721997302
software engineering,46.47773279352227
software engineering ,46.47773279352227
engineer,33.25236167341431
engineer ,33.25236167341431
computer ,17.36842105263158
computer,17.36842105263158
software engineer ,16.923076923076923
software engineer,16.923076923076923
technology,14.696356275303645
technology ,14.696356275303645
edit,12.02429149797571
edit ,12.02429149797571
certification ,12.02429149797571
certification,12.02429149797571
system,11.875843454790825
system ,11.875843454790825
degree,11.875843454790825
degree ,11.875843454790825
science ,11.80161943319838
science,11.80161943319838
article,11.67791273054431
article ,11.67791273054431
development,10.688259109311742
development ,10.688259109311742
silver bullet ,9.79757085020243
silver bullet,9.79757085020243
programming,8.609986504723347
programming ,8.609986504723347
programmer,8.313090418353578
programmer ,8.313090418353578
computer science,8.238866396761134
computer science ,8.238866396761134
program ,8.016194331983806
program,8.016194331983806
project,7.422402159244266
project ,7.422402159244266
architecture,7.125506072874495
geoscientist,7.125506072874495
acm,7.125506072874495
code ,7.125506072874495
process,7.125506072874495
geoscientist ,7.125506072874495
code,7.125506072874495
acm ,7.125506072874495
process ,7.125506072874495
architecture ,7.125506072874495
needed ,6.828609986504723
ieee ,6.828609986504723
ieee,6.828609986504723
needed,6.828609986504723
isbn,6.680161943319838
term ,6.680161943319838
professional engineer,6.680161943319838
term,6.680161943319838
isbn ,6.680161943319838
professional engineer ,6.680161943319838
citation ,6.531713900134954
citation,6.531713900134954
licensing,6.234817813765183
experimental software engineering,6.234817813765183
licensing ,6.234817813765183
public,6.234817813765183
experimental software engineering ,6.234817813765183
public ,6.234817813765183
discipline,6.012145748987855
discipline ,6.012145748987855
software development ,5.937921727395413
software development,5.937921727395413
engineering discipline ,5.7894736842105265
work ,5.7894736842105265
title,5.7894736842105265
title ,5.7894736842105265
engineering discipline,5.7894736842105265
work,5.7894736842105265
practice ,5.700404858299596
practice,5.700404858299596
job,5.344129554655871
category,5.344129554655871
job ,5.344129554655871
category ,5.344129554655871
guide,5.344129554655871
use ,5.344129554655871
british columbia,5.344129554655871
guide ,5.344129554655871
british columbia ,5.344129554655871
use,5.344129554655871
approach,5.047233468286101
approach ,5.047233468286101
quality,4.898785425101215
practitioner,4.898785425101215
theory,4.898785425101215
problem ,4.898785425101215
problem,4.898785425101215
practitioner ,4.898785425101215
method ,4.898785425101215
method,4.898785425101215
quality ,4.898785425101215
theory ,4.898785425101215
field ,4.809716599190284
field,4.809716599190284
history,4.453441295546559
skill,4.453441295546559
first ,4.453441295546559
association,4.453441295546559
skill ,4.453441295546559
search ,4.453441295546559
exam ,4.453441295546559
association ,4.453441295546559
growth ,4.453441295546559
cost ,4.453441295546559
growth,4.453441295546559
search,4.453441295546559
computer programming,4.453441295546559
cost,4.453441295546559
history ,4.453441295546559
first,4.453441295546559
exam,4.453441295546559
computer programming ,4.453441295546559
world,4.008097165991903
link,4.008097165991903
world ,4.008097165991903
dijkstra ,4.008097165991903
analysis,4.008097165991903
analysis ,4.008097165991903
link ,4.008097165991903
dijkstra,4.008097165991903
requirement,3.8596491228070176
requirement ,3.8596491228070176
ethic ,3.7854251012145754
ethic,3.7854251012145754
profession,3.5627530364372473
brook,3.5627530364372473
empirical software engineering ,3.5627530364372473
swebok ,3.5627530364372473
department,3.5627530364372473
zealand,3.5627530364372473
profession ,3.5627530364372473
book,3.5627530364372473
knowledge,3.5627530364372473
nato,3.5627530364372473
zealand ,3.5627530364372473
report,3.5627530364372473
apegbc ,3.5627530364372473
machine ,3.5627530364372473
machine,3.5627530364372473
software project ,3.5627530364372473
research ,3.5627530364372473
report ,3.5627530364372473
conference,3.5627530364372473
software project,3.5627530364372473
empirical software engineering,3.5627530364372473
swebok,3.5627530364372473
brook ,3.5627530364372473
conference ,3.5627530364372473
knowledge ,3.5627530364372473
apegbc,3.5627530364372473
book ,3.5627530364372473
research,3.5627530364372473
nato ,3.5627530364372473
department ,3.5627530364372473
tool,3.265856950067477
canada,3.265856950067477
canada ,3.265856950067477
university ,3.265856950067477
tool ,3.265856950067477
university,3.265856950067477
labor,3.1174089068825914
business,3.1174089068825914
computing ,3.1174089068825914
united state ,3.1174089068825914
computing,3.1174089068825914
concept,3.1174089068825914
business ,3.1174089068825914
concept ,3.1174089068825914
united state,3.1174089068825914
labor ,3.1174089068825914
maintenance ,3.0537883169462123
maintenance,3.0537883169462123
design,2.968960863697706
license ,2.968960863697706
design ,2.968960863697706
license,2.968960863697706
hardware,2.968960863697706
hardware ,2.968960863697706
aspect,2.8947368421052633
aspect ,2.8947368421052633
internet ,2.6720647773279356
help ,2.6720647773279356
help,2.6720647773279356
ieee computer society,2.6720647773279356
north ,2.6720647773279356
apegga ,2.6720647773279356
software crisis ,2.6720647773279356
experience ,2.6720647773279356
icelandic ,2.6720647773279356
ethical code,2.6720647773279356
software engineering degree,2.6720647773279356
society,2.6720647773279356
master ,2.6720647773279356
level,2.6720647773279356
iceland ,2.6720647773279356
basili ,2.6720647773279356
steve,2.6720647773279356
software engineering institute ,2.6720647773279356
wikipedia article ,2.6720647773279356
developer ,2.6720647773279356
no silver bullet,2.6720647773279356
interest ,2.6720647773279356
display ,2.6720647773279356
level ,2.6720647773279356
software production ,2.6720647773279356
specification ,2.6720647773279356
fred brook ,2.6720647773279356
p eng,2.6720647773279356
distance ,2.6720647773279356
north,2.6720647773279356
management ,2.6720647773279356
configuration,2.6720647773279356
mcconnell,2.6720647773279356
outsourcing ,2.6720647773279356
software engineering degree ,2.6720647773279356
icelandic,2.6720647773279356
ieee computer society ,2.6720647773279356
software production,2.6720647773279356
specification,2.6720647773279356
developer,2.6720647773279356
steve ,2.6720647773279356
display,2.6720647773279356
curriculum,2.6720647773279356
iceland,2.6720647773279356
distance,2.6720647773279356
experiment,2.6720647773279356
experience,2.6720647773279356
professional certification ,2.6720647773279356
management,2.6720647773279356
mcconnell ,2.6720647773279356
experiment ,2.6720647773279356
basili,2.6720647773279356
society ,2.6720647773279356
outsourcing,2.6720647773279356
master,2.6720647773279356
interest,2.6720647773279356
p eng ,2.6720647773279356
no silver bullet ,2.6720647773279356
curriculum ,2.6720647773279356
software crisis,2.6720647773279356
configuration ,2.6720647773279356
software engineering institute,2.6720647773279356
wikipedia article,2.6720647773279356
professional certification,2.6720647773279356
internet,2.6720647773279356
fred brook,2.6720647773279356
apegga,2.6720647773279356
ethical code ,2.6720647773279356
unsourced statement ,2.493927125506073
unsourced statement,2.493927125506073
organization,2.4493927125506074
organization ,2.4493927125506074
ontario ,2.375168690958165
ontario,2.375168690958165
decade ,2.2267206477732797
external link,2.2267206477732797
education ,2.2267206477732797
education,2.2267206477732797
parnas ,2.2267206477732797
external link ,2.2267206477732797
parnas,2.2267206477732797
decade,2.2267206477732797
application,2.1631000578369
application ,2.1631000578369
statistic ,2.0782726045883946
texas,2.0782726045883946
texas ,2.0782726045883946
statistic,2.0782726045883946
people ,2.0040485829959516
people,2.0040485829959516
state,2.0040485829959516
state ,2.0040485829959516
wikipedia,1.9433198380566803
wikipedia ,1.9433198380566803
professional engineering ,1.7813765182186236
area ,1.7813765182186236
pdf ,1.7813765182186236
humphrey ,1.7813765182186236
software design,1.7813765182186236
edsger w ,1.7813765182186236
michael a jackson,1.7813765182186236
style editing ,1.7813765182186236
additional reference ,1.7813765182186236
complexity,1.7813765182186236
professional engineer license ,1.7813765182186236
information system ,1.7813765182186236
writing ,1.7813765182186236
selby ,1.7813765182186236
professional engineering,1.7813765182186236
isern,1.7813765182186236
fault ,1.7813765182186236
include ,1.7813765182186236
globalization,1.7813765182186236
fault,1.7813765182186236
formal method,1.7813765182186236
formal method ,1.7813765182186236
isern ,1.7813765182186236
information system,1.7813765182186236
software testing ,1.7813765182186236
pdf,1.7813765182186236
no silver ,1.7813765182186236
professional engineers ontario ,1.7813765182186236
peo,1.7813765182186236
validation,1.7813765182186236
iccp,1.7813765182186236
property damage,1.7813765182186236
schedule ,1.7813765182186236
additional reference,1.7813765182186236
institute ,1.7813765182186236
professional software engineering ,1.7813765182186236
professionalism,1.7813765182186236
professional software engineering,1.7813765182186236
complexity ,1.7813765182186236
randell ,1.7813765182186236
productivity ,1.7813765182186236
professional engineers ontario,1.7813765182186236
software process ,1.7813765182186236
software developer ,1.7813765182186236
quebec ,1.7813765182186236
validation ,1.7813765182186236
edsger w,1.7813765182186236
iccp ,1.7813765182186236
custom software ,1.7813765182186236
schedule,1.7813765182186236
michael a jackson ,1.7813765182186236
software developer,1.7813765182186236
industry,1.7813765182186236
rombach,1.7813765182186236
springer-verlag,1.7813765182186236
industry ,1.7813765182186236
area,1.7813765182186236
include,1.7813765182186236
boehm ,1.7813765182186236
humphrey,1.7813765182186236
professional software development,1.7813765182186236
no silver,1.7813765182186236
global,1.7813765182186236
custom software,1.7813765182186236
springer-verlag ,1.7813765182186236
style editing,1.7813765182186236
software testing,1.7813765182186236
productivity,1.7813765182186236
globalization ,1.7813765182186236
writing,1.7813765182186236
rombach ,1.7813765182186236
software process,1.7813765182186236
software design ,1.7813765182186236
property damage ,1.7813765182186236
manifesto ,1.7813765182186236
professional engineer license,1.7813765182186236
quebec,1.7813765182186236
manifesto,1.7813765182186236
selby,1.7813765182186236
global ,1.7813765182186236
institute,1.7813765182186236
boehm,1.7813765182186236
peo ,1.7813765182186236
professionalism ,1.7813765182186236
professional software development ,1.7813765182186236
randell,1.7813765182186236
question ,1.484480431848853
art,1.484480431848853
question,1.484480431848853
issue,1.484480431848853
issue ,1.484480431848853
art ,1.484480431848853
software engineering body ,1.484480431848853
software engineering body,1.484480431848853
labor statistic,1.3360323886639678
geophysicist,1.3360323886639678
support,1.3360323886639678
bureau ,1.3360323886639678
specifically marked weasel-worded phrase,1.3360323886639678
pearson education ,1.3360323886639678
lack ,1.3360323886639678
paper,1.3360323886639678
potentially dated statement,1.3360323886639678
labor statistic ,1.3360323886639678
alberta,1.3360323886639678
money magazine ,1.3360323886639678
paper ,1.3360323886639678
opinion ,1.3360323886639678
geophysicist ,1.3360323886639678
definition ,1.3360323886639678
pearson education,1.3360323886639678
professional ,1.3360323886639678
opinion,1.3360323886639678
potentially dated statement ,1.3360323886639678
specifically marked weasel-worded phrase ,1.3360323886639678
professional,1.3360323886639678
impact ,1.3360323886639678
bureau,1.3360323886639678
definition,1.3360323886639678
support ,1.3360323886639678
money magazine,1.3360323886639678
principle,1.3360323886639678
alberta ,1.3360323886639678
principle ,1.3360323886639678
impact,1.3360323886639678
lack,1.3360323886639678
student ,1.1875843454790826
body,1.1875843454790826
outline,1.1875843454790826
outline ,1.1875843454790826
body ,1.1875843454790826
student,1.1875843454790826
software system,1.1133603238866399
example,1.1133603238866399
software system ,1.1133603238866399
example ,1.1133603238866399
advocacy,0.8906882591093118
public interest,0.8906882591093118
florida,0.8906882591093118
shelf software,0.8906882591093118
day ,0.8906882591093118
engineer license ,0.8906882591093118
answer,0.8906882591093118
problem frame,0.8906882591093118
e w dijkstra archive,0.8906882591093118
suitability,0.8906882591093118
mathematics,0.8906882591093118
unsourced material ,0.8906882591093118
computer programmer ,0.8906882591093118
revocation ,0.8906882591093118
basis,0.8906882591093118
david l,0.8906882591093118
watts humphrey ,0.8906882591093118
professional licensing,0.8906882591093118
order ,0.8906882591093118
csda ,0.8906882591093118
europe ,0.8906882591093118
computer programmer,0.8906882591093118
capability,0.8906882591093118
violation ,0.8906882591093118
mathematics ,0.8906882591093118
branch,0.8906882591093118
pioneering era ,0.8906882591093118
joy,0.8906882591093118
computer scientist,0.8906882591093118
alberta apegga,0.8906882591093118
life ,0.8906882591093118
licensure ,0.8906882591093118
alain,0.8906882591093118
public interest ,0.8906882591093118
lessig ,0.8906882591093118
component ,0.8906882591093118
labor and statistic,0.8906882591093118
time ,0.8906882591093118
testing ,0.8906882591093118
practicing,0.8906882591093118
enhanced career,0.8906882591093118
deprecated parameter,0.8906882591093118
advocacy ,0.8906882591093118
life,0.8906882591093118
graduate,0.8906882591093118
worker,0.8906882591093118
e w dijkstra ,0.8906882591093118
predictability ,0.8906882591093118
documentation ,0.8906882591093118
demand,0.8906882591093118
activity ,0.8906882591093118
edsger w dijkstra ,0.8906882591093118
direct sub-field,0.8906882591093118
steve mcconnell ,0.8906882591093118
in-text citation,0.8906882591093118
working,0.8906882591093118
topic,0.8906882591093118
subject ,0.8906882591093118
software engineering process ,0.8906882591093118
revocation,0.8906882591093118
deprecated parameter ,0.8906882591093118
demand ,0.8906882591093118
robert,0.8906882591093118
clarification ,0.8906882591093118
shorter schedule ,0.8906882591093118
joy ,0.8906882591093118
problem-solving,0.8906882591093118
user ,0.8906882591093118
british columbia apegbc,0.8906882591093118
information ,0.8906882591093118
excellence ,0.8906882591093118
florida ,0.8906882591093118
senior software engineer,0.8906882591093118
software engineering issue,0.8906882591093118
lessig,0.8906882591093118
individual ,0.8906882591093118
set,0.8906882591093118
age ,0.8906882591093118
communication,0.8906882591093118
engineering approach ,0.8906882591093118
ethical question,0.8906882591093118
internship,0.8906882591093118
software defect,0.8906882591093118
examination ,0.8906882591093118
subject,0.8906882591093118
software engineering process,0.8906882591093118
written declaration,0.8906882591093118
in-text citation ,0.8906882591093118
stub ,0.8906882591093118
online,0.8906882591093118
certified software development professional ,0.8906882591093118
reuse ,0.8906882591093118
software engineering edit,0.8906882591093118
reliable source ,0.8906882591093118
difference ,0.8906882591093118
prentice-hall ,0.8906882591093118
limited licence ,0.8906882591093118
software problem ,0.8906882591093118
way ,0.8906882591093118
coding,0.8906882591093118
oiq ,0.8906882591093118
structuring software development problem ,0.8906882591093118
u s department ,0.8906882591093118
michael jackson,0.8906882591093118
empirical,0.8906882591093118
richard w selby ,0.8906882591093118
title engineer,0.8906882591093118
service,0.8906882591093118
deployment,0.8906882591093118
statement considered harmful,0.8906882591093118
public and society ,0.8906882591093118
stub,0.8906882591093118
donald,0.8906882591093118
springer,0.8906882591093118
conduct ,0.8906882591093118
knuth,0.8906882591093118
communication ,0.8906882591093118
systematic,0.8906882591093118
shelf software ,0.8906882591093118
dead external link ,0.8906882591093118
software engineering programme ,0.8906882591093118
information processing ,0.8906882591093118
situation ,0.8906882591093118
training,0.8906882591093118
barry boehm ,0.8906882591093118
canadian information processing society ,0.8906882591093118
define,0.8906882591093118
part ,0.8906882591093118
testing,0.8906882591093118
software engineering economics ,0.8906882591093118
problem frame ,0.8906882591093118
component,0.8906882591093118
csda,0.8906882591093118
recently ,0.8906882591093118
engineering approach,0.8906882591093118
prominent figure,0.8906882591093118
pay,0.8906882591093118
graduate ,0.8906882591093118
activity,0.8906882591093118
minnesota,0.8906882591093118
labor and statistic ,0.8906882591093118
kent,0.8906882591093118
nato software engineering conference,0.8906882591093118
damage ,0.8906882591093118
current trend ,0.8906882591093118
unsourced material,0.8906882591093118
pay ,0.8906882591093118
ethical question ,0.8906882591093118
geoscience ,0.8906882591093118
statement considered harmful ,0.8906882591093118
geologist,0.8906882591093118
structuring software development problem,0.8906882591093118
engineering principle ,0.8906882591093118
academic requirement,0.8906882591093118
object ,0.8906882591093118
reuse,0.8906882591093118
pass,0.8906882591093118
critical assessment and future direction,0.8906882591093118
customer,0.8906882591093118
responsibility,0.8906882591093118
template,0.8906882591093118
potential ,0.8906882591093118
site,0.8906882591093118
award ,0.8906882591093118
software craftsmanship ,0.8906882591093118
application form,0.8906882591093118
project management,0.8906882591093118
capability ,0.8906882591093118
experimentation ,0.8906882591093118
control,0.8906882591093118
progress ,0.8906882591093118
charles babbage institute ,0.8906882591093118
difference,0.8906882591093118
engineer license,0.8906882591093118
reference,0.8906882591093118
reliable source,0.8906882591093118
programming language,0.8906882591093118
computer scientist ,0.8906882591093118
site ,0.8906882591093118
coding ,0.8906882591093118
suitability ,0.8906882591093118
software engineering issue ,0.8906882591093118
potential,0.8906882591093118
user,0.8906882591093118
legal ,0.8906882591093118
government,0.8906882591093118
image,0.8906882591093118
beck,0.8906882591093118
certified software development associate ,0.8906882591093118
pass ,0.8906882591093118
donald bagert ,0.8906882591093118
asian,0.8906882591093118
reference ,0.8906882591093118
certified software development associate,0.8906882591093118
crc ,0.8906882591093118
programming language ,0.8906882591093118
enhanced career ,0.8906882591093118
certified software development professional,0.8906882591093118
topic ,0.8906882591093118
factual verification ,0.8906882591093118
ipenz ,0.8906882591093118
member ,0.8906882591093118
small,0.8906882591093118
empty section,0.8906882591093118
situation,0.8906882591093118
template ,0.8906882591093118
information processing,0.8906882591093118
computer science programme ,0.8906882591093118
geoscience,0.8906882591093118
age,0.8906882591093118
customer ,0.8906882591093118
shorter schedule,0.8906882591093118
ada,0.8906882591093118
modular programming,0.8906882591093118
asian ,0.8906882591093118
david l ,0.8906882591093118
ability,0.8906882591093118
title engineer ,0.8906882591093118
part,0.8906882591093118
e-mail system,0.8906882591093118
charles babbage institute,0.8906882591093118
training ,0.8906882591093118
nature ,0.8906882591093118
institution,0.8906882591093118
future direction ,0.8906882591093118
responsibility ,0.8906882591093118
software engineering code,0.8906882591093118
factual verification,0.8906882591093118
present,0.8906882591093118
alberta apegga ,0.8906882591093118
institution ,0.8906882591093118
object,0.8906882591093118
limited licence,0.8906882591093118
image ,0.8906882591093118
error,0.8906882591093118
holder ,0.8906882591093118
future direction,0.8906882591093118
role,0.8906882591093118
software engineering seng guideline ,0.8906882591093118
senior software engineer ,0.8906882591093118
abstraction ,0.8906882591093118
sommerville ,0.8906882591093118
dead external link,0.8906882591093118
attribute ,0.8906882591093118
kent ,0.8906882591093118
professional industrial practice ,0.8906882591093118
oral history interview ,0.8906882591093118
ability ,0.8906882591093118
accreditation board,0.8906882591093118
barnes ,0.8906882591093118
knuth ,0.8906882591093118
professional industrial practice,0.8906882591093118
recently,0.8906882591093118
computer science programme,0.8906882591093118
additional citation,0.8906882591093118
regulation and licensure ,0.8906882591093118
europe,0.8906882591093118
controlling ,0.8906882591093118
predictability,0.8906882591093118
working ,0.8906882591093118
error ,0.8906882591093118
alain ,0.8906882591093118
improvement,0.8906882591093118
united kingdom ,0.8906882591093118
world wide web,0.8906882591093118
occupation,0.8906882591093118
damage,0.8906882591093118
clarification,0.8906882591093118
david parnas,0.8906882591093118
u s department,0.8906882591093118
regulation and licensure,0.8906882591093118
interface,0.8906882591093118
technique,0.8906882591093118
direct sub-field ,0.8906882591093118
e-mail system ,0.8906882591093118
progress,0.8906882591093118
donald bagert,0.8906882591093118
e w dijkstra archive ,0.8906882591093118
robert ,0.8906882591093118
legal,0.8906882591093118
role ,0.8906882591093118
springer ,0.8906882591093118
general,0.8906882591093118
regulation ,0.8906882591093118
control ,0.8906882591093118
software engineering seng guideline,0.8906882591093118
practicing ,0.8906882591093118
pioneering era,0.8906882591093118
software craftsmanship,0.8906882591093118
problem-solving ,0.8906882591093118
licensure,0.8906882591093118
goal ,0.8906882591093118
minnesota ,0.8906882591093118
court ,0.8906882591093118
prentice-hall,0.8906882591093118
regulation,0.8906882591093118
attribute,0.8906882591093118
prominence,0.8906882591093118
photograph,0.8906882591093118
number,0.8906882591093118
person ,0.8906882591093118
oiq,0.8906882591093118
work experience requirement ,0.8906882591093118
barnes,0.8906882591093118
software engineering code ,0.8906882591093118
systematic ,0.8906882591093118
critical assessment,0.8906882591093118
small ,0.8906882591093118
precision ,0.8906882591093118
internship ,0.8906882591093118
technique ,0.8906882591093118
good character ,0.8906882591093118
engineering principle,0.8906882591093118
critical assessment ,0.8906882591093118
court,0.8906882591093118
annals,0.8906882591093118
service ,0.8906882591093118
application form ,0.8906882591093118
geologist ,0.8906882591093118
barry boehm,0.8906882591093118
way,0.8906882591093118
risk,0.8906882591093118
define ,0.8906882591093118
austin ,0.8906882591093118
standard,0.8906882591093118
public and society,0.8906882591093118
ipenz,0.8906882591093118
nato software engineering conference ,0.8906882591093118
david parnas ,0.8906882591093118
good character,0.8906882591093118
photograph ,0.8906882591093118
british columbia apegbc ,0.8906882591093118
empty section ,0.8906882591093118
abran alain,0.8906882591093118
hundred,0.8906882591093118
information,0.8906882591093118
experimentation,0.8906882591093118
examination,0.8906882591093118
additional citation ,0.8906882591093118
worker ,0.8906882591093118
oral history interview,0.8906882591093118
work experience requirement,0.8906882591093118
development and maintenance,0.8906882591093118
branch ,0.8906882591093118
abran alain ,0.8906882591093118
software engineering programme,0.8906882591093118
campus,0.8906882591093118
answer ,0.8906882591093118
software defect ,0.8906882591093118
date ,0.8906882591093118
time,0.8906882591093118
current trend,0.8906882591093118
standard ,0.8906882591093118
steve mcconnell,0.8906882591093118
campus ,0.8906882591093118
member,0.8906882591093118
literature ,0.8906882591093118
present ,0.8906882591093118
legally recognized professional certification,0.8906882591093118
characteristic ,0.8906882591093118
failure ,0.8906882591093118
basis ,0.8906882591093118
day,0.8906882591093118
empirical ,0.8906882591093118
software development team ,0.8906882591093118
precision,0.8906882591093118
academic requirement ,0.8906882591093118
abstraction,0.8906882591093118
software development team,0.8906882591093118
deployment ,0.8906882591093118
critical assessment and future direction ,0.8906882591093118
annals ,0.8906882591093118
characteristic,0.8906882591093118
model law,0.8906882591093118
united kingdom,0.8906882591093118
holder,0.8906882591093118
victor r basili,0.8906882591093118
sommerville,0.8906882591093118
failure,0.8906882591093118
watts humphrey,0.8906882591093118
accreditation board ,0.8906882591093118
crc,0.8906882591093118
swecc,0.8906882591093118
person,0.8906882591093118
software life cycle process,0.8906882591093118
goal,0.8906882591093118
ada ,0.8906882591093118
software engineering economics,0.8906882591093118
prominence ,0.8906882591093118
canadian information processing society,0.8906882591093118
excellence,0.8906882591093118
e w dijkstra,0.8906882591093118
modular programming ,0.8906882591093118
improvement ,0.8906882591093118
general ,0.8906882591093118
online ,0.8906882591093118
literature,0.8906882591093118
michael jackson ,0.8906882591093118
beck ,0.8906882591093118
set ,0.8906882591093118
enforcement ,0.8906882591093118
controlling,0.8906882591093118
model law ,0.8906882591093118
richard w selby,0.8906882591093118
legally recognized professional certification ,0.8906882591093118
introduction,0.8906882591093118
austin,0.8906882591093118
interface ,0.8906882591093118
project management ,0.8906882591093118
award,0.8906882591093118
conduct,0.8906882591093118
future,0.8906882591093118
future ,0.8906882591093118
software problem,0.8906882591093118
prominent figure ,0.8906882591093118
enforcement,0.8906882591093118
swecc ,0.8906882591093118
written declaration ,0.8906882591093118
professional licensing ,0.8906882591093118
donald ,0.8906882591093118
hundred ,0.8906882591093118
individual,0.8906882591093118
development and maintenance ,0.8906882591093118
number ,0.8906882591093118
violation,0.8906882591093118
nature,0.8906882591093118
occupation ,0.8906882591093118
introduction ,0.8906882591093118
date,0.8906882591093118
documentation,0.8906882591093118
software engineering edit ,0.8906882591093118
world wide web ,0.8906882591093118
software maintenance ,0.8906882591093118
government ,0.8906882591093118
software life cycle process ,0.8906882591093118
victor r basili ,0.8906882591093118
risk ,0.8906882591093118
edsger w dijkstra,0.8906882591093118
order,0.8906882591093118
software maintenance,0.8906882591093118
law,0.7125506072874495
main article,0.7125506072874495
main article ,0.7125506072874495
law ,0.7125506072874495
content ,0.6680161943319839
content,0.6680161943319839
study,0.5937921727395413
career,0.5937921727395413
systems analysis,0.5937921727395413
systems analysis ,0.5937921727395413
career ,0.5937921727395413
study ,0.5937921727395413
related concept ,0.4453441295546559
verification,0.4453441295546559
province,0.4453441295546559
case,0.4453441295546559
pennsylvania ,0.4453441295546559
acm position ,0.4453441295546559
software engineering education,0.4453441295546559
group,0.4453441295546559
software industry ,0.4453441295546559
specialist ,0.4453441295546559
competence,0.4453441295546559
result ,0.4453441295546559
specialist,0.4453441295546559
embedded system,0.4453441295546559
budget ,0.4453441295546559
half ,0.4453441295546559
acm position,0.4453441295546559
salary,0.4453441295546559
employer ,0.4453441295546559
pittsburgh,0.4453441295546559
certification program ,0.4453441295546559
u s bureau ,0.4453441295546559
harlow,0.4453441295546559
programme ,0.4453441295546559
false assurance ,0.4453441295546559
professional software engineer,0.4453441295546559
professional software engineer ,0.4453441295546559
craft,0.4453441295546559
harlow ,0.4453441295546559
military ,0.4453441295546559
brian randell ,0.4453441295546559
false assurance,0.4453441295546559
electrical engineering,0.4453441295546559
related concept,0.4453441295546559
electrical engineering ,0.4453441295546559
information technology ,0.4453441295546559
half,0.4453441295546559
school,0.4453441295546559
certification program,0.4453441295546559
software product,0.4453441295546559
england ,0.4453441295546559
pittsburgh ,0.4453441295546559
software practitioner,0.4453441295546559
task ,0.4453441295546559
fact ,0.4453441295546559
province ,0.4453441295546559
employer,0.4453441295546559
england,0.4453441295546559
embedded system ,0.4453441295546559
software engineering education ,0.4453441295546559
fact,0.4453441295546559
result,0.4453441295546559
competence ,0.4453441295546559
information technology,0.4453441295546559
software product ,0.4453441295546559
group ,0.4453441295546559
programme,0.4453441295546559
four year ,0.4453441295546559
brian randell,0.4453441295546559
software practitioner ,0.4453441295546559
salary ,0.4453441295546559
school ,0.4453441295546559
software industry,0.4453441295546559
task,0.4453441295546559
four year,0.4453441295546559
pennsylvania,0.4453441295546559
case ,0.4453441295546559
u s bureau,0.4453441295546559
craft ,0.4453441295546559
military,0.4453441295546559
verification ,0.4453441295546559
budget,0.4453441295546559
resource ,0.29689608636977055
researcher,0.29689608636977055
client ,0.29689608636977055
addison-wesley ,0.29689608636977055
proponent ,0.29689608636977055
resource,0.29689608636977055
addison-wesley,0.29689608636977055
page,0.29689608636977055
proponent,0.29689608636977055
client,0.29689608636977055
knowledge swebok,0.29689608636977055
page ,0.29689608636977055
knowledge swebok ,0.29689608636977055
researcher ,0.29689608636977055
software development process ,0.22267206477732795
software development process,0.22267206477732795
analyzing,0.0
generally accepted best-practice,0.0
technology diffusion ,0.0
geophysics ,0.0
graduate software engineer ,0.0
software cost ,0.0
disputed statement ,0.0
similar experience ,0.0
advocate ,0.0
process improvement,0.0
approved subject ,0.0
computer language ,0.0
computer science major ,0.0
legitimacy ,0.0
rochester institute ,0.0
accidents occur ,0.0
consulting software engineer ,0.0
flaws or bug ,0.0
licensing and certification exams edit,0.0
evolution,0.0
computer science article,0.0
high-order language ,0.0
european,0.0
elicitation,0.0
development center ,0.0
personal reflection or opinion essay ,0.0
legal power,0.0
boston ,0.0
education edit,0.0
mandatory licensing,0.0
quebec engineer,0.0
laszlo belady ,0.0
laszlo a belady,0.0
feasible ,0.0
software engineering book,0.0
small mistake or fault,0.0
java code software engineer,0.0
software crisis edit software engineering,0.0
texas professionalization effort ,0.0
making prediction,0.0
engineering association ,0.0
computer science major,0.0
importance citation ,0.0
massive job transfer ,0.0
student and public confusion ,0.0
imperial college london,0.0
software engineering science experiment ,0.0
word programmer,0.0
generative programming ,0.0
following decade ,0.0
non-engineering program ,0.0
standards guideline ,0.0
mathematical physic,0.0
i s p designation ,0.0
computer science curriculum ,0.0
word programmer ,0.0
membership or certification ,0.0
organizational ,0.0
footnote reference,0.0
actual job,0.0
reputation,0.0
simpler faster alternative approach ,0.0
military service ,0.0
analysing and structuring software development problem ,0.0
prizes edit ,0.0
individual commentator ,0.0
dead link ,0.0
geologists and geophysicist ,0.0
lightweight methodologies edit,0.0
exalted rank,0.0
increasing complexity ,0.0
jalote,0.0
canadian engineering accreditation board ceab accredited program ,0.0
jsd method ,0.0
difficult certification path,0.0
hacker,0.0
include experiment,0.0
following,0.0
english ,0.0
robert mullin,0.0
expert ,0.0
expanded article,0.0
written recommendation ,0.0
cyberspace ,0.0
information storage retrieval,0.0
limited geographic scope ,0.0
bruce h barnes ,0.0
lower cost ,0.0
engineering occupations ieee software,0.0
software engineering book ,0.0
magnitude,0.0
five-year integrated master ,0.0
experimental software engineering iese fraunhofer center,0.0
productivity and quality,0.0
icelandic-language source,0.0
advantage,0.0
complete application ,0.0
sixty-three software project ,0.0
stigma ,0.0
flaws or bug,0.0
human natural-language translation system ,0.0
algorithms algorithm design combinatorial optimization computational geometry programming language,0.0
use model transformation,0.0
broader certification ,0.0
user organization,0.0
undergraduate degree program,0.0
summary ,0.0
suggestion ,0.0
glorified,0.0
element,0.0
subdisciplines edit software engineering,0.0
national panel ,0.0
preparation,0.0
many-million,0.0
coding skill,0.0
prominent computing scientist ,0.0
object orientation,0.0
software architecture ,0.0
software requirement ,0.0
related reading ,0.0
james w ,0.0
psg college,0.0
exam center,0.0
california state university ,0.0
texas donald bagert ,0.0
systems engineering ,0.0
actual job ,0.0
formal process ,0.0
smaller system ,0.0
design development maintenance,0.0
so-called best practice,0.0
browser,0.0
related fields edit,0.0
construction,0.0
graduate software engineer,0.0
analyse,0.0
increasing complexity,0.0
recognized higher educational institution citation ,0.0
poor quality ,0.0
engineering association,0.0
software engineering program,0.0
definition edit ,0.0
germany ,0.0
canadian province edit ,0.0
mythical man month,0.0
typical formal definition,0.0
federally funded research,0.0
ieee transaction ,0.0
recent change ,0.0
software engineer legal requirement ,0.0
technology high tech hype cycle low-technology mature technology philosophy,0.0
award chartered engineer status ,0.0
corporate world,0.0
larger market ,0.0
large field,0.0
consequence ,0.0
icelandic-language source ,0.0
acceptable engineering experience,0.0
pierre,0.0
nato science committee ,0.0
major language ,0.0
century ,0.0
software engineering demographics most software engineer,0.0
image display storage,0.0
kalwarski ,0.0
research group ,0.0
licensed discipline ,0.0
different topics or field ,0.0
university degree ,0.0
barbara kitchenham,0.0
academic program ,0.0
professionalization,0.0
memory differences undo ,0.0
clients and developer ,0.0
operational staff ,0.0
c b engle,0.0
legal and ethical responsibility ,0.0
work edit most software engineers work,0.0
limited ,0.0
systems telecommunication,0.0
joint effort ,0.0
security,0.0
emergence ,0.0
multiple foreign language,0.0
titles programmer ,0.0
pejorative term ,0.0
crc press ,0.0
software engineering h history ,0.0
truth honesty ,0.0
shortage ,0.0
systems software,0.0
cpeng,0.0
survey ,0.0
limited and hence software engineering,0.0
encyclopedia jump ,0.0
legal and ethical responsibility,0.0
pe professional engineer exam beginning,0.0
united states edit,0.0
specific requirement ,0.0
software development life cycle framework opensdlc org ,0.0
scientific,0.0
thibodaux ,0.0
software engineering textbook ,0.0
international expert,0.0
succession,0.0
formal education,0.0
production,0.0
india ,0.0
contemporary list,0.0
advantage ,0.0
professional organization,0.0
measurement esem conference ,0.0
aspects aspect ,0.0
clarkson university ,0.0
software engineering williams,0.0
computer science or information system,0.0
empty term,0.0
charter,0.0
employees or contractor,0.0
mandatory licensing ,0.0
software engineering software engineers people ,0.0
warren,0.0
practical matter,0.0
certification committee ,0.0
ieee software,0.0
advocate,0.0
legal code ,0.0
structure ,0.0
engineering license citation,0.0
engineering exam ,0.0
wage ,0.0
ifip general assembly ,0.0
practicing software engineering ,0.0
negative impact ,0.0
reading writing speaking english,0.0
extreme programming xp,0.0
geologists and geophysicist,0.0
real-world validation,0.0
occupational employment,0.0
public safety,0.0
protracted period,0.0
doomed discipline,0.0
use model transformation and code generation,0.0
sub-domain ,0.0
emergence,0.0
pressman,0.0
source line,0.0
search software engineering professionalism,0.0
specialise ,0.0
printer,0.0
knowledge guide,0.0
high quality software,0.0
primary design artifact,0.0
geophysics,0.0
call ,0.0
test ,0.0
traditional engineering,0.0
requirements gathering ,0.0
bs australia clarification ,0.0
important development,0.0
technology outline,0.0
original meaning ,0.0
swebok guide version,0.0
developed world,0.0
specification language,0.0
software engineering edit software engineering ,0.0
trustworthiness,0.0
no degrees citation,0.0
computer science department,0.0
priz,0.0
encyclopedia jump,0.0
growing ,0.0
zealand government,0.0
rate ,0.0
treat software engineering ,0.0
apprenticeship model,0.0
civil engineering,0.0
engineering science ,0.0
problem frames method ,0.0
older ,0.0
extremely shallow,0.0
mathematical engineer ,0.0
vast majority ,0.0
original ,0.0
integration testing ,0.0
reasonable command ,0.0
fictional technology technopaganism high-technology business districts kardashev scale list,0.0
movement ,0.0
typical computer-user base,0.0
so-called software crisis ,0.0
www acm org serving se policy ,0.0
single silver bullet,0.0
tickit cmm,0.0
chemical engineering ,0.0
follow-the-sun workflow,0.0
mechanism ,0.0
experimental experimental software engineering,0.0
student and public confusion,0.0
practically unknown term software engineering,0.0
chemical engineering,0.0
titles programmer,0.0
certificate ,0.0
certification exams edit ,0.0
detailed understanding ,0.0
academic degree,0.0
case tool,0.0
talk page,0.0
v t e technology outline ,0.0
relevant work,0.0
legal power ,0.0
confusion,0.0
benefit ,0.0
life and death,0.0
software engineering research,0.0
international information display e-mail system ,0.0
federally funded research ,0.0
database ,0.0
three-quarter,0.0
clients and user,0.0
moore ,0.0
combination,0.0
public safety ,0.0
modularity and information hiding,0.0
needed profession edit,0.0
thousand ,0.0
broad rubric ,0.0
major step ,0.0
circumstance,0.0
non-profit organization,0.0
different topics or field,0.0
engineering department ,0.0
source ,0.0
associate software engineer ,0.0
mitigated risk,0.0
networking ,0.0
uqam,0.0
well-organized code fragment,0.0
software engineering consulting software engineer software engineering demographic,0.0
structured programming object-oriented programming,0.0
revolutionary citation,0.0
software development process system architecture computer architecture computer organization,0.0
function,0.0
licensing edit ,0.0
related fields edit ,0.0
wording software engineer,0.0
scientific designer parnas ,0.0
bruegge,0.0
formal education ,0.0
expanding demand,0.0
first decade,0.0
big part ,0.0
main source,0.0
fose track ,0.0
human interaction,0.0
generative programming,0.0
geographical temporal cultural,0.0
budget overrun,0.0
html language,0.0
university degree or training ,0.0
call,0.0
certification exams edit,0.0
cold skills dual role,0.0
newfoundland,0.0
addition ,0.0
specialty shop ,0.0
information industry association,0.0
concern ,0.0
intelligent system,0.0
design development ,0.0
century,0.0
se-related award ,0.0
addition,0.0
treat software engineering,0.0
software development e g ,0.0
jurisdiction ,0.0
software engineering practitioner ,0.0
jolt award ,0.0
california state university,0.0
process improvement and software architecture ,0.0
pundit ,0.0
boca raton,0.0
budget and schedule,0.0
entity-relationship modeling,0.0
theoretical computer science,0.0
professional association ,0.0
rice university ,0.0
total volume,0.0
systems software ,0.0
four-year degree ,0.0
death,0.0
engineering national council ,0.0
apprenticeship model ,0.0
origins edit ,0.0
john cameron ,0.0
software engineering tools and method ,0.0
view,0.0
sei cmu,0.0
software engineering wikiversity,0.0
systems engineering,0.0
terminal capable ,0.0
ethical responsibility ,0.0
inappropriate external link ,0.0
simple animation,0.0
licensed engineering profession ,0.0
wage,0.0
proper programming,0.0
modular programming and data abstraction,0.0
high-order language,0.0
shortage,0.0
software engineering conferences list ,0.0
fairness courtesy ,0.0
imperial college london ,0.0
required standard ,0.0
meeting ,0.0
essentially the same thing ,0.0
accumulation,0.0
subcategory,0.0
clients and developer,0.0
increased use,0.0
modern software development ,0.0
niche software,0.0
date help,0.0
industry and academia ,0.0
first software engineering bachelor ,0.0
heavy-weight processes citation ,0.0
frequent maintenance,0.0
biology degrees citation ,0.0
pejorative term,0.0
governance ,0.0
professional ethic,0.0
extensive body ,0.0
quality attribute ,0.0
accredited professional program ,0.0
naval postgraduate school np,0.0
education edit ,0.0
good practice guideline,0.0
software development project ,0.0
computer code,0.0
career counselor,0.0
practically unknown term software engineering ,0.0
technical content,0.0
ownership and maintenance ,0.0
offshore outsourcing,0.0
daphne mosher,0.0
total volume ,0.0
geoscience software developing software,0.0
examiner ,0.0
early stage ,0.0
large expensive custom software engineering project,0.0
engineering focus ,0.0
real-world problem,0.0
mature software engineer ,0.0
software engineering tool ,0.0
definition implementation assessment measurement management change,0.0
single key ,0.0
software engineering program ,0.0
se professionalization ,0.0
process maturity level ,0.0
software engineering degree program,0.0
technology abet ,0.0
customer satisfaction ,0.0
discuss proposed ,0.0
cobol ,0.0
zealand government ,0.0
stress-level ,0.0
civil engineer,0.0
manager,0.0
data general ,0.0
concern,0.0
hard work,0.0
computer science and engineering principles and practice,0.0
world citation,0.0
council,0.0
technology outline ,0.0
bourque ,0.0
simpler faster alternative approach,0.0
encyclopedic tone,0.0
weekend,0.0
difficult certification path ,0.0
containing software work ,0.0
structure,0.0
defined process ,0.0
employers employee ,0.0
budget and schedule ,0.0
computer science and engineering department ,0.0
garmisch,0.0
miserable science ,0.0
tougher regulation,0.0
main us-based professional organization ,0.0
classic example ,0.0
financial constraint ,0.0
software engineer software engineering list,0.0
main source ,0.0
lessig and joy ,0.0
term software engineering ,0.0
algorithm,0.0
dupui ,0.0
definition implementation assessment measurement management change ,0.0
elegance ,0.0
entity-relationship modeling ,0.0
stigma,0.0
computer information systems degree,0.0
idg news service hot skill ,0.0
occupational employment ,0.0
wrist problem ,0.0
soviet bloc countries software software unix free software,0.0
information systems professional isp,0.0
development tool,0.0
design development operation ,0.0
source code,0.0
ethics edit software engineering ethic ,0.0
alignment ,0.0
apple ,0.0
cite template ,0.0
personal reflection or opinion essay,0.0
efficient citation ,0.0
complete application,0.0
successfully complete peo ,0.0
software development effort ,0.0
industry analysts architects developers testers technical support,0.0
software engineering edit software engineering,0.0
mathematical physic ,0.0
ten subdiscipline,0.0
en wikipedia ,0.0
conjunction,0.0
computer science or information system ,0.0
teaching and practicing software engineering,0.0
reusable component ,0.0
software engineering software engineers people,0.0
software requirement,0.0
conformance,0.0
discomfort ,0.0
future employment prospect,0.0
knowledge and practice,0.0
opinion essay ,0.0
development tool ,0.0
machine room ,0.0
military service,0.0
professor fritz bauer,0.0
russia ,0.0
abet accreditation,0.0
prestigious and better paying hardware engineering role,0.0
peter chen ,0.0
industry collaboration ,0.0
career counselor ,0.0
ceab pass,0.0
review ,0.0
formal code,0.0
reality ,0.0
many-million ,0.0
reusable component,0.0
desk ,0.0
fee ,0.0
radiotherapy machine,0.0
biology degrees citation,0.0
specialise,0.0
core issue ,0.0
computer software engineers and computer programmer ,0.0
agile alliance ,0.0
different machine,0.0
internet edit,0.0
related reading,0.0
british columbia saskatchewan manitoba ontario quebec nwt external,0.0
certified software development professional certification exam,0.0
transactions database indexes data mining,0.0
software construction ,0.0
inline citation,0.0
information storage retrieval and display,0.0
althing,0.0
highly risky proposition,0.0
information technology computer ,0.0
first three-year software engineering bachelor,0.0
kalwarski,0.0
professional engineers p eng ,0.0
common,0.0
business task ,0.0
concepts appropriate technology critique,0.0
incorporated engineer status ,0.0
software engineering activity ,0.0
steve mcconnell opine,0.0
local link,0.0
extreme programming xp ,0.0
compilers parser ,0.0
computer hardware engineer ,0.0
expanding demand ,0.0
international computer virus ,0.0
computer science interest,0.0
engineering requirement ,0.0
search wikimedia common ,0.0
fear,0.0
exam center ,0.0
doomed discipline ,0.0
toronto,0.0
software engineering citation,0.0
geographical temporal cultural and communication ,0.0
computer engineer ,0.0
computing science ,0.0
charlotte,0.0
instance,0.0
relation,0.0
mathematics science engineering,0.0
worthy,0.0
canadian province edit,0.0
related area ,0.0
sleep pattern ,0.0
vast majority,0.0
model,0.0
key human resource ,0.0
predictable an industry,0.0
wikiproject computer science stub,0.0
definition edit,0.0
trustworthy software product,0.0
misused clarification,0.0
engineering examination ,0.0
science degree,0.0
evidence-based software engineering,0.0
specification language ,0.0
meet oiq ,0.0
software craftsmanship manifesto,0.0
career path ,0.0
icelandic law state,0.0
first three-year software engineering bachelor ,0.0
variety,0.0
software and information industry association ,0.0
numerical method,0.0
middleware analyst ,0.0
calculus,0.0
mastery,0.0
typical computer-user base ,0.0
establishment and use ,0.0
distinction ,0.0
computer software engineer,0.0
canadian council ,0.0
ann ,0.0
softw,0.0
motivation,0.0
software craftsmanship manifesto ,0.0
tripp ,0.0
modular programming and data abstraction ,0.0
texas se code ,0.0
no degrees citation ,0.0
weekend ,0.0
common analogy,0.0
eyewash,0.0
research paper,0.0
scientific affairs division,0.0
inappropriate analogy ,0.0
specific approach,0.0
network administrator ,0.0
qualified software engineer ,0.0
fortran ,0.0
documentation set ,0.0
computer science curriculum,0.0
h dieter rombach ,0.0
related career ,0.0
first professional software engineer,0.0
substantial progress ,0.0
wording software engineer ,0.0
favorite technology ,0.0
boston,0.0
origins edit,0.0
skills and reputation,0.0
analysing and structuring software development problem,0.0
medical informatics ,0.0
enough qualified programmer ,0.0
controversial problem,0.0
title engineer edit ,0.0
membership ,0.0
war ,0.0
jsd method,0.0
so-called best practice ,0.0
wikiproject computer science stub ,0.0
engineering faculty ,0.0
alternative ,0.0
eight-hour examination,0.0
algol ,0.0
academic program,0.0
mathematical occupations u s department ,0.0
se professionalization,0.0
money ,0.0
working professional,0.0
benefits and problem ,0.0
transcription,0.0
engineering lack ,0.0
ms windows computer ,0.0
algol,0.0
transcript ,0.0
eight-hour examination ,0.0
dead external links article,0.0
residence ,0.0
base ,0.0
completely individual product ,0.0
outsourcing gathers steam ,0.0
environment,0.0
circumstance ,0.0
rule ,0.0
british columbia apegbc association ,0.0
separate ,0.0
engineering project management,0.0
broad range,0.0
bias ,0.0
peter g neumann,0.0
expectation ,0.0
key concept ,0.0
advancement,0.0
prestigiou,0.0
rule,0.0
ieee software ,0.0
mission critical ,0.0
debugging ,0.0
texas professionalization effort,0.0
advancement ,0.0
smaller organization ,0.0
mythical man month ,0.0
conduct edit,0.0
se-related award,0.0
corporate world ,0.0
jsp method ,0.0
analyse ,0.0
completion ,0.0
wrist problem,0.0
encyclopedic style ,0.0
critical thinking ,0.0
recession,0.0
permission ,0.0
non-se degree,0.0
crc press,0.0
information storage retrieval ,0.0
information technology professional ,0.0
akram i salah,0.0
typical formal definition ,0.0
professional member,0.0
real-time embedded software ,0.0
protection ,0.0
large software system ,0.0
operational capability,0.0
bls,0.0
first nato software engineering conference,0.0
technology and practice,0.0
form ,0.0
engineering and technology abet,0.0
cobol,0.0
ad-hoc problem-solving ,0.0
data abstraction,0.0
online futures market,0.0
code result ,0.0
society technology dynamics science,0.0
technological university,0.0
ieee standard glossary ,0.0
true meaning ,0.0
development cmmi-dev,0.0
computer science interest ,0.0
generative programming and template ,0.0
coherent architecture,0.0
engineering department,0.0
high quality software ,0.0
systems architecture,0.0
traditional engineering discipline,0.0
daphne mosher ,0.0
mehdi jazayeri ,0.0
expanded article ,0.0
entry level position ,0.0
perspective,0.0
potentially dated statements article ,0.0
distance education,0.0
ordre des ing nieur,0.0
encyclopedic style,0.0
multiple foreign language ,0.0
detailed creation,0.0
professional ethic ,0.0
following ,0.0
extreme programming scrum,0.0
different ,0.0
first glimpse ,0.0
increased use ,0.0
membership,0.0
engineering design ,0.0
engineering branch ,0.0
response,0.0
chapter,0.0
general software engineering skill,0.0
controversy,0.0
initial impact,0.0
janet paskin ,0.0
term edit,0.0
industry collaboration,0.0
condition ,0.0
robert mullin ,0.0
software engineers and programmer,0.0
common ,0.0
terms software engineering,0.0
boundary ,0.0
software quality management,0.0
software engineering was first,0.0
smartly leverage ,0.0
engineering validation,0.0
three-quarter ,0.0
canada edit,0.0
maintainable software,0.0
customer s requirement ,0.0
newfoundland ,0.0
mathematical occupations u s department,0.0
specific topic,0.0
vast proliferation ,0.0
practical matter ,0.0
program design ,0.0
s particular feeling ,0.0
flaw ,0.0
ownership ,0.0
computer programming job ,0.0
engineering fe ,0.0
offshore outsourcing ,0.0
icl ,0.0
system specification,0.0
advocacy and analysis,0.0
b abran et al,0.0
computer information systems degree ,0.0
term software engineer,0.0
product ,0.0
extreme programming scrum ,0.0
codification ,0.0
different languages and dialect,0.0
efficient citation,0.0
legal requirement ,0.0
north american,0.0
edit computer science portal software engineering bachelor,0.0
establishment and use,0.0
change ,0.0
proof,0.0
gartner magic quadrant ,0.0
working professional ,0.0
fullerton,0.0
vol ,0.0
controversial problem ,0.0
entry-level software engineer,0.0
human natural-language translation system,0.0
different languages and dialect ,0.0
motivation ,0.0
cost-effective support,0.0
technical process ,0.0
widespread network connection ,0.0
radiation ,0.0
online or distance education ,0.0
software engineering s knowledge area ,0.0
craftmanship,0.0
certification edit,0.0
alberta government ,0.0
scientific algorithmic and business problem,0.0
system development,0.0
type,0.0
empty title,0.0
computer-aided software engineering,0.0
broad range ,0.0
requirements engineering ,0.0
legal liability ,0.0
undergraduate software engineering degree,0.0
software edit ,0.0
aspects aspect,0.0
key phrase,0.0
category systems engineering,0.0
cycle,0.0
information industry association ,0.0
seattle university ,0.0
enough qualified programmer,0.0
date value ,0.0
programmers and crafter ,0.0
mitigated risk ,0.0
detailed understanding,0.0
civil electrical ,0.0
software portal software testing portal main article ,0.0
exceptional gadget,0.0
prentice hall ,0.0
public where health,0.0
poor software security ,0.0
pierre ,0.0
professional geoscientist ,0.0
innovation,0.0
naur,0.0
job title engineer,0.0
computer terminal typing ,0.0
engineering geoscientists and geophysics,0.0
relative newness,0.0
cyberspace,0.0
kind ,0.0
experimental software engineering advocate,0.0
pfahl,0.0
growth and prevention ,0.0
business problem,0.0
no individual technology ,0.0
moore,0.0
reliability testing ,0.0
favorite technology,0.0
term software crisis,0.0
well-defined engineering approach,0.0
young discipline ,0.0
engineering canada ,0.0
modularity,0.0
chemistry ,0.0
relevant work ,0.0
feasible,0.0
controversy ,0.0
computing machinery acm,0.0
recommended practice,0.0
employment edit ,0.0
prerequisite,0.0
evidence-based software engineering ,0.0
interesting real-world task ,0.0
engineering science,0.0
harlan d ,0.0
fairness courtesy,0.0
meaningful software,0.0
computer science department ,0.0
lower cost,0.0
thumbnail image ,0.0
supposedly radical new approach,0.0
source code ,0.0
p eng holder,0.0
method advocate ,0.0
management science citation ,0.0
cost and budget overrun,0.0
product or service,0.0
small software system ,0.0
province or territory,0.0
code result,0.0
software engineering references edit,0.0
interesting real-world task,0.0
software project management ,0.0
professional organization ,0.0
fortran,0.0
existing ,0.0
glorified ,0.0
software engineering profession,0.0
software engineer software engineering list ,0.0
week,0.0
business-critical process ,0.0
garbage collection ,0.0
international human resource ,0.0
teaching and practicing software engineering ,0.0
mechanical ,0.0
key element,0.0
real-time embedded software,0.0
professional geoscientist,0.0
jcesep ,0.0
hand and wrist problem,0.0
stress level ,0.0
humane,0.0
ordre des ing nieur ,0.0
mainstream,0.0
contractor,0.0
engineering national council,0.0
worldwide view ,0.0
possibility,0.0
software engineering practitioner,0.0
engineering faculty,0.0
engineering construction,0.0
employers employee,0.0
sixty-three software project,0.0
computer hardware engineer,0.0
j r newman ,0.0
work-place culture,0.0
grace hopper,0.0
object orientation ,0.0
professional association,0.0
www cs ,0.0
connotation ,0.0
engineering accreditation committee,0.0
data general,0.0
literature and analyse ,0.0
poor software security,0.0
ieee transaction,0.0
well-defined engineering approach ,0.0
massive job transfer,0.0
software engineering professionalism ,0.0
important method ,0.0
legitimacy,0.0
broader management issue ,0.0
computer programmers software developer growth ,0.0
systematic disciplined quantifiable approach,0.0
hardware hardware ,0.0
recent change,0.0
relative newness ,0.0
ibm ,0.0
massive migration,0.0
software engineering wikiversity ,0.0
pioneering era edit ,0.0
legitimate branch ,0.0
university degree,0.0
mechanism,0.0
software design principle ,0.0
i s p designation,0.0
development center,0.0
edit history,0.0
newcastle university ,0.0
prevention ,0.0
crisis mode,0.0
cheap machine ,0.0
quicker easier,0.0
www cs,0.0
field use,0.0
ontology engineering,0.0
naval postgraduate school np ,0.0
developed world ,0.0
bug ,0.0
wikidata ,0.0
success ,0.0
foster university,0.0
computer science article ,0.0
uqam ,0.0
skills and reputation ,0.0
topics and student,0.0
computer architecture,0.0
issue computer ,0.0
competitive market,0.0
unit testing,0.0
needed for instance,0.0
practicing software engineer,0.0
ncees software engineering exam specification ,0.0
ets university and uqam,0.0
key phrase ,0.0
v t e ,0.0
bug,0.0
factual verification wikipedia article,0.0
owning and maintaining software ,0.0
government statistic,0.0
discomfort,0.0
superior product ,0.0
rated software engineering ,0.0
state license,0.0
qualifying engineering programme ,0.0
jurisdiction,0.0
united states citation needed,0.0
laszlo a belady ,0.0
harlan d,0.0
j r newman,0.0
stored program architecture ,0.0
survey,0.0
undergraduate education ,0.0
good faith ,0.0
computerworld,0.0
milwaukee school,0.0
national science foundation nsf ,0.0
notion ,0.0
lawrence lessig,0.0
software engineering activity,0.0
foster university and industry collaboration,0.0
t kni- og h nnunargreinum,0.0
title t lvunarfr ingur e,0.0
further reading,0.0
exalted rank ,0.0
different location ,0.0
title t lvunarfr ingur e ,0.0
beginning,0.0
transactions database indexes data mining ,0.0
browser usage ,0.0
kitchenham ,0.0
manager ,0.0
first doctorate program,0.0
undergraduate degree program ,0.0
focus ,0.0
key advance ,0.0
engineering philosophy,0.0
small mistake ,0.0
college,0.0
engineering geoscientists and geophysics ,0.0
chartered engineer status,0.0
totally customized website development ,0.0
four-year degree,0.0
instance ,0.0
technical process,0.0
governing legislation,0.0
specific requirement,0.0
ibm,0.0
systems architecture ,0.0
surveyed development project ,0.0
software configuration management ,0.0
scientific and business task ,0.0
prestigious and better paying hardware engineering role ,0.0
tertiary degree ,0.0
key concept,0.0
idea,0.0
integrity and traceability ,0.0
true meaning,0.0
yearly award,0.0
language topic,0.0
well-known method ,0.0
professional engineer p eng designation,0.0
software engineering williams ,0.0
software production software engineering ,0.0
first software engineering bachelor,0.0
general medical or biology degrees citation,0.0
main us-based professional organization,0.0
independent qa team ,0.0
help external links edit guide,0.0
subdisciplines edit software engineering ,0.0
use model transformation ,0.0
ieee-c,0.0
software calculation ,0.0
canadian council,0.0
java code software engineering,0.0
sexual discrimination cyberculture or bias,0.0
clients and user ,0.0
prominent computing scientist,0.0
licensing practice ,0.0
canada edit ,0.0
medical software,0.0
in-site search engine,0.0
specific course ,0.0
human translator,0.0
software engineering s knowledge area,0.0
locking control,0.0
education edit knowledge ,0.0
ann,0.0
employment edit,0.0
cold skills dual role ,0.0
fear ,0.0
section ,0.0
mechanical and civil engineering,0.0
establishment,0.0
hand ,0.0
pearl brereton,0.0
professional engineer p eng designation ,0.0
software developer growth,0.0
design development,0.0
software systems software product ,0.0
economics ,0.0
nokkurra starfsheita s rfr inga ,0.0
suggestion,0.0
business skill ,0.0
specific approach ,0.0
data structures analysis ,0.0
existing,0.0
global outsourcing,0.0
engineering model ,0.0
separate and controversial problem,0.0
licensed engineering profession,0.0
icl,0.0
database report generator ,0.0
skeptic,0.0
excerpt ,0.0
carpal tunnel syndrome,0.0
truth honesty and trustworthiness,0.0
acm computing classification system,0.0
degree program ,0.0
memory,0.0
category systems engineering ,0.0
separate and controversial problem ,0.0
cruelty,0.0
mechanical engineering ,0.0
graduate software engineering degree ,0.0
follow-the-sun workflow ,0.0
philosophy logic ,0.0
employers employee and customer,0.0
adherence ,0.0
crafter ,0.0
exceptional gadget ,0.0
legislature,0.0
famous ,0.0
jolt award,0.0
outsourcing gathers steam,0.0
adherence,0.0
computing machinery acm ,0.0
national science foundation nsf,0.0
empirical technical investigation ,0.0
well-known method,0.0
young discipline,0.0
engineering examination,0.0
research group,0.0
texas se code,0.0
newcastle university,0.0
code generation ,0.0
cited literature ,0.0
browser ,0.0
civil engineering ,0.0
expert,0.0
software engineering degree program ,0.0
radiation,0.0
structured programming,0.0
mill ,0.0
miserable science,0.0
capability maturity model integration,0.0
online or distance education,0.0
field use ,0.0
standards guideline,0.0
waterloo ,0.0
integrated approach,0.0
tremendous overlap,0.0
complex undertaking,0.0
incremental improvement,0.0
entry-level certification ,0.0
product,0.0
software engineering today edit ,0.0
university education,0.0
iso iec jtc,0.0
teaching,0.0
wayne stevens ,0.0
single silver bullet ,0.0
engineering and technology ,0.0
software engineering history ,0.0
flexibility ,0.0
maintaining software ,0.0
florida statute ,0.0
accountability,0.0
iso iec jtc ,0.0
certification examination,0.0
national panel,0.0
multi-million dollar mistake,0.0
incorporated engineer status,0.0
licensed professional engineer ,0.0
panel ,0.0
professional certification program,0.0
canadian engineering accreditation board ceab,0.0
software products or service,0.0
highly risky proposition ,0.0
book code ,0.0
technologies platform technology science technology,0.0
laszlo belady,0.0
five-year integrated master,0.0
objects or function,0.0
real-time code,0.0
non-profit organization ,0.0
software engineering software engineering,0.0
geologist or geophysicist ,0.0
applicable,0.0
scientific designer parnas,0.0
ifip general assembly,0.0
cpeng ,0.0
different machine ,0.0
computer hardware ,0.0
design concept,0.0
analyzing ,0.0
learning material ,0.0
swebok guide version ,0.0
specific course,0.0
b abran et al ,0.0
study and application ,0.0
university education ,0.0
jamie fenton ,0.0
tools method,0.0
literature and analyse,0.0
mississippi state university,0.0
wyrostek ,0.0
integrated design-test coding-editor,0.0
software versus hardware,0.0
quasi-management aspect ,0.0
software engineering undergraduate degree ,0.0
professional engineering discipline ,0.0
prescribed curriculum ,0.0
higher education ,0.0
title engineer edit,0.0
mis or computer information systems degree ,0.0
operational capability ,0.0
widespread lack,0.0
book code,0.0
future employment prospect ,0.0
qualified software engineer,0.0
fose track,0.0
jcesep,0.0
case tool ,0.0
sexual discrimination cyberculture or bias ,0.0
ownership,0.0
apegbc institute ,0.0
week ,0.0
work edit most software engineers work ,0.0
mission critical and human critical system,0.0
different location,0.0
canadian engineering accreditation board ceab accredited program,0.0
desk,0.0
www faq ,0.0
computer specialist,0.0
ethics edit software engineering ethic,0.0
debugging,0.0
tripp,0.0
software engineering management,0.0
important development ,0.0
rapid-prototyping ,0.0
software history,0.0
settlement,0.0
front,0.0
titles programmer and software developer,0.0
mature software engineer,0.0
large custom software project,0.0
ambiguous,0.0
local link ,0.0
rice university,0.0
business-critical process,0.0
professional engineering organization ,0.0
nokkurra starfsheita s rfr inga,0.0
computer science and engineering philosophy,0.0
civil electrical and computer engineering,0.0
integrated approach ,0.0
machine room,0.0
limited geographic scope,0.0
cite ,0.0
index ,0.0
further reading edit ghezzi,0.0
software engineering conferences list,0.0
succession ,0.0
computer architecture ,0.0
barry w boehm ,0.0
software engineering article ,0.0
reason ,0.0
input,0.0
construction ,0.0
federally funded research and development center,0.0
hans dieter rombach,0.0
degree and certification program,0.0
browser usage,0.0
court battle ,0.0
coimbatore,0.0
hand,0.0
vocational school,0.0
patient ,0.0
human oversight ,0.0
small software system,0.0
competitive edge ,0.0
software people ,0.0
stress level,0.0
subfield ,0.0
united states citation needed ,0.0
bourque,0.0
recognized higher educational institution citation,0.0
separate,0.0
sigsoft awards icse ,0.0
rapid growth,0.0
pearson education prentice-hall ,0.0
civil electrical,0.0
carlo ,0.0
engineering school,0.0
nato science committee,0.0
software production software engineering,0.0
truth honesty and trustworthiness ,0.0
swebok software engineering body ,0.0
software quality management ,0.0
software engineering institute sei,0.0
jalote ,0.0
test,0.0
worst job,0.0
truth honesty,0.0
stephen linkman ,0.0
overview edit,0.0
topics and student ,0.0
course,0.0
munich,0.0
course ,0.0
inappropriate analogy,0.0
deliberately provocative title ,0.0
lessig and joy,0.0
vast proliferation,0.0
software and information industry association,0.0
form,0.0
mainframe ,0.0
sexual discrimination cyberculture ,0.0
online wsj,0.0
virtual software team project management ,0.0
cite,0.0
industry and academia,0.0
systems telecommunication ,0.0
search software engineering professionalism ,0.0
territory ,0.0
european ,0.0
mathematics science engineering ,0.0
references edit abran,0.0
fewer organization ,0.0
death ,0.0
lightweight methodologies edit ,0.0
book code and other law,0.0
software crisis edit software engineering ,0.0
learning material,0.0
immature licensing,0.0
money,0.0
academic article ,0.0
mastery ,0.0
establishment ,0.0
software engineering engineering,0.0
maintainable software ,0.0
software product lines software product line,0.0
philosophy logic,0.0
related area,0.0
software people,0.0
economical harm ,0.0
transcript,0.0
distance education ,0.0
victor basili,0.0
virtual software team project management,0.0
theoretical environment,0.0
software calculation,0.0
youth ,0.0
memorial university ,0.0
professional discipline ,0.0
medical informatics,0.0
terms software engineering ,0.0
pioneering era edit,0.0
fraunhofer institute ,0.0
graduate software engineering degree,0.0
legal requirement,0.0
growing vast number,0.0
keyboard engineers and programmer ,0.0
customer s requirement,0.0
chapter ignored page ,0.0
knowledge and practice ,0.0
computer programmers software developer growth,0.0
superior product,0.0
network administrator,0.0
quebec order ,0.0
theoretical computer science ,0.0
certified software development associate and certified software development professional ,0.0
steve mcconnell opine ,0.0
contractor ,0.0
stakeholder,0.0
empty term ,0.0
apt reflection,0.0
elegance,0.0
semi-automated pre-screening ,0.0
global software development ,0.0
confusion ,0.0
coherent architecture ,0.0
keyboard engineers and programmer,0.0
computer programming and systems analysis,0.0
worst job ,0.0
human translator ,0.0
international searching,0.0
prevalent thirty year ,0.0
first doctorate program ,0.0
designation,0.0
ieee standard glossary,0.0
keyword-search system,0.0
criticism edit software engineering,0.0
contemporary list ,0.0
informal contemporary term,0.0
software systems software product,0.0
achievements edit,0.0
munich ,0.0
movement,0.0
computerworld ,0.0
distinction,0.0
existence ,0.0
software engineering award,0.0
information website ,0.0
technology and application ,0.0
proof ,0.0
information website,0.0
small mistake,0.0
fee,0.0
software development life cycle framework opensdlc org,0.0
mississippi state university ,0.0
psg college ,0.0
symbolic mathematics,0.0
software versus hardware ,0.0
engineering council ,0.0
quebec edit,0.0
minister ,0.0
thing ,0.0
first several decade,0.0
foundation,0.0
computer programming job,0.0
term software crisis ,0.0
manuscript austin,0.0
citizen or permanent resident,0.0
chartered it professional citp ,0.0
hardware hardware,0.0
magical,0.0
multi-language usage,0.0
yearly award ,0.0
change,0.0
stevens award,0.0
general medical ,0.0
charlotte ,0.0
web-based search engine ,0.0
infoworld ,0.0
code sloc,0.0
computer programming and systems analysis ,0.0
federally funded research and development center ,0.0
software architecture,0.0
requirements gathering,0.0
commons category ,0.0
relation ,0.0
complacency,0.0
ncees software engineering exam specification,0.0
possibility ,0.0
professional engineering discipline,0.0
practicing software engineering,0.0
experimental experimental software engineering ,0.0
north american ,0.0
current dependence ,0.0
real-time code ,0.0
lean software development,0.0
opinion essay,0.0
professional certification program ,0.0
subcategory ,0.0
practice software engineering ,0.0
carnegie mellon university ,0.0
physic ,0.0
creativity,0.0
waterloo,0.0
optimal team size,0.0
business problem ,0.0
software engineering professionalism,0.0
growth and prevention,0.0
information systems professional i s p designation ,0.0
computer science and engineering principles and practice ,0.0
information systems professional certification process ,0.0
preparation ,0.0
software engineering h history,0.0
accredited level,0.0
eyewash ,0.0
mechanical,0.0
code generation,0.0
peter g neumann ,0.0
computer science and engineering department,0.0
government statistic ,0.0
editor-in-chief ,0.0
titles commons category,0.0
session,0.0
personal reflection,0.0
technologies and practice,0.0
ethics association ,0.0
meet peo ,0.0
module ,0.0
key advance,0.0
engineering lack,0.0
surveying,0.0
study and application,0.0
design concept ,0.0
teaching ,0.0
tickit cmm ,0.0
budget overrun ,0.0
deimel ,0.0
first software engineering master ,0.0
scientific algorithmic,0.0
benefits and problem,0.0
software construction,0.0
software and system ,0.0
education edit knowledge,0.0
licensing or certification ,0.0
footnote reference ,0.0
important method,0.0
life and death ,0.0
different job,0.0
ieng ,0.0
humane ,0.0
software tool,0.0
deimel,0.0
professional engineers ontario peo ,0.0
accredited level ,0.0
flexibility,0.0
large losses ,0.0
incremental improvement ,0.0
memory ,0.0
apple,0.0
standard international curriculum,0.0
entry-level software engineer ,0.0
international organization,0.0
conciseness,0.0
marvin v zelkowitz ,0.0
charles bachman,0.0
system life cycle,0.0
civil electrical and computer engineering ,0.0
agile alliance,0.0
rate,0.0
different topic ,0.0
successful project,0.0
professional software engineering licenses study software engineering,0.0
jsp method,0.0
mcgraw-hill ,0.0
david h hutchen ,0.0
java code software engineering ,0.0
software development process system architecture computer architecture computer organization ,0.0
identification,0.0
ethical codes and value,0.0
quasi-management aspect,0.0
limited,0.0
engineering branch,0.0
radical new approach ,0.0
governments licensing ,0.0
scientific algorithmic and business problem ,0.0
charter ,0.0
approved subject,0.0
online futures market ,0.0
system specification ,0.0
terms software engineering and software engineer,0.0
scientific ,0.0
real machine ,0.0
good reason ,0.0
web-based search engine,0.0
book code and other law ,0.0
standard international curriculum ,0.0
software engineering profession ,0.0
multi-language usage ,0.0
considerable debate ,0.0
foundation ,0.0
lawrence lessig ,0.0
massive migration ,0.0
ad-hoc problem-solving,0.0
computer science faculty ,0.0
business skill,0.0
tremendous overlap ,0.0
modern ,0.0
global community ,0.0
academic and professional organization ,0.0
unit testing ,0.0
misused clarification ,0.0
citizen,0.0
technology and practice ,0.0
semi-automated pre-screening,0.0
ccse ,0.0
pearl brereton ,0.0
encyclopedic tone ,0.0
computer science program ,0.0
rapid growth ,0.0
accredited professional program,0.0
containing software work,0.0
computer code ,0.0
experimental software engineering advocate ,0.0
requirements analysis,0.0
non-engineering program,0.0
purpose ,0.0
practicing software engineer ,0.0
certified software development professional csdp,0.0
broader certification,0.0
mario b land ,0.0
applicable ,0.0
search engine optimization seo technique,0.0
empirical and experimental software engineering,0.0
ets university and uqam ,0.0
germany,0.0
china,0.0
decade-long citation,0.0
youth,0.0
canadian engineering accreditation board ,0.0
single key,0.0
gartner magic quadrant,0.0
normal practice ,0.0
mcgraw-hill,0.0
navigation,0.0
associations and organization,0.0
large software product ,0.0
small project ,0.0
famous,0.0
inline citation ,0.0
design and development ,0.0
victor basili ,0.0
first digital computer,0.0
ownership and maintenance,0.0
lethal dose ,0.0
privileged end user,0.0
geographical temporal cultural ,0.0
mathematical engineer,0.0
scientific and business task,0.0
effect,0.0
response ,0.0
implementing,0.0
mechanical engineering,0.0
primary design artifact ,0.0
french ,0.0
traceability ,0.0
term programmer ,0.0
communication channel ,0.0
required standard,0.0
mill,0.0
certificate,0.0
spreadsheet calculator,0.0
designation ,0.0
hand and wrist problem ,0.0
s global marketplace,0.0
software engineering engineering ,0.0
licensed professional engineer,0.0
keyboard engineer,0.0
conjunction ,0.0
language topic ,0.0
model-driven model driven design,0.0
map ,0.0
paying hardware engineering role,0.0
software cost,0.0
acceptable engineering experience ,0.0
memory differences undo,0.0
occupational licensing regulation ,0.0
sub-domain,0.0
terminal capable,0.0
wikidata,0.0
range,0.0
texas donald bagert,0.0
unlimited damage,0.0
different language ,0.0
first glimpse,0.0
peo on ca,0.0
computer science history,0.0
titles programmer and software developer ,0.0
james w,0.0
official start ,0.0
keyword-search system ,0.0
changing face ,0.0
networking,0.0
observation,0.0
generative programming and template,0.0
provincial engineering association,0.0
software developer growth ,0.0
search wikimedia common,0.0
totally unacceptable ,0.0
garbage collection,0.0
trustworthy software product ,0.0
engineering model,0.0
system development ,0.0
experimental software engineering issue,0.0
non-technical degrees citation,0.0
alberta government,0.0
mass,0.0
prestigiou ,0.0
ethical impact,0.0
licensing edit,0.0
mainstream ,0.0
potentially dated statements article,0.0
gov on ca ,0.0
protected title,0.0
permission,0.0
first software engineering bachelor s degree ,0.0
pundit,0.0
ethical codes and value ,0.0
engineering requirement,0.0
regulatory classification edit,0.0
senior,0.0
bls ,0.0
similar program ,0.0
alignment,0.0
owning,0.0
needed profession edit ,0.0
software engineering demographics most software engineer ,0.0
engineering and technology abet ,0.0
extremely shallow ,0.0
specific topic ,0.0
soft skill ,0.0
fundamental,0.0
financial constraint,0.0
discuss proposed,0.0
vendor ,0.0
engineering focus,0.0
technology degree,0.0
benefit,0.0
transcription ,0.0
environment ,0.0
missing,0.0
barbara kitchenham ,0.0
recession ,0.0
v t e technology outline,0.0
true software engineer,0.0
totality ,0.0
smartly leverage,0.0
help external links edit guide ,0.0
traceability,0.0
global outsourcing ,0.0
information technology bachelor,0.0
industry analysts architects developers testers technical support ,0.0
sei software process program ,0.0
examiner,0.0
division,0.0
large software system,0.0
rationale edit ,0.0
degree and certification program ,0.0
engineering exam,0.0
complacency ,0.0
human critical system,0.0
zealand edit ,0.0
professional software engineering licenses study software engineering ,0.0
peer scrutiny ,0.0
no individual technology or practice ,0.0
independent qa team,0.0
key driver,0.0
combination ,0.0
zealand edit,0.0
sexual discrimination cyberculture,0.0
skeptic ,0.0
use model transformation and code generation ,0.0
type ,0.0
source line ,0.0
term edit ,0.0
software engineering bachelor ,0.0
people skill ,0.0
completion,0.0
software engineering institute sei ,0.0
boundary,0.0
computer software engineer ,0.0
computer hardware,0.0
coining,0.0
safe guard human life,0.0
priz ,0.0
engineering and surveying,0.0
integration testing,0.0
general software engineering skill ,0.0
category v,0.0
entry level position,0.0
punched card,0.0
early stage,0.0
thing,0.0
unlimited damage ,0.0
los alamito,0.0
magical ,0.0
technical content ,0.0
s nanz ,0.0
requirements gathering and reliability testing ,0.0
employee,0.0
traditional engineering ,0.0
stability speed usability testability readability size cost security ,0.0
advocacy and analysis ,0.0
fraction,0.0
surveying ,0.0
entry-level certification,0.0
development cmmi-dev ,0.0
sound engineering principle ,0.0
manuscript austin ,0.0
edit computer science portal software engineering bachelor ,0.0
ontario edit,0.0
f l bauer,0.0
constructive cost model cocomo ,0.0
casey ,0.0
global community,0.0
academic article,0.0
french,0.0
sites computer org ,0.0
professional discipline,0.0
operation,0.0
further reading edit ghezzi ,0.0
search engine optimization seo technique ,0.0
large losses,0.0
mass ,0.0
system requirement,0.0
toronto ,0.0
mission critical and human critical system ,0.0
personal reflection ,0.0
integrity and traceability,0.0
microsoft ,0.0
different,0.0
abet accreditation ,0.0
references edit ,0.0
geoscience software developing software ,0.0
international symposium ,0.0
academic training,0.0
date value,0.0
perspective ,0.0
technology and application,0.0
meaningful software ,0.0
ccse,0.0
medieval europe ,0.0
software engineering terminology,0.0
permanent resident,0.0
considerable debate,0.0
keith chapple ,0.0
engineering design,0.0
economical harm,0.0
systematic disciplined quantifiable approach ,0.0
apt reflection ,0.0
seminal paper ,0.0
job title engineer ,0.0
inherent characteristic,0.0
residence,0.0
cruelty ,0.0
timezone difference ,0.0
privileged end user ,0.0
continuous ability,0.0
smaller organization,0.0
illustration,0.0
complex software system,0.0
integrity,0.0
constructive cost model cocomo,0.0
p eng holder ,0.0
conventional engineering discipline ,0.0
akram i salah ,0.0
principles and practice ,0.0
mere term ,0.0
canadian engineering accreditation board ceab ,0.0
geologist or geophysicist,0.0
protection,0.0
limited and hence software engineering ,0.0
technologies platform technology science technology ,0.0
academic degree ,0.0
bruce h barnes,0.0
session ,0.0
janet paskin,0.0
design and development,0.0
programming languages references edit software engineering ,0.0
conciseness ,0.0
integrity ,0.0
government agencies civilian,0.0
joint effort,0.0
profession edit main article,0.0
good quality software ,0.0
big part,0.0
war,0.0
general medical or biology degrees citation ,0.0
software development project,0.0
rise,0.0
sleep pattern,0.0
distinct point,0.0
clarkson university,0.0
information hiding ,0.0
ethical impact ,0.0
evaluation ,0.0
good quality software,0.0
geoscientists and geophysicist,0.0
growing,0.0
intent,0.0
software design principle,0.0
organizational,0.0
bill joy ,0.0
heavy document-driven process ,0.0
rationale edit,0.0
developers software engineer ,0.0
recommended practice ,0.0
large software product,0.0
classic example,0.0
membership or certification,0.0
professional member ,0.0
connotation,0.0
label software engineer ,0.0
software engineering list,0.0
software portal software testing portal main article,0.0
software calculations and algorithm,0.0
real machine,0.0
function ,0.0
chartered engineer status ,0.0
employee ,0.0
middleware analyst,0.0
professor fritz bauer ,0.0
engineering citation,0.0
communication channel,0.0
ieng,0.0
carnegie mellon university,0.0
fraunhofer institute,0.0
code sloc ,0.0
public confusion ,0.0
agile agile software development guides software development project,0.0
factor,0.0
engineering degree,0.0
management activities planning ,0.0
formal process,0.0
concepts appropriate technology critique ,0.0
data structures analysis,0.0
view ,0.0
analysing,0.0
information flow,0.0
operation ,0.0
threat ,0.0
making prediction ,0.0
critical fault ,0.0
education ict ,0.0
quebec engineer ,0.0
index,0.0
dispute,0.0
commons category,0.0
real-world problem ,0.0
productivity and quality ,0.0
leonard l ,0.0
scientific affairs division ,0.0
information systems professional isp ,0.0
accumulation ,0.0
devotee,0.0
practice software engineering,0.0
apegbc institute,0.0
keith chapple,0.0
software problems and disaster,0.0
design development operation,0.0
quicker easier ,0.0
traditional engineering discipline ,0.0
diffusion ,0.0
complex activity ,0.0
pragmatic engineer ,0.0
first several decade ,0.0
written recommendation,0.0
edit history ,0.0
swebok software engineering body,0.0
software configuration management,0.0
illegal use ,0.0
defined process,0.0
prizes edit,0.0
accountability ,0.0
ten subdiscipline ,0.0
general-purpose code,0.0
list ,0.0
complex activity,0.0
protected title ,0.0
similar program,0.0
professional engineering organization,0.0
prevention,0.0
fairness courtesy and good faith,0.0
council ,0.0
program design,0.0
first decade ,0.0
conformance ,0.0
minister,0.0
www acm org serving se policy,0.0
donald knuth,0.0
knowledge guide ,0.0
peter chen,0.0
complex undertaking ,0.0
small mistake or fault ,0.0
international expert ,0.0
criticism edit software engineering ,0.0
totally customized website development,0.0
modularity ,0.0
s global marketplace ,0.0
settlement ,0.0
competitive edge,0.0
kitchenham,0.0
bona fide profession,0.0
input ,0.0
long period,0.0
soft skill,0.0
warren ,0.0
india,0.0
dutoit,0.0
hard work ,0.0
cited literature,0.0
computer-based tool ,0.0
engineering school ,0.0
boundary and content ,0.0
china ,0.0
bernd ,0.0
engineering fe,0.0
business task,0.0
international user,0.0
boca raton ,0.0
legal code,0.0
tertiary degree,0.0
boilerplate code ,0.0
software engineering exam specification,0.0
different job ,0.0
current dependence,0.0
terms software engineering and software engineer ,0.0
undergraduate curriculum,0.0
structured programming object-oriented programming ,0.0
academia educator,0.0
information systems professional certification process,0.0
international computer virus,0.0
trustworthiness ,0.0
positive,0.0
capability maturity model integration ,0.0
dialect,0.0
software engineering undergraduate degree,0.0
t kni- og h nnunargreinum ,0.0
ethics association,0.0
s particular feeling,0.0
successfully complete peo,0.0
typical software engineer,0.0
in-site search engine ,0.0
missing ,0.0
seattle university,0.0
broad term,0.0
no individual technology or practice,0.0
computer specialist ,0.0
documentation set,0.0
predictable an industry ,0.0
wyrostek,0.0
computer-based tool,0.0
vol,0.0
computer software engineers and computer programmer,0.0
fullerton ,0.0
accidents occur,0.0
disputed statement,0.0
engineering validation ,0.0
s nanz,0.0
scientific algorithmic ,0.0
certification committee,0.0
knowledge the open systems engineering ,0.0
first digital computer ,0.0
inexpensive software solution ,0.0
knowledge the open systems engineering,0.0
human interaction ,0.0
en wikipedia,0.0
academia,0.0
packaged software ,0.0
academic,0.0
fairly rapid compilation,0.0
cost and budget overrun ,0.0
permanent resident ,0.0
volume ,0.0
dialect ,0.0
purely technical skill ,0.0
david budgen ,0.0
inherent characteristic ,0.0
major design issue,0.0
software engineering mse degree ,0.0
widespread network connection,0.0
notion,0.0
ontario edit ,0.0
software product lines software product line ,0.0
higher education,0.0
tougher regulation ,0.0
keyboard engineer ,0.0
broader management issue,0.0
work-place culture ,0.0
computer science and engineering philosophy ,0.0
carlo,0.0
critical thinking,0.0
patient,0.0
mitigated risk and professionalism,0.0
emphasis,0.0
h dieter rombach,0.0
ethical responsibility,0.0
david h hutchen,0.0
internet application,0.0
barry w boehm,0.0
wikibook,0.0
v t e,0.0
academic training ,0.0
compensation,0.0
base,0.0
public confusion,0.0
worldwide view,0.0
safe guard human life ,0.0
computer science degree ,0.0
licensing practice,0.0
disaster ,0.0
totality,0.0
real-world validation ,0.0
government agencies civilian or military,0.0
technological university ,0.0
quality attribute,0.0
reasonable command,0.0
functional ,0.0
large support staff,0.0
period ,0.0
certified software development professional certification exam ,0.0
cognizant,0.0
surveyed development project,0.0
f l bauer ,0.0
crafter,0.0
economics,0.0
governance,0.0
cycle ,0.0
conference report,0.0
larger market,0.0
von neumann architecture,0.0
data abstraction ,0.0
dispute ,0.0
technology high tech hype cycle low-technology mature technology philosophy ,0.0
stress-level,0.0
different language,0.0
stevens award ,0.0
packaged software,0.0
engineering knowledge ,0.0
software engineering research ,0.0
requirements gathering and reliability testing,0.0
thousand,0.0
software development e g,0.0
participant ,0.0
people skill,0.0
source,0.0
integrated design-test coding-editor ,0.0
related career,0.0
engineering occupations ieee software ,0.0
heavy document-driven process,0.0
innovation ,0.0
agile software development,0.0
computer engineering ,0.0
reason,0.0
certification war,0.0
heavy-weight processes citation,0.0
freelancer ,0.0
factor ,0.0
management activities planning,0.0
rapid-prototyping,0.0
stakeholder ,0.0
radical new approach,0.0
government agencies civilian or military ,0.0
broad rubric,0.0
original report ,0.0
competitive market ,0.0
tara,0.0
globalization edit,0.0
identification ,0.0
cowling,0.0
paying hardware engineering role ,0.0
von neumann architecture ,0.0
calculus ,0.0
home,0.0
hardware vendor,0.0
official start,0.0
ceng ,0.0
image display storage ,0.0
state license ,0.0
system or component,0.0
software engineering exam specification ,0.0
spreadsheet calculator ,0.0
software engineering history,0.0
dead external links article ,0.0
engineering accreditation committee ,0.0
international symposium,0.0
lean software development ,0.0
structured programming ,0.0
vendor,0.0
university program,0.0
engineering council,0.0
numerical method ,0.0
man-years t,0.0
compilers parser,0.0
crisis mode ,0.0
good faith,0.0
frequent maintenance ,0.0
key human resource,0.0
system requirement ,0.0
public where health ,0.0
los alamito ,0.0
career path,0.0
proper programming ,0.0
large custom software project ,0.0
associate software engineer,0.0
risk mitigation ,0.0
cite template,0.0
intent ,0.0
user organization ,0.0
emphasis ,0.0
certification war ,0.0
software engineering article,0.0
large expensive custom software engineering project ,0.0
ambiguous ,0.0
management science citation,0.0
chapter ,0.0
david budgen,0.0
panel,0.0
coding skill ,0.0
acceptable experience ,0.0
engineering philosophy ,0.0
creativity ,0.0
non-se degree ,0.0
front ,0.0
society technology dynamics science ,0.0
range ,0.0
key driver ,0.0
first nato software engineering conference ,0.0
excessive or inappropriate external link ,0.0
computer science history ,0.0
multi-million dollar mistake ,0.0
software engineering bachelor,0.0
original meaning,0.0
quebec edit ,0.0
mere term,0.0
professional engineers ontario peo,0.0
computer engineering degree,0.0
database,0.0
sound engineering principle,0.0
sei software process program,0.0
hans dieter rombach ,0.0
c b engle ,0.0
academic ,0.0
boundary and content,0.0
long period ,0.0
true software engineer ,0.0
term software engineer ,0.0
software engineering mse degree,0.0
medieval europe,0.0
good reason,0.0
united kingdom edit,0.0
beginning ,0.0
undergraduate curriculum ,0.0
technology abet,0.0
mathematics science engineering or technology degree ,0.0
unethical citation,0.0
radical novelty,0.0
peer scrutiny,0.0
software tool ,0.0
senior ,0.0
meet peo,0.0
include experiment ,0.0
united kingdom edit ,0.0
hardware vendor ,0.0
legitimate branch,0.0
grace hopper ,0.0
computer science degree,0.0
conference report ,0.0
software project management,0.0
no individual technology,0.0
human oversight,0.0
titles commons category ,0.0
territory,0.0
art edit,0.0
international level ,0.0
academia ,0.0
references edit abran ,0.0
employers employee and customer ,0.0
framework ,0.0
model ,0.0
element ,0.0
engineering and technology,0.0
fictional technology technopaganism high-technology business districts kardashev scale list ,0.0
iso standard,0.0
ceab pass ,0.0
engineering citation ,0.0
agile agile software development guides software development project ,0.0
essentially the same thing,0.0
diffusion,0.0
debate ,0.0
radiotherapy machine ,0.0
reading writing speaking english ,0.0
certification examination ,0.0
detailed creation ,0.0
abet accredited engineering program ,0.0
original,0.0
bs australia clarification,0.0
experimental software engineering issue ,0.0
ethical approach,0.0
parlament,0.0
revision control ,0.0
licensed discipline,0.0
elicitation ,0.0
licensing and certification exams edit ,0.0
maintaining software,0.0
information hiding,0.0
engineering geoscientist ,0.0
software development and maintenance professional,0.0
condition,0.0
rated software engineering,0.0
completely individual product,0.0
higher quality product ,0.0
revision control,0.0
period,0.0
first professional software engineer ,0.0
ethical approach ,0.0
embedded software,0.0
fraction ,0.0
technology diffusion,0.0
english,0.0
degrees edit,0.0
expectation,0.0
information systems professional i s p designation,0.0
core issue,0.0
software engineering references edit ,0.0
legal liability,0.0
engineering and surveying ,0.0
term programmer,0.0
memorial university,0.0
software engineering tools and method,0.0
reliability testing,0.0
degree program,0.0
infoworld,0.0
quebec order,0.0
software engineering science experiment,0.0
importance citation,0.0
method advocate,0.0
university program ,0.0
john cameron,0.0
small portion,0.0
world citation ,0.0
academic and professional organization,0.0
professional practice,0.0
undergraduate software engineering degree ,0.0
research paper ,0.0
education ict,0.0
excessive,0.0
corporation,0.0
canadian engineering accreditation board,0.0
reputation ,0.0
existence,0.0
certified software development associate and certified software development professional,0.0
distinct point ,0.0
marvin v zelkowitz,0.0
focus,0.0
security ,0.0
foreign visa worker ,0.0
information technology computer,0.0
acm computing classification system ,0.0
british columbia apegbc association,0.0
self-regulating professional engineering organization ,0.0
online wsj ,0.0
agile software development ,0.0
variety ,0.0
information technology bachelor ,0.0
research institute,0.0
computer language,0.0
naur ,0.0
mainframe,0.0
prescribed curriculum,0.0
participant,0.0
problem frames method,0.0
boilerplate code,0.0
owning and maintaining software,0.0
coining ,0.0
radical novelty ,0.0
fairly rapid compilation ,0.0
factual verification wikipedia article ,0.0
global software development,0.0
legislature ,0.0
international human resource,0.0
modern,0.0
organizational and financial constraint,0.0
embedded software ,0.0
growing vast number ,0.0
programming languages references edit software engineering,0.0
module,0.0
ets university,0.0
soviet bloc countries software software unix free software ,0.0
controversy edit ,0.0
framework,0.0
casey,0.0
abet accredited engineering program,0.0
russia,0.0
schneider,0.0
division ,0.0
prevalent thirty year,0.0
poor quality,0.0
well-organized code fragment ,0.0
html language ,0.0
relative cost,0.0
academia educator ,0.0
charles bachman ,0.0
chartered engineer ,0.0
metaphor ,0.0
internet application ,0.0
annual meeting ,0.0
evolution ,0.0
objects or function ,0.0
database report generator,0.0
sei cmu ,0.0
software development and maintenance professional ,0.0
symbolic mathematics ,0.0
wikibook ,0.0
civil engineer ,0.0
unrealistic attempt,0.0
cowling ,0.0
first software engineering bachelor s degree,0.0
global reach,0.0
niche software ,0.0
good practice guideline ,0.0
excessive or inappropriate external link,0.0
purpose,0.0
codification,0.0
pragmatic engineer,0.0
evaluation,0.0
microsoft,0.0
timezone difference,0.0
pe professional engineer exam beginning ,0.0
software engineering consulting software engineer software engineering demographic ,0.0
degrees edit ,0.0
www faq,0.0
needed for instance ,0.0
excerpt,0.0
customer satisfaction,0.0
software engineering software engineering ,0.0
foster university ,0.0
punched card ,0.0
software engineering foundation ,0.0
algorithm ,0.0
original report,0.0
metaphor,0.0
province or territory ,0.0
operational staff,0.0
smaller system,0.0
parlament ,0.0
thumbnail image,0.0
conventional engineering discipline,0.0
art edit ,0.0
wider variety,0.0
category v ,0.0
threat,0.0
small project,0.0
dutoit ,0.0
precise citation,0.0
qualifying engineering programme,0.0
successful project ,0.0
stored program architecture,0.0
software history ,0.0
engineering geoscientist,0.0
different topic,0.0
major step,0.0
process improvement and software architecture,0.0
review,0.0
measurement esem conference,0.0
engineering project management ,0.0
pearson education prentice-hall,0.0
iso standard ,0.0
thibodaux,0.0
mis or computer information systems degree,0.0
debate,0.0
map,0.0
extensive systematic formal code reuse ,0.0
mbc,0.0
fully qualified member,0.0
annual meeting,0.0
devotee ,0.0
chemistry,0.0
volume,0.0
model-driven model driven design ,0.0
complex software system ,0.0
profession edit main article ,0.0
peo on ca ,0.0
overview edit ,0.0
technology degree ,0.0
chartered status ,0.0
product or service ,0.0
consequence,0.0
broad term ,0.0
computer-aided software engineering ,0.0
science degree ,0.0
international organization ,0.0
lethal dose,0.0
computer terminal typing,0.0
human critical system ,0.0
award chartered engineer status,0.0
certified software development professional csdp ,0.0
foreign visa worker,0.0
mechanical and civil engineering ,0.0
software engineering today edit,0.0
ms windows computer,0.0
foster university and industry collaboration ,0.0
idg news service hot skill,0.0
principles and practice,0.0
international level,0.0
inappropriate use ,0.0
software edit,0.0
modern software development,0.0
sites computer org,0.0
deliberately provocative title,0.0
design development maintenance ,0.0
milwaukee school ,0.0
empirical and experimental software engineering ,0.0
unethical citation ,0.0
college ,0.0
substantial progress,0.0
cost-effective support ,0.0
mathematics science engineering or technology degree,0.0
excessive ,0.0
meeting,0.0
citizen or permanent resident ,0.0
further reading ,0.0
chapter ignored page,0.0
computing symposium ,0.0
inability ,0.0
licensing or certification,0.0
provincial engineering association ,0.0
non-technical degrees citation ,0.0
engineering canada,0.0
software products or service ,0.0
coimbatore ,0.0
acceptable experience,0.0
positive ,0.0
computer science faculty,0.0
general-purpose code ,0.0
reality,0.0
employees or contractor ,0.0
idea ,0.0
experimental software engineering iese fraunhofer center ,0.0
bill joy,0.0
date help ,0.0
codie award,0.0
fairness courtesy and good faith ,0.0
initial impact ,0.0
cheap machine,0.0
research institute ,0.0
government agencies civilian ,0.0
software engineering management ,0.0
peter ,0.0
schneider ,0.0
supposedly radical new approach ,0.0
general medical,0.0
physic,0.0
mitigated risk and professionalism ,0.0
computer engineering,0.0
wayne stevens,0.0
normal office hour,0.0
professional practice ,0.0
programmers and crafter,0.0
conduct edit ,0.0
extensive body,0.0
specialty shop,0.0
globalization edit ,0.0
issue computer,0.0
effect ,0.0
british columbia saskatchewan manitoba ontario quebec nwt external ,0.0
flaw,0.0
changing face,0.0
peter,0.0
information flow ,0.0
fully qualified member ,0.0
freelancer,0.0
garmisch ,0.0
computing symposium,0.0
stephen linkman,0.0
codie award ,0.0
label software engineer,0.0
sei certification page,0.0
production ,0.0
implementing ,0.0
direction ,0.0
international user ,0.0
governing legislation ,0.0
associations and organization ,0.0
home ,0.0
typical software engineer ,0.0
theoretical environment ,0.0
pressman ,0.0
immature licensing ,0.0
first software engineering master,0.0
large support staff ,0.0
dead link,0.0
inability,0.0
engineering knowledge,0.0
bernd,0.0
chartered status,0.0
software engineer legal requirement,0.0
mbc ,0.0
wider variety ,0.0
list,0.0
meet oiq,0.0
inappropriate external link,0.0
section,0.0
software and system,0.0
technologies and practice ,0.0
respect ,0.0
althing ,0.0
summary,0.0
prerequisite ,0.0
information storage retrieval and display ,0.0
major language,0.0
talk page ,0.0
large project ,0.0
developers software engineer,0.0
donald knuth ,0.0
hacker ,0.0
bias,0.0
protracted period ,0.0
catalog ,0.0
catalog,0.0
algorithms algorithm design combinatorial optimization computational geometry programming language ,0.0
navigation ,0.0
internet edit ,0.0
disaster,0.0
citizen ,0.0
requirements analysis ,0.0
professional engineers p eng,0.0
software engineering citation ,0.0
mario b land,0.0
mission critical,0.0
intelligent system ,0.0
software engineering foundation,0.0
international searching ,0.0
chartered it professional citp,0.0
softw ,0.0
negative impact,0.0
following decade,0.0
engineering degree ,0.0
older,0.0
self-regulating professional engineering organization,0.0
stability speed usability testability readability size cost security,0.0
requirements engineering,0.0
certification edit ,0.0
continuous ability ,0.0
observation ,0.0
computer science program,0.0
undergraduate education,0.0
software engineering award ,0.0
instruction ,0.0
term software engineering,0.0
respect,0.0
geoscientists and geophysicist ,0.0
vocational school ,0.0
carpal tunnel syndrome ,0.0
occupational licensing regulation,0.0
jamie fenton,0.0
decade-long citation ,0.0
process maturity level,0.0
common analogy ,0.0
university degree or training,0.0
information technology professional,0.0
spam e-mail ,0.0
revolutionary citation ,0.0
alternative,0.0
purely technical skill,0.0
computer engineer,0.0
consulting software engineer,0.0
software engineers and programmer ,0.0
similar experience,0.0
computing science,0.0
inexpensive software solution,0.0
united states edit ,0.0
gov on ca,0.0
global reach ,0.0
ceng,0.0
craftmanship ,0.0
achievements edit ,0.0
engineering license citation ,0.0
critical fault,0.0
instruction,0.0
worthy ,0.0
governments licensing,0.0
capability maturity model,0.0
cognizant ,0.0
empirical technical investigation,0.0
tara ,0.0
corporation ,0.0
rise ,0.0
illegal use,0.0
specialization ,0.0
relative cost ,0.0
modularity and information hiding ,0.0
sei certification page ,0.0
success,0.0
key element ,0.0
seminal paper,0.0
leonard l,0.0
florida statute,0.0
references edit,0.0
printer ,0.0
ets university ,0.0
bona fide profession ,0.0
software calculations and algorithm ,0.0
generally accepted best-practice ,0.0
editor-in-chief,0.0
software engineering list ,0.0
optimal team size ,0.0
sheffield ,0.0
normal office hour ,0.0
international information display e-mail system,0.0
owning ,0.0
compensation ,0.0
tools method ,0.0
empty title ,0.0
subfield,0.0
dupui,0.0
analysing ,0.0
magnitude ,0.0
no engineering background ,0.0
java code software engineer ,0.0
prentice hall,0.0
informal contemporary term ,0.0
maintenance professional,0.0
formal code ,0.0
extensive systematic formal code reuse,0.0
widespread lack ,0.0
software engineering textbook,0.0
kind,0.0
mehdi jazayeri,0.0
regulatory classification edit ,0.0
controversy edit,0.0
software development effort,0.0
specialization,0.0
engineering construction ,0.0
individual commentator,0.0
illustration ,0.0
simple animation ,0.0
sheffield,0.0
maintenance professional ,0.0
ieee-c ,0.0
no engineering background,0.0
capability maturity model ,0.0
functional,0.0
sigsoft awards icse,0.0
spam e-mail,0.0
icelandic law state ,0.0
fewer organization,0.0
fundamental ,0.0
professionalization ,0.0
small portion ,0.0
inappropriate use,0.0
large field ,0.0
medical software ,0.0
pfahl ,0.0
locking control ,0.0
system life cycle ,0.0
precise citation ,0.0
process improvement ,0.0
software engineering tool,0.0
large project,0.0
system or component ,0.0
totally unacceptable,0.0
direction,0.0
organizational and financial constraint ,0.0
chartered engineer,0.0
software problems and disaster ,0.0
major design issue ,0.0
ontology engineering ,0.0
man-years t ,0.0
rochester institute,0.0
higher quality product,0.0
computer engineering degree ,0.0
software engineering terminology ,0.0
unrealistic attempt ,0.0
geographical temporal cultural and communication,0.0
so-called software crisis,0.0
bruegge ,0.0
software engineering was first ,0.0
court battle,0.0
risk mitigation,0.0
normal practice,0.0
