ruby on rail |Ruby on Rails ,186.07857656694446
ruby |RUBY |ruby |Ruby ,102.76442595726276
rail |Rails |rails |RAILS ,43.32670555492
ruby programming language |Ruby Programming Language |Ruby programming language ,34.27763252548977
yukihiro matsumoto |Yukihiro Matsumoto ,28.186918967806815
language |languages |language ,19.43030562527928
david heinemeier hansson |David Heinemeier Hansson ,16.322682154995128
ruby and rail |Ruby and rails |Ruby and Rails ,16.322682154995128
riding rail |Riding Rails ,14.985450590479573
class |classes |Class |class ,13.152510967385089
double-quoted string n |double-quoted string n ,13.058145723996104
web server |web server ,12.844671934696777
hello world |Hello World ,12.844671934696777
instance variable |instance variable |instance variables ,12.844671934696777
edit |edit ,12.396802063080079
create set and get |create set and get ,12.213743458384327
ruby official source repository |Ruby official source repository ,12.213743458384327
rubyonrails org |Rubyonrails org |RubyonRails org |rubyonrails org ,11.774282606805379
method |methods |Methods |method ,11.487794393290025
ruby-lang org |ruby-lang org |Ruby-lang org ,10.70389327891398
lucky stiff other application archives document |lucky stiff Other Application Archives Document ,10.435236970702096
open source |open source ,9.99030039365305
interactive ruby shell |Interactive Ruby Shell ,9.793609292997077
ruby-talk mailing list |Ruby-Talk mailing list |ruby-talk mailing list ,9.793609292997077
code |code |Code ,9.052315313537388
rails logo |Rails Logo |Rails logo ,8.563114623131185
attr reader |attr reader ,8.563114623131185
web application framework |web application framework ,8.161341077497564
end |end ,8.158542409162811
class and method definition |class and method definitions |Class and method definitions ,8.142495638922885
object |object |objects ,8.140208605996154
software |software ,7.772993313158092
application |application |Application |applications ,7.29532584339933
matsumoto |Matsumoto ,7.24185225082991
default javascript library |default JavaScript library ,6.529072861998052
official ruby interpreter |official Ruby interpreter ,6.529072861998052
def create set |def create set ,6.529072861998052
rails trademark status |Rails Trademark Status ,6.529072861998052
wiki engine app |Wiki Engine apps ,6.529072861998052
begin statement end |begin statement end ,6.529072861998052
restful web service |RESTful web services ,6.529072861998052
java virtual machine |Java Virtual Machine |Java virtual machine ,6.529072861998052
potentially dated statement |potentially dated statements ,6.529072861998052
number to i |number to i ,6.529072861998052
ruby language faq |Ruby Language FAQ ,6.529072861998052
google tech talk |Google Tech Talks |Google Tech Talk ,6.529072861998052
ibm i |IBM i ,6.422335967348388
pragmatic bookshelf |Pragmatic Bookshelf ,6.422335967348388
blade nagaokaut |blade nagaokaut ,6.422335967348388
default configuration |default configuration ,6.422335967348388
wet fire |wet fire ,6.422335967348388
accessor method |accessor methods ,6.422335967348388
expression statement |expression statement ,6.422335967348388
s poignant |s poignant ,6.422335967348388
ruby license |Ruby License ,6.422335967348388
decimal point |decimal point ,6.422335967348388
water wet |water wet ,6.422335967348388
acme media property contact us div class stat counter |Acme Media Property Contact Us div class stat counter ,6.3717330906226675
proc new x closure value x proc new closure |Proc new x closure value x Proc new closure ,6.3717330906226675
gratis versus libre long-term support open-source software outline spdx |Gratis versus libre Long-term support Open-source software Outline SPDX ,6.3717330906226675
restoration safety seasonal security systems vapor barriers walls window |Restoration Safety Seasonal Security Systems Vapor Barriers Walls windows ,6.3717330906226675
put |puts ,6.256410330622043
block |block |blocks |Blocks ,6.2392223901533015
garbage collection first-class continuations strict boolean coercion rule |Garbage collection First-class continuations Strict boolean coercion rules ,6.035843815994525
ext js jquery meteor prototype rico script aculo |Ext JS jQuery Meteor Prototype Rico script aculo ,6.035843815994525
code v t e ruby programming language implementation |code v t e Ruby programming language Implementations ,6.035843815994525
dmoz v t e ruby programming language implementation |DMOZ v t e Ruby programming language Implementations ,6.035843815994525
statement |statement |statements ,5.875150560224496
language c programming language family free software |language C programming language family Free software ,5.65563804923464
method missing and const missing native thread |method missing and const missing Native threads ,5.65563804923464
b c d e f http blog |b c d e f http blog ,5.65563804923464
open-source software hosting facilities formerly proprietary software |open-source software hosting facilities Formerly proprietary software ,5.65563804923464
programming |programming ,5.57514287204282
exception |Exception |exceptions |exception ,5.500140949997401
code block |code block |code blocks ,5.35194663945699
web page |web page |web pages ,5.35194663945699
web service |web services ,5.35194663945699
semantic versioning |Semantic Versioning |semantic versioning ,5.35194663945699
implementation |implementation |implementations ,5.333172385443908
example |Example |Examples |example ,5.2251339024975305
first english language book programming ruby |first English language book Programming Ruby ,5.217618485351048
b c d e f bini |b c d e f Bini ,5.217618485351048
dyi energy efficiency energy efficient faucet |DYI energy efficiency energy efficient Faucets ,5.217618485351048
regular expressions and symbols embedding code |regular expressions and symbols Embedding code ,5.217618485351048
class parseerror exception def initialize input |class ParseError Exception def initialize input ,5.217618485351048
first english language mailing list ruby-talk |first English language mailing list ruby-talk ,5.217618485351048
c and vb net property member |C and VB NET property members ,5.217618485351048
age name age end def person |age name age end def person ,5.217618485351048
javascript libraries prototype and script aculo |JavaScript libraries Prototype and Script aculo ,5.217618485351048
bytecode compiler and most core class |bytecode compiler and most core classes ,5.217618485351048
color code define method in color |color code define method in color ,5.217618485351048
faster development mode and routing engine |faster development mode and routing engine ,5.217618485351048
web services actionpack activesupport and actionmailer |web services ActionPack ActiveSupport and ActionMailer ,5.217618485351048
variable |Variables |variable |variables ,5.098207572882207
mac os x |Mac OS X ,4.896804646498539
expression |expression |expressions ,4.891196773390545
source |source |sources ,4.866096923817144
list |list |Lists |lists ,4.864187152653951
open-source software general alternative term |open-source software General Alternative terms ,4.700994494168267
neighbors painting permits planning remodel |neighbors Painting Permits Planning remodel ,4.700994494168267
cgi fastcgi or mod ruby |CGI FastCGI or mod ruby ,4.700994494168267
genuine object-oriented easy-to-use scripting language |genuine object-oriented easy-to-use scripting language ,4.700994494168267
session cookie persistence security flaw |session cookie persistence security flaw ,4.700994494168267
model view controller mvc pattern |model view controller MVC pattern ,4.700994494168267
trabb pardo-knuth algorithm implementations edit |Trabb Pardo-Knuth algorithm Implementations edit ,4.700994494168267
def remember a block block |def remember a block block ,4.700994494168267
ruby repl ruby draft specification |Ruby REPL Ruby Draft Specification ,4.700994494168267
file name or database table |file name or database table ,4.700994494168267
modern ruby versions and implementation |Modern Ruby versions and implementations ,4.700994494168267
rails based project management software |Rails based project management software ,4.700994494168267
single-quoted string collections edit constructing |single-quoted string Collections edit Constructing ,4.700994494168267
comparison operator so array sort |comparison operator so Array sort ,4.700994494168267
potentially dated statements commons category |potentially dated statements Commons category ,4.700994494168267
major platforms large standard library |major platforms Large standard library ,4.700994494168267
recent posts understanding pavement installation |Recent Posts Understanding pavement installation ,4.700994494168267
object-oriented scripting language ruby ruby |Object-oriented Scripting Language Ruby Ruby ,4.700994494168267
variable scope global class instance |variable scope global class instance ,4.700994494168267
open-source graphics device driver comparison |open-source graphics device driver Comparison ,4.700994494168267
incredibly important internal dogfooding group |incredibly important internal dogfooding group ,4.700994494168267
exception handling and garbage collection |exception handling and garbage collection ,4.700994494168267
true object-oriented language oo feature |true object-oriented language OO features ,4.700994494168267
kaspersky lab security news service |Kaspersky Lab Security News Service ,4.700994494168267
string |string |strings ,4.552894453053405
feature |features |feature |Features ,4.468864521872888
anonymous function |anonymous function |anonymous functions ,4.281557311565592
class definition |class definition |class definitions ,4.281557311565592
development process |development process ,4.281557311565592
rescue runtimeerror |rescue RuntimeError ,4.281557311565592
phusion passenger |Phusion Passenger ,4.281557311565592
mailer preview |Mailer previews ,4.281557311565592
associative array |associative array ,4.281557311565592
encyclopedia jump |encyclopedia Jump ,4.281557311565592
ruby faq |Ruby FAQ ,4.281557311565592
digital mar |Digital Mars ,4.281557311565592
single line |single line ,4.281557311565592
illegal argument |Illegal arguments ,4.281557311565592
preceding method |preceding method ,4.281557311565592
personal standard |personal standard ,4.281557311565592
use hello |use hello ,4.281557311565592
windows phone |Windows Phone ,4.281557311565592
ruby mri |Ruby MRI ,4.281557311565592
existing class |existing class ,4.281557311565592
unsourced statement |unsourced statements ,4.281557311565592
controller action |controller actions |controller action ,4.281557311565592
programming ruby |Programming Ruby ,4.281557311565592
keiju ishitsuka |Keiju Ishitsuka ,4.281557311565592
unsourced material |Unsourced material ,4.281557311565592
sum element |sum element ,4.281557311565592
beginning ruby |Beginning Ruby ,4.281557311565592
command line |command line ,4.281557311565592
chris lattner |Chris Lattner ,4.281557311565592
joomla stat |joomla stats ,4.281557311565592
reliable source |reliable sources ,4.281557311565592
active resource |Active Resource ,4.281557311565592
open class |Open classes ,4.281557311565592
rails ruby |Rails Ruby ,4.281557311565592
following assignment |following assignments ,4.281557311565592
additional reference |additional references ,4.281557311565592
manning publication |Manning Publications ,4.281557311565592
ruby implementation |Ruby implementations ,4.281557311565592
e handling |e handling ,4.281557311565592
ruby matsumoto |Ruby Matsumoto ,4.281557311565592
session cookie |session cookie ,4.281557311565592
wiki |wiki |Wikis ,4.24031136753178
python |Python ,4.207607826748012
perl |Perl ,4.090729831560567
line line position po |line line position pos ,4.071247819461442
file open file txt |File open file txt ,4.071247819461442
blade nagaokaut ac jp |Blade nagaokaut ac jp ,4.071247819461442
languages ruby forum gateway |Languages Ruby Forum gateway ,4.071247819461442
powerruby brings enterprise ruby |PowerRuby Brings Enterprise Ruby ,4.071247819461442
popular third party gem |popular third party gems ,4.071247819461442
code demonstrating ruby syntax |code demonstrating Ruby syntax ,4.071247819461442
ruby http blade nagaokaut |Ruby http blade nagaokaut ,4.071247819461442
newsgroup comp lang ruby |newsgroup comp lang ruby ,4.071247819461442
blocks and iterators edit |Blocks and iterators edit ,4.071247819461442
further reading edit metz |Further reading edit Metz ,4.071247819461442
cultural works free license |Cultural Works Free license ,4.071247819461442
view paths and model |view paths and models ,4.071247819461442
good user interface design |good user interface design ,4.071247819461442
closure dojo toolkit ember |Closure Dojo Toolkit Ember ,4.071247819461442
operator overloading built-in support |Operator overloading Built-in support ,4.071247819461442
action web service package |Action Web Service package ,4.071247819461442
rails core team profile |Rails core team profiles ,4.071247819461442
publicly exposed instance variable |publicly exposed instance variable ,4.071247819461442
accessor methods attr writer |accessor methods attr writer ,4.071247819461442
custom gems and configuration |custom gems and configurations ,4.071247819461442
rack web server interface |Rack web server interface ,4.071247819461442
high-profile consumer web firm |high-profile consumer web firms ,4.071247819461442
version control repository hosting |version control repository hosting ,4.071247819461442
object or functional programming |object or functional programming ,4.071247819461442
lisp perl and python |Lisp Perl and Python ,4.071247819461442
japanese industrial standards committee |Japanese Industrial Standards Committee ,4.071247819461442
ruby game scripting system |Ruby Game Scripting System ,4.071247819461442
native package management system |native package management system ,4.071247819461442
philosophy edit yukihiro matsumoto |Philosophy edit Yukihiro Matsumoto ,4.071247819461442
classic hello world example |Classic Hello world example ,4.071247819461442
repl centralized package management |REPL Centralized package management ,4.071247819461442
ruby s design force |Ruby s design forces ,4.071247819461442
reception edit scalability edit |Reception edit Scalability edit ,4.071247819461442
simple ruby web server |simple Ruby web server ,4.071247819461442
intercepting and modifying method |intercepting and modifying method ,4.071247819461442
python and ruby perl |Python and Ruby Perl ,4.071247819461442
class and module name |Class and module names ,4.071247819461442
japanese-language ruby-list mailing list |Japanese-language ruby-list mailing list ,4.071247819461442
english-language ruby-talk mailing list |English-language ruby-talk mailing list ,4.071247819461442
open standards promotion center |Open Standards Promotion Center ,4.071247819461442
arithmetic custom dispatch behavior |arithmetic Custom dispatch behavior ,4.071247819461442
fff class string color |fff class String COLORS ,4.071247819461442
game design and modification |game design and modification ,4.071247819461442
raise parseerror new foo |raise ParseError new Foo ,4.071247819461442
double-quoted string block string |double-quoted string BLOCK Strings ,4.071247819461442
agile scalable web application |agile scalable web applications ,4.071247819461442
programmer productivity and fun |programmer productivity and fun ,4.071247819461442
philosophy and design edit |Philosophy and design edit ,4.071247819461442
e end metaprogramming edit |e end Metaprogramming edit ,4.071247819461442
c interactive ruby shell |C Interactive Ruby Shell ,4.071247819461442
c bytecode virtual machine |C bytecode virtual machine ,4.071247819461442
specific external web-browser request |specific external web-browser request ,4.071247819461442
introspection reflection and metaprogramming |introspection reflection and metaprogramming ,4.071247819461442
ruby author yukihiro matsumoto |Ruby author Yukihiro Matsumoto ,4.071247819461442
group person new bob |group Person new Bob ,4.071247819461442
valid floating point literal |valid floating point literals ,4.071247819461442
de facto reference interpreter |de facto reference interpreter ,4.071247819461442
step-by-step process lifestyle question |step-by-step process Lifestyle Questions ,4.071247819461442
rails logo trademark status |Rails Logo Trademark Status ,4.071247819461442
ruby on rails guide |Ruby on Rails Guides ,4.071247819461442
block local variables variable |block local variables variables ,4.071247819461442
swapping-in alternative templating language |swapping-in alternative templating languages ,4.071247819461442
ruby subversion source repository |Ruby Subversion source repository ,4.071247819461442
use |use ,3.8500986649981805
isbn |ISBN ,3.5750916174983107
closure |closures |closure |Closures ,3.506339855623343
support |support ,3.4788391508733563
framework |frameworks |framework ,3.422309924442827
yukihiro |Yukihiro ,3.3275852747484276
file |files |file ,3.3000845699984405
version |versions |Versions |version ,3.2725838652484533
method keyword argument |method keyword arguments ,3.264536430999026
rails official website |Rails official website ,3.264536430999026
japanese domestic newsgroup |Japanese domestic newsgroups ,3.264536430999026
braces i e |braces i e ,3.264536430999026
false and nil |false and nil ,3.264536430999026
ruby programming wikiversity |Ruby Programming Wikiversity ,3.264536430999026
example ruby code |example Ruby code ,3.264536430999026
passenger web server |Passenger web server ,3.264536430999026
functional programming language |functional programming languages ,3.264536430999026
scriptaculous javascript control |Scriptaculous JavaScript controls ,3.264536430999026
net framework ruby |NET Framework Ruby ,3.264536430999026
logical code block |logical code blocks ,3.264536430999026
open-source android application |open-source Android applications ,3.264536430999026
bibliography edit ruby |Bibliography edit Ruby ,3.264536430999026
major alternate implementation |major alternate implementations ,3.264536430999026
defunct ruby implementation |defunct Ruby implementations ,3.264536430999026
asynchronous processing type |asynchronous processing type ,3.264536430999026
platform support edit |Platform support edit ,3.264536430999026
routes configuration file |routes configuration file ,3.264536430999026
authoritative community member |authoritative community members ,3.264536430999026
entire session hash |entire session hash ,3.264536430999026
built-in string class |built-in String class ,3.264536430999026
- a b |- a b ,3.264536430999026
method in black |method in black ,3.264536430999026
method and method |method and methods ,3.264536430999026
rpg maker series |RPG Maker series ,3.264536430999026
rails rails framework |Rails Rails framework ,3.264536430999026
rails-related trademark application |Rails-related trademark applications ,3.264536430999026
standard library documentation |Standard Library Documentation ,3.264536430999026
content management system |Content management system |content management system ,3.264536430999026
additional references article |additional references Articles ,3.264536430999026
reverse age order |reverse age order ,3.264536430999026
prototype javascript framework |Prototype JavaScript framework ,3.264536430999026
automatic query explain |Automatic Query Explain ,3.264536430999026
b c cooper |b c Cooper ,3.264536430999026
simple rescue clause |simple rescue clause ,3.264536430999026
modern ruby version |Modern Ruby versions ,3.264536430999026
following code define |following code defines ,3.264536430999026
standard output format |standard output formats ,3.264536430999026
neon design technology |Neon Design Technology ,3.264536430999026
normal steady state |normal steady state ,3.264536430999026
ruby application archive |Ruby Application Archive ,3.264536430999026
ruby dynamic productivity |Ruby Dynamic Productivity ,3.264536430999026
following ruby code |following Ruby code ,3.264536430999026
active record observer |Active Record Observer ,3.264536430999026
per-string character encoding |per-string character encodings ,3.264536430999026
simple lisp language |simple Lisp language ,3.264536430999026
slower virtual machine |slower virtual machine ,3.264536430999026
objective-c runtime cardinal |Objective-C runtime Cardinal ,3.264536430999026
object instance variable |object instance variable ,3.264536430999026
scope resolution operator |scope resolution operators ,3.264536430999026
multi-paradigm programming language |multi-paradigm programming language ,3.264536430999026
official rails logo |official Rails logo ,3.264536430999026
model class user |model class User ,3.264536430999026
ruby initial development |Ruby initial development ,3.264536430999026
libraries edit rubygem |libraries edit RubyGems ,3.264536430999026
open-source software package |open-source software packages ,3.264536430999026
interactive command-line interpreter |interactive command-line interpreter ,3.264536430999026
irb irb main |irb irb main ,3.264536430999026
official deployment instruction |Official deployment instructions ,3.264536430999026
output number to |output number to s ,3.264536430999026
framework structure edit |Framework structure edit ,3.264536430999026
age def initialize |age def initialize ,3.264536430999026
reference implementation mri |reference implementation MRI ,3.264536430999026
open source ide |open source IDE ,3.264536430999026
open source ruby |open source Ruby ,3.264536430999026
alternate implementations edit |Alternate implementations edit ,3.264536430999026
open classes edit |Open classes edit ,3.264536430999026
similar programming language |similar programming languages ,3.264536430999026
error or warning |error or warning ,3.264536430999026
explicit return statement |explicit return statement ,3.264536430999026
rails front end |Rails front ends ,3.264536430999026
developer alex payne |Developer Alex Payne ,3.264536430999026
ruby and python |Ruby and Python ,3.264536430999026
external web request |external web requests ,3.264536430999026
ruby jis ji |Ruby JIS JIS ,3.264536430999026
functionality or logic |functionality or logic ,3.264536430999026
online chat session |online chat session ,3.264536430999026
rails usage trend |Rails Usage Trends ,3.264536430999026
top level scope |top level scope ,3.264536430999026
preceding code print |preceding code prints ,3.264536430999026
rescue runtimeerror timeout |rescue RuntimeError Timeout ,3.264536430999026
macruby and mruby |MacRuby and mruby ,3.264536430999026
slideshow rubyforge org |Slideshow rubyforge org ,3.264536430999026
compiler optimization ninja |compiler optimization ninjas ,3.264536430999026
robey pointer interview |Robey Pointer interview ,3.264536430999026
different operating system |different operating systems ,3.264536430999026
major new development |major new developments ,3.264536430999026
mover recent comment |Mover Recent Comments ,3.264536430999026
external links edit |External links edit ,3.264536430999026
references or source |references or sources ,3.264536430999026
c and c |C and C ,3.264536430999026
models and view |models and views ,3.264536430999026
two-clause bsd license |two-clause BSD license ,3.264536430999026
database column name |database column names ,3.264536430999026
previous line redundant |previous line redundant ,3.264536430999026
standard css templating |standard CSS templating ,3.264536430999026
phusion passenger module |Phusion Passenger module ,3.264536430999026
language name ruby |language name Ruby ,3.264536430999026
additional lambda syntax |additional lambda syntax ,3.264536430999026
coffeescript and sass |CoffeeScript and Sass ,3.264536430999026
basic development environment |basic development environment ,3.264536430999026
single unambiguous place |single unambiguous place ,3.264536430999026
fully backward compatible |fully backward compatible ,3.264536430999026
private instance variable |private instance variable ,3.264536430999026
native plug-in api |Native plug-in API ,3.264536430999026
information-technology promotion agency |Information-Technology Promotion Agency ,3.264536430999026
following code fragment |following code fragment ,3.264536430999026
web application company |web application company ,3.264536430999026
multiple character encoding |multiple character encodings ,3.264536430999026
agile web development |Agile Web Development ,3.264536430999026
first public release |first public release ,3.264536430999026
deployment edit ruby |Deployment edit Ruby ,3.264536430999026
rails test case |Rails test cases ,3.264536430999026
boolean non-boolean datatype |Boolean non-boolean datatypes ,3.264536430999026
object-relational mapping system |object-relational mapping system ,3.264536430999026
simple english-language homepage |simple English-language homepage ,3.264536430999026
coral and ruby |Coral and Ruby ,3.264536430999026
empty e g |empty e g ,3.264536430999026
python and perl |Python and Perl ,3.264536430999026
c and perl |C and Perl ,3.264536430999026
custom exception class |custom exception class ,3.264536430999026
ruby unicode support |Ruby Unicode support ,3.264536430999026
online ruby textbook |online ruby textbook ,3.264536430999026
reversible database migration |Reversible Database Migrations ,3.264536430999026
os x implementation |OS X implementation ,3.264536430999026
common development task |common development tasks ,3.264536430999026
default javascript language |default Javascript language ,3.264536430999026
smalltalk and java |Smalltalk and Java ,3.264536430999026
most-used web server |most-used web server ,3.264536430999026
app models directory |app models directory ,3.264536430999026
optional block argument |optional block argument ,3.264536430999026
holzner ph d |Holzner Ph D ,3.264536430999026
ruby web development |Ruby Web Development ,3.264536430999026
write mode file |write mode file ,3.264536430999026
ruby weekly news |Ruby Weekly News ,3.264536430999026
rpg maker engine |RPG Maker engine ,3.264536430999026
nested model form |nested model forms ,3.264536430999026
visual effects library |visual effects library ,3.264536430999026
class-based programming language |Class-based programming languages ,3.264536430999026
advanced rails recipe |Advanced Rails Recipes ,3.264536430999026
argument e g |argument e g ,3.264536430999026
practical object-oriented design |Practical Object-Oriented Design ,3.264536430999026
classes and instance |classes and instances ,3.264536430999026
block call jon |block call Jon ,3.264536430999026
front-end web server |front-end web server ,3.264536430999026
c or perl |C or Perl ,3.264536430999026
perl and python |Perl and Python ,3.264536430999026
no starch press |No Starch Press ,3.264536430999026
ironruby and rail |IronRuby and Rails ,3.264536430999026
group sort reverse |group sort reverse ,3.264536430999026
ironruby rails question |IronRuby Rails Question ,3.264536430999026
basic ruby code |basic Ruby code ,3.264536430999026
c or java |C or Java ,3.264536430999026
parrot virtual machine |Parrot virtual machine ,3.264536430999026
enumerations and array |enumerations and arrays ,3.264536430999026
separate hash object |separate hash object ,3.264536430999026
criticisms and comparison |criticisms and comparisons ,3.264536430999026
mysql or postgresql |MySQL or PostgreSQL ,3.264536430999026
ruby-specific virtual machine |Ruby-specific virtual machine ,3.264536430999026
flow control keyword |flow control keywords ,3.264536430999026
ruby-based queuing system |Ruby-based queuing system ,3.264536430999026
no icu support |no ICU support ,3.264536430999026
subsequent unexpected result |subsequent unexpected results ,3.264536430999026
html and xml |HTML and XML ,3.264536430999026
russian doll caching |Russian Doll Caching ,3.264536430999026
entire middleware infrastructure |entire middleware infrastructure ,3.264536430999026
japanese government agency |Japanese government agency ,3.264536430999026
variable data type |variable data type ,3.264536430999026
single-pass interpreted language |single-pass interpreted language ,3.264536430999026
file user rb |file user rb ,3.264536430999026
expressions and statement |expressions and statements ,3.264536430999026
first mailing list |first mailing list ,3.264536430999026
biggest rails site |biggest Rails site ,3.264536430999026
inject method iterate |inject method iterates ,3.264536430999026
sample ruby code |sample Ruby code ,3.264536430999026
attr accessor define |attr accessor defines ,3.264536430999026
haml and mustache |HAML and Mustache ,3.264536430999026
server using mechanism |server using mechanisms ,3.264536430999026
c and java |C and Java ,3.264536430999026
primary design goal |primary design goal ,3.264536430999026
initially two name |Initially two names ,3.264536430999026
user interface aspect |user interface aspects ,3.264536430999026
git repository |Git repository ,3.211167983674194
configuration coc |Configuration CoC |configuration CoC ,3.211167983674194
trademark status |Trademark Status ,3.211167983674194
early release |Early releases ,3.211167983674194
speedy renaming |speedy renaming ,3.211167983674194
model |models |model ,3.1453931057797635
number |numbers |number ,3.084007604105685
syntax |syntax |Syntax |syntaxes ,3.0525782272485573
article |articles |article |Articles ,3.02507752249857
hash |Hash |hash ,3.02507752249857
rails based project management software rails project management |Rails based project management software rails project management ,3.0179219079972626
wiki features text formatting anti spam measures diagram |Wiki Features Text Formatting Anti Spam Measures Diagrams ,3.0179219079972626
hd video conferencing and video collaboration tool postbox |HD Video conferencing and video Collaboration tool Postbox ,3.0179219079972626
en wikipedia org w index php title category |en wikipedia org w index php title Category ,3.0179219079972626
java |Java ,2.9875765614758607
machine |machine |machines ,2.9792430145819258
source enterprise wiki and content-oriented application platformradrail |Source Enterprise Wiki and Content-Oriented Application PlatformRadRails ,2.82781902461732
www ruby-toolbox com categories wiki apps thursday |Www Ruby-Toolbox Com Categories Wiki Apps Thursday ,2.82781902461732
ruby and rails applicationspbworks online collaboration workspace |Ruby and Rails applicationsPBworks Online Collaboration Workspace ,2.82781902461732
jquery plugin project mgmt tool web tool |jQuery Plugin Project Mgmt tool web tools ,2.82781902461732
ruby and rails based project management tool |Ruby and Rails based project management tool ,2.82781902461732
hierarchical wikis directory structure file upload history |hierarchical wikis directory structure File upload History ,2.82781902461732
rails rubygems rubyspec s shoes gui toolkit |Rails RubyGems RubySpec S Shoes GUI toolkit ,2.82781902461732
line |line ,2.7500704749987004
ruby-talk |ruby-talk ,2.7500704749987004
array |arrays |array ,2.65840145916541
world |World |world ,2.6125669512487653
small blog yet simple wiki engine |small blog yet simple wiki engine ,2.608809242675524
dynamic reflective object-oriented general-purpose programming language |dynamic reflective object-oriented general-purpose programming language ,2.608809242675524
edit move or delete pages page |Edit move or delete pages Page ,2.608809242675524
well-known software engineering patterns and paradigm |well-known software engineering patterns and paradigms ,2.608809242675524
regular expression search revision control export |Regular expression search Revision Control Export ,2.608809242675524
commit and diff view multilingual support |commit and diff view multilingual Support ,2.608809242675524
design |design ,2.4933972306654884
function |functions |function ,2.4750634274988306
surprise |surprise |surprises ,2.4750634274988306
return |return |returns ,2.4750634274988306
dynamic major implementations ruby mri |dynamic Major implementations Ruby MRI ,2.3504972470841334
png jpeg conversion auto-generated table |PNG JPEG conversion Auto-generated table ,2.3504972470841334
wiki or pages section editing |wiki or pages Section editing ,2.3504972470841334
recently revised pages multiple web |recently revised pages Multiple webs ,2.3504972470841334
object-oriented imperative functional reflective designed |object-oriented imperative functional reflective Designed ,2.3504972470841334
redmine refinery cms r cont |Redmine Refinery CMS R cont ,2.3504972470841334
ruby on rails original author |Ruby on Rails Original author ,2.3504972470841334
open source web application framework |open source web application framework ,2.3504972470841334
yukihiro matsumoto developer yukihiro matsumoto |Yukihiro Matsumoto Developer Yukihiro Matsumoto ,2.3504972470841334
bliki rails wiki rawiki rawiki |bliki Rails Wiki RaWiki RaWiki ,2.3504972470841334
rails core team initial release |Rails Core Team Initial release ,2.3504972470841334
j jekyll software j cont |J Jekyll software J cont ,2.3504972470841334
david |David ,2.3375599037488954
hansson |Hansson ,2.3375599037488954
server |server ,2.3070035651377987
engine |Engines |engine |engines ,2.2589864616060753
work |work ,2.245890887915605
release |releases |release ,2.2000563799989603
linux |Linux ,2.2000563799989603
principle |principle |principles ,2.2000563799989603
age |age ,2.1863060276239668
standard |standards |standard ,2.1500550986353475
page |Pages |page |pages ,2.1500550986353475
rails community |Rails community ,2.140778655782796
end def |end def ,2.140778655782796
asset pipeline |Asset Pipeline ,2.140778655782796
systems matz |systems Matz ,2.140778655782796
item map |item map ,2.140778655782796
common idiom |common idioms ,2.140778655782796
fat model |Fat models ,2.140778655782796
dmoz link |DMOZ links ,2.140778655782796
c programming |C programming ,2.140778655782796
related topic |Related topics ,2.140778655782796
gartner research |Gartner Research ,2.140778655782796
rubygems implemented |RubyGems Implemented ,2.140778655782796
unconventional aspect |unconventional aspects ,2.140778655782796
modern language |modern languages ,2.140778655782796
learning rail |Learning Rails ,2.140778655782796
variable interpolation |variable interpolation ,2.140778655782796
chaplin j |Chaplin js ,2.140778655782796
output number |output number ,2.140778655782796
ascii code |ASCII code ,2.140778655782796
inheritance model |inheritance models ,2.140778655782796
corresponding route |corresponding route ,2.140778655782796
html erb |html erb ,2.140778655782796
proc closure |proc closure ,2.140778655782796
declarations succinct |declarations Succinct ,2.140778655782796
object orientation |object orientation ,2.140778655782796
language syntax |language syntax ,2.140778655782796
additional citation |additional citations ,2.140778655782796
raise call |raise call ,2.140778655782796
corresponding table |corresponding table ,2.140778655782796
current version |current versions ,2.140778655782796
industry-wide move |industry-wide move ,2.140778655782796
traditional fashion |traditional fashion ,2.140778655782796
sample session |sample session ,2.140778655782796
international organization |International Organization ,2.140778655782796
application piece |application pieces ,2.140778655782796
ipro developer |iPro Developer ,2.140778655782796
syntactic sugar |syntactic sugar ,2.140778655782796
database server |database server ,2.140778655782796
experiences hard-won |experiences hard-won ,2.140778655782796
business insider |Business Insider ,2.140778655782796
dollars jane |dollars Jane ,2.140778655782796
high performance |high performance ,2.140778655782796
source comparison |source Comparison ,2.140778655782796
c programmer |C programmer ,2.140778655782796
view file |view file ,2.140778655782796
activerecord module |ActiveRecord module ,2.140778655782796
integer literal |integer literals ,2.140778655782796
procedural programming |procedural programming ,2.140778655782796
expression operator |expression operators ,2.140778655782796
cooperative fiber |cooperative fibers ,2.140778655782796
swift language |Swift language ,2.140778655782796
x closure |x closure ,2.140778655782796
special case |special case ,2.140778655782796
s method |s method ,2.140778655782796
complex number |complex numbers ,2.140778655782796
normal rule |normal rules ,2.140778655782796
bringing ruby |Bringing Ruby ,2.140778655782796
ruby method |Ruby methods ,2.140778655782796
code internal |code internal ,2.140778655782796
experienced user |experienced users ,2.140778655782796
comparison operator |comparison operator ,2.140778655782796
syntax edit |Syntax edit ,2.140778655782796
examples edit |examples edit ,2.140778655782796
rescue clause |rescue clause ,2.140778655782796
queueing system |queueing system ,2.140778655782796
database access |database access ,2.140778655782796
raw string |raw strings ,2.140778655782796
application programming |application programming ,2.140778655782796
lazy evaluation |lazy evaluation ,2.140778655782796
rigid language |rigid languages ,2.140778655782796
raise method |raise method ,2.140778655782796
journey engine |Journey engine ,2.140778655782796
primary purpose |primary purpose ,2.140778655782796
extensive use |extensive use ,2.140778655782796
nec up-ux |NEC UP-UX ,2.140778655782796
kernel put |Kernel puts ,2.140778655782796
green thread |Green threads ,2.140778655782796
hal fulton |Hal Fulton ,2.140778655782796
handling exception |handling exceptions ,2.140778655782796
ruby cookbook |Ruby Cookbook ,2.140778655782796
symbian os |Symbian OS ,2.140778655782796
ruby compared |Ruby compared ,2.140778655782796
wikidata article |Wikidata Articles ,2.140778655782796
unobtrusive javascript |Unobtrusive JavaScript ,2.140778655782796
class object |Class object ,2.140778655782796
systems design |systems design ,2.140778655782796
vendor plugin |vendor plugins ,2.140778655782796
four level |Four levels ,2.140778655782796
growing interest |growing interest ,2.140778655782796
ahead-of-time compilation |ahead-of-time compilation ,2.140778655782796
usual operator |usual operators ,2.140778655782796
language specification |language specifications ,2.140778655782796
final variable |final variables ,2.140778655782796
hiroshi sugihara |Hiroshi Sugihara ,2.140778655782796
older version |older version ,2.140778655782796
design philosophy |design philosophy ,2.140778655782796
huge difference |huge difference ,2.140778655782796
first article |first article ,2.140778655782796
end setter |end setter ,2.140778655782796
heavy lifting |heavy lifting ,2.140778655782796
empty list |empty list ,2.140778655782796
practical purpose |practical purposes ,2.140778655782796
world span |World span ,2.140778655782796
pure ruby |pure Ruby ,2.140778655782796
non-false value |non-false values ,2.140778655782796
statement end |statement end ,2.140778655782796
uniq sort |uniq sort ,2.140778655782796
lesser extent |lesser extent ,2.140778655782796
security edit |Security edit ,2.140778655782796
line end |line end ,2.140778655782796
rational number |rational numbers ,2.140778655782796
first character |first character ,2.140778655782796
pair water |pair water ,2.140778655782796
different aspect |different aspects ,2.140778655782796
oo fan |OO fan ,2.140778655782796
standard package |standard packages ,2.140778655782796
built-in class |built-in classes ,2.140778655782796
table user |table users ,2.140778655782796
machine code |machine code ,2.140778655782796
dynamic dispatch |dynamic dispatch ,2.140778655782796
language maniac |language maniac ,2.140778655782796
allan hardy |Allan Hardy ,2.140778655782796
international standard |international standard ,2.140778655782796
japanese-language ruby-list |Japanese-language ruby-list ,2.140778655782796
built-in method |built-in methods ,2.140778655782796
evaluated statement |evaluated statement ,2.140778655782796
following article |following articles ,2.140778655782796
alex payne |Alex Payne ,2.140778655782796
production environment |production environment ,2.140778655782796
application logic |application logic ,2.140778655782796
design choice |design choice ,2.140778655782796
const pointer |const pointer ,2.140778655782796
single-quoted string |single-quoted string ,2.140778655782796
ruby-specific feature |Ruby-specific features ,2.140778655782796
notation statement |notation statement ,2.140778655782796
ioke org |Ioke org ,2.140778655782796
ruby feature |Ruby features ,2.140778655782796
local link |local link ,2.140778655782796
jilts ruby |jilts Ruby ,2.140778655782796
object class |Object class ,2.140778655782796
examples section |Examples section ,2.140778655782796
boolean context |boolean contexts ,2.140778655782796
alternative implementation |alternative implementations ,2.140778655782796
ann ruby |ANN ruby ,2.140778655782796
slicing string |slicing strings ,2.140778655782796
embedded system |embedded system ,2.140778655782796
non-const object |non-const object ,2.140778655782796
novice user |novice users ,2.140778655782796
simple example |simple example ,2.140778655782796
first book |first book ,2.140778655782796
html tag |HTML tag ,2.140778655782796
polite protest |polite protest ,2.140778655782796
authenticated session |authenticated session ,2.140778655782796
methods wrap |methods wrap ,2.140778655782796
ruby file |Ruby file ,2.140778655782796
basic website |basic website ,2.140778655782796
beginning rail |Beginning Rails ,2.140778655782796
usual constructor |usual constructor ,2.140778655782796
global procedure |global procedures ,2.140778655782796
simon st |Simon St ,2.140778655782796
recent exception |recent exception ,2.140778655782796
statement modifier |statement modifiers ,2.140778655782796
html view |HTML views ,2.140778655782796
ruby martinfowler |Ruby martinfowler ,2.140778655782796
point literal |point literals ,2.140778655782796
item print |item prints ,2.140778655782796
individual background |individual background ,2.140778655782796
re-open ruby |re-open Ruby ,2.140778655782796
rest admiration |REST admiration ,2.140778655782796
pragmatic programmer |Pragmatic Programmers ,2.140778655782796
file txt |file txt ,2.140778655782796
minimize confusion |minimize confusion ,2.140778655782796
plugins rail |plugins Rails ,2.140778655782796
programming nu |Programming Nu ,2.140778655782796
ruby-doc org |Ruby-Doc org ,2.140778655782796
object-oriented language |object-oriented language ,2.140778655782796
rubygems org |RubyGems org ,2.140778655782796
tagged logging |Tagged Logging ,2.140778655782796
first pass |first pass ,2.140778655782796
gemtalk system |GemTalk Systems ,2.140778655782796
no exception |no exception ,2.140778655782796
custom gem |custom gems ,2.140778655782796
build system |build system ,2.140778655782796
documentation guru |documentation gurus ,2.140778655782796
practice first |Practice First ,2.140778655782796
existing content |existing contents ,2.140778655782796
view path |view paths ,2.140778655782796
appeal diy |appeal diy ,2.140778655782796
christmas day |Christmas Day ,2.140778655782796
returns wet |returns wet ,2.140778655782796
standard library |standard library ,2.140778655782796
ryan king |ryan king ,2.140778655782796
uncle sam |Uncle Sam ,2.140778655782796
ruby filename |ruby filename ,2.140778655782796
following year |following years ,2.140778655782796
foldl function |foldl function ,2.140778655782796
largest site |largest sites ,2.140778655782796
higher-order function |higher-order functions ,2.140778655782796
similar functionality |similar functionality ,2.140778655782796
common mistake |common mistake ,2.140778655782796
singleton method |singleton methods ,2.140778655782796
special behavior |special behavior ,2.140778655782796
respective color |respective color ,2.140778655782796
property descriptor |property descriptor ,2.140778655782796
rails support |Rails Support ,2.140778655782796
maya stodte |Maya Stodte ,2.140778655782796
line break |Line breaks ,2.140778655782796
growing site |growing site ,2.140778655782796
steve jenson |Steve Jenson ,2.140778655782796
table product |table products ,2.140778655782796
live streaming |Live Streaming ,2.140778655782796
restful route |RESTful routes ,2.140778655782796
trademarks edit |Trademarks edit ,2.140778655782796
values differ |values differs ,2.140778655782796
single character |single characters ,2.140778655782796
templating system |templating systems ,2.140778655782796
handler clause |handler clause ,2.140778655782796
smalltalk implementation |Smalltalk implementation ,2.140778655782796
code scalability |code scalability ,2.140778655782796
unix-like system |Unix-like systems ,2.140778655782796
target user |target user ,2.140778655782796
previous release |previous releases ,2.140778655782796
external request |external requests ,2.140778655782796
skinny controller |skinny controllers ,2.140778655782796
program control |program control ,2.140778655782796
so-called gotcha |so-called gotchas ,2.140778655782796
private variable |private variable ,2.140778655782796
software comparison |software Comparison ,2.140778655782796
sal caruso |Sal Caruso ,2.140778655782796
features edit |Features edit ,2.140778655782796
common practice |common practice ,2.140778655782796
professional first |Professional First ,2.140778655782796
windows ce |Windows CE ,2.140778655782796
rubinius blog |Rubinius blog ,2.140778655782796
crash behavior |crash behavior ,2.140778655782796
stat counter |stat counter ,2.140778655782796
julia readthedoc |julia readthedocs ,2.140778655782796
programmer work |programmer work ,2.140778655782796
exception object |exception object ,2.140778655782796
similar list |similar list ,2.140778655782796
search form |search form ,2.140778655782796
full function |full function ,2.140778655782796
wikimedia common |Wikimedia Commons ,2.140778655782796
single instance |single instance ,2.140778655782796
scaling issue |scaling issues ,2.140778655782796
duck typing |duck typing ,2.140778655782796
return number |return numbers ,2.140778655782796
requests route |requests routes ,2.140778655782796
optional message |optional message ,2.140778655782796
index u |index u ,2.140778655782796
commit right |commit rights ,2.140778655782796
skeleton application |skeleton application ,2.140778655782796
method invocation |method invocation ,2.140778655782796
ruby package |Ruby package ,2.140778655782796
runtime block |runtime Blocks ,2.140778655782796
mod ruby |mod ruby ,2.140778655782796
b forde |b Forde ,2.140778655782796
conditional expression |conditional expressions ,2.140778655782796
class person |class Person ,2.140778655782796
packaged gem |packaged gems ,2.140778655782796
class method |class methods ,2.140778655782796
carneiro jr |Carneiro Jr ,2.140778655782796
downcase split |downcase split ,2.140778655782796
significant change |significant changes ,2.140778655782796
full-time developer |full-time developer ,2.140778655782796
evaluating surprise |evaluating surprise ,2.140778655782796
english-speaking world |English-speaking world ,2.140778655782796
import security |import security ,2.140778655782796
capitalized variable |capitalized variables ,2.140778655782796
erb file |erb file ,2.140778655782796
metasploit project |Metasploit Project ,2.140778655782796
security issue |Security Issue ,2.140778655782796
ios counterpart |iOS counterpart ,2.140778655782796
getter method |getter methods ,2.140778655782796
no distinction |no distinction ,2.140778655782796
programmer productivity |programmer productivity ,2.140778655782796
languages edit |languages edit ,2.140778655782796
early idea |early ideas ,2.140778655782796
tireless effort |tireless effort ,2.140778655782796
language expert |language experts ,2.140778655782796
exceptions edit |Exceptions edit ,2.140778655782796
end file |end file ,2.140778655782796
merb project |Merb project ,2.140778655782796
exception instance |exception instance ,2.140778655782796
c exclusively |C exclusively ,2.140778655782796
lightweight soap |lightweight SOAP ,2.140778655782796
class sale |class Sale ,2.140778655782796
java implementation |Java implementation ,2.140778655782796
functions variable |functions variables ,2.140778655782796
concise code |concise code ,2.140778655782796
parametric polymorphism |parametric polymorphism ,2.140778655782796
thread safety |thread safety ,2.140778655782796
early day |early days ,2.140778655782796
existing package |existing packages ,2.140778655782796
public property |public property ,2.140778655782796
multiple inheritance |multiple inheritance ,2.140778655782796
bath understanding |Bath Understanding ,2.140778655782796
bigger number |bigger number ,2.140778655782796
iron ruby |Iron Ruby ,2.140778655782796
interaction edit |Interaction edit ,2.140778655782796
increasing awareness |increasing awareness ,2.140778655782796
regular-expression search |regular-expression searches ,2.140778655782796
unnecessary duplication |unnecessary duplication ,2.140778655782796
basic unit |basic unit ,2.140778655782796
ruby vm |Ruby VM ,2.140778655782796
ruby help |Ruby help ,2.140778655782796
pair fire |pair fire ,2.140778655782796
end yielding |end Yielding ,2.140778655782796
nice day |Nice Day ,2.140778655782796
module prepend |Module prepend ,2.140778655782796
well-grounded rubyist |Well-Grounded Rubyist ,2.140778655782796
rights reserved |Rights Reserved ,2.140778655782796
threat post |Threat Post ,2.140778655782796
unearthing proto-ruby |unearthing proto-Ruby ,2.140778655782796
stable version |stable versions ,2.140778655782796
builtwith trend |BuiltWith Trends ,2.140778655782796
library update |library updates ,2.140778655782796
similar language |similar languages ,2.140778655782796
computer engineer |computer engineers ,2.140778655782796
practical jruby |Practical JRuby ,2.140778655782796
assigning hash |assigning hash ,2.140778655782796
toy language |toy language ,2.140778655782796
just-in-time compilation |just-in-time compilation ,2.140778655782796
internal member |internal members ,2.140778655782796
ruby development |Ruby development ,2.140778655782796
person age |person age ,2.140778655782796
tutorial ruby |TUTORIAL ruby ,2.140778655782796
references edit |References edit ,2.140778655782796
functional programming |functional programming ,2.140778655782796
rails e-commerce |Rails E-Commerce ,2.140778655782796
industry standard |industry standards ,2.140778655782796
object system |object system ,2.140778655782796
earlier version |earlier versions ,2.140778655782796
bill venner |Bill Venners ,2.140778655782796
multiple assignment |multiple assignment ,2.140778655782796
evan weaver |evan weaver ,2.140778655782796
practical utility |practical utility ,2.140778655782796
learning material |learning materials ,2.140778655782796
passenger maxcer |Passenger Maxcer ,2.140778655782796
magic global |magic global ,2.140778655782796
promotional use |promotional use ,2.140778655782796
ruby metaprogramming |Ruby metaprogramming ,2.140778655782796
mysql ab |MySQL AB ,2.140778655782796
operating system |operating systems ,2.140778655782796
optimized piece |optimized pieces ,2.140778655782796
different approach |different approach ,2.140778655782796
english speaker |English speakers ,2.140778655782796
rails master |Rails master ,2.140778655782796
following example |following examples ,2.140778655782796
parameter variable |Parameter variables ,2.140778655782796
argument |argument |arguments ,2.131304618123993
hello |Hello ,2.10838736416567
view |views |view ,2.0900535609990123
def |def ,2.0854701102073476
rubiniu |Rubinius ,2.062552856249025
default |default ,2.062552856249025
well-known software engineering pattern |well-known software engineering patterns ,2.035623909730721
engine software wiki software |engine software wiki software ,2.035623909730721
david heinemeier hansson developer |David Heinemeier Hansson Developer ,2.035623909730721
functional object-oriented and imperative |functional object-oriented and imperative ,2.035623909730721
wiki system management tool |wiki system management tool ,2.035623909730721
rss feed pinterest google |RSS Feed Pinterest Google ,2.035623909730721
creole and markdown markup |Creole and Markdown markup ,2.035623909730721
development status active written |Development status Active Written ,2.035623909730721
model view controller mvc |model view controller MVC ,2.035623909730721
engine softwarerails project management |engine softwarerails project management ,2.035623909730721
catalyst mvc web framework |Catalyst MVC web framework ,2.035623909730721
irwi wiki signal-wiki signal-wiki |irwi Wiki Signal-wiki Signal-wiki ,2.035623909730721
software portal free software |software portal Free software ,2.035623909730721
different kind collaborative software |different kind collaborative software ,2.035623909730721
namespace password-protected pages author |namespace Password-protected Pages Authors ,2.035623909730721
www ruby-lang org thursday |Www Ruby-Lang Org Thursday ,2.035623909730721
usemod compatible rendering engine |UseMod compatible rendering engine ,2.035623909730721
wiki engine gollum gollum |Wiki Engine Gollum Gollum ,2.035623909730721
developer |developer |Developers |developers ,1.9938010943740578
color |COLORS |color |colors ,1.959425213436574
web |Web |web ,1.954514373302648
chri |Chris ,1.9250493324990903
gem |gems |gem ,1.9250493324990903
equivalent |equivalent ,1.9250493324990903
database |database ,1.9250493324990903
module |module |modules |Module ,1.9250493324990903
hot |Hot |hot ,1.9250493324990903
configuration |configurations |Configuration |configuration ,1.8906734515616066
controller |controller ,1.821921689686639
convention |Convention |convention ,1.7875458087491554
ironruby |IronRuby ,1.7875458087491554
change |change |changes ,1.7417113008325102
book |books |book ,1.7417113008325102
rescue |rescue ,1.7187940468741878
simple |simple ,1.7111549622214135
content |content |contents |Contents ,1.6958767929158653
merb |Merb ,1.6500422849992202
open-source |open-source ,1.6500422849992202
smalltalk |Smalltalk ,1.6500422849992202
reference |references |reference ,1.6500422849992202
japanese |Japanese ,1.6500422849992202
simple git repository |simple Git repository ,1.632268215499513
text formatting rule |Text Formatting Rules ,1.632268215499513
typing discipline duck |Typing discipline duck ,1.632268215499513
drawings scm integration |Drawings SCM integration ,1.632268215499513
rails based wiki |Rails based wiki s ,1.632268215499513
email management software |email management software ,1.632268215499513
public site wiki |public site wikis ,1.632268215499513
multiple markup language |Multiple markup languages ,1.632268215499513
olelo wiki feature |olelo Wiki Features ,1.632268215499513
java application developerssubstruct |java application developerssubstruct ,1.632268215499513
dynamic scope lexical |dynamic Scope lexical ,1.632268215499513
extensible hackable architecture |extensible hackable architecture ,1.632268215499513
source job boardxwiki |source job boardXWiki ,1.632268215499513
html or markup |HTML or markup ,1.632268215499513
active record pattern |active record pattern ,1.632268215499513
internationalization color diff |Internationalization Color diffs ,1.632268215499513
simplest wiki setup |simplest wiki setup ,1.632268215499513
design tool dev-tool |Design tool dev-tools ,1.632268215499513
basic wiki clone |basic Wiki clone ,1.632268215499513
create separate wiki |Create separate wikis ,1.632268215499513
embed dot graphic |Embed Dot Graphics ,1.632268215499513
revision control software |revision control software ,1.632268215499513
rawiki ruse ruse |RaWiki Ruse Ruse ,1.632268215499513
project management tool |project management tool ,1.632268215499513
simple wiki plugin |Simple wiki plugin ,1.632268215499513
disable wiki formatting |disable wiki formatting ,1.632268215499513
instiki wiki feature |instiki Wiki Features ,1.632268215499513
wiki git-wiki git-wiki |Wiki Git-wiki Git-wiki ,1.632268215499513
yukihiro matz matsumoto |Yukihiro Matz Matsumoto ,1.632268215499513
tech android app |Tech Android Apps ,1.632268215499513
format ruby code |format Ruby code ,1.632268215499513
portability and stability |portability and stability ,1.632268215499513
website www ruby-lang |Website www ruby-lang ,1.632268215499513
signal wiki rail |Signal Wiki rails ,1.632268215499513
dynamic type system |dynamic type system ,1.632268215499513
speedy renaming section |speedy renaming section ,1.632268215499513
multiple programming paradigm |multiple programming paradigms ,1.632268215499513
ruby syntax highlighting |Ruby Syntax Highlighting ,1.632268215499513
automatic memory management |automatic memory management ,1.632268215499513
access control list |Access control lists ,1.632268215499513
category |Category |category ,1.6042077770825751
programmer |programmer ,1.5950408754992462
table |tables |Tables |table ,1.5321821217849902
jruby |JRuby ,1.512538761249285
bsd |BSD ,1.512538761249285
plugin |Plugins |plugins |plugin ,1.4667042533326402
index |index ,1.4437869993743178
behavior |behavior |behaviors ,1.3750352374993502
metaprogramming |metaprogramming ,1.3750352374993502
scala |Scala ,1.3750352374993502
history |history |History ,1.3750352374993502
interview |interview |Interview ,1.3750352374993502
print |prints ,1.3750352374993502
constant |constant |constants ,1.3750352374993502
person |Person ,1.3750352374993502
begin |begin ,1.3750352374993502
route |routes |route ,1.3750352374993502
lisp |Lisp |LISP ,1.3750352374993502
proc |Proc |proc ,1.329200729582705
git |Git ,1.271907594686899
help |help ,1.2375317137494153
macruby |MacRuby ,1.2375317137494153
point |point ,1.2100310089994282
rack |Rack ,1.1687799518744477
clause |clause ,1.1687799518744477
mri |MRI ,1.1458626979161253
scope |scopes |scope ,1.1344040709369638
sigil |sigils |sigil ,1.1000281899994802
system |systems ,1.1000281899994802
sort |sort ,1.1000281899994802
mixin |mixins ,1.1000281899994802
irb |irb ,1.1000281899994802
professional |Professional ,1.1000281899994802
getter |getter ,1.1000281899994802
window |Windows ,1.1000281899994802
apres |Apress |APress ,1.1000281899994802
creator |Creator |creator ,1.1000281899994802
nthi |nThis ,1.1000281899994802
e-mail |E-mail |e-mail ,1.1000281899994802
template |templates |Templates ,1.1000281899994802
inheritance |inheritance ,1.1000281899994802
idea |ideas |idea ,1.1000281899994802
true |true ,1.1000281899994802
iterator |iterators ,1.1000281899994802
uspto |USPTO ,1.1000281899994802
novice |Novice ,1.1000281899994802
add entry |Add entry ,1.070389327891398
instiki instiki |Instiki Instiki ,1.070389327891398
bliki bliki |bliki bliki ,1.070389327891398
image captcha |image captchas ,1.070389327891398
internal link |Internal Links ,1.070389327891398
pixel quantserve |pixel quantserve ,1.070389327891398
pdf export |PDF export ,1.070389327891398
rails irwi |Rails IRWI ,1.070389327891398
simple rail |simple Rails ,1.070389327891398
tags editor |tags Editor ,1.070389327891398
static page |static pages ,1.070389327891398
mac os |Mac OS ,1.070389327891398
rails cm |Rails CMS ,1.070389327891398
inline documentation |inline documentation ,1.070389327891398
git hub |Git Hub ,1.070389327891398
gollum rail |Gollum Rails ,1.070389327891398
sinatra stone |Sinatra Stone ,1.070389327891398
reference tracker |Reference tracker ,1.070389327891398
reference rs |reference RSS ,1.070389327891398
text markup |Text Markup ,1.070389327891398
external link |External Links ,1.070389327891398
create set |create set ,1.070389327891398
sybase irwi |Sybase IRWI ,1.070389327891398
markup language |markup languages ,1.070389327891398
web framework |web frameworks ,1.070389327891398
view page |View pages ,1.070389327891398
en wikipedia |en wikipedia ,1.070389327891398
revisions run |revisions Runs ,1.070389327891398
ruby paradigm |Ruby Paradigm ,1.070389327891398
discussion page |discussion page ,1.070389327891398
move tab |Move tab ,1.070389327891398
git-wiki olelo |Git-wiki Olelo ,1.070389327891398
olelo wiki |Olelo Wiki ,1.070389327891398
entire wiki |entire wiki ,1.070389327891398
mruby influenced |Mruby Influenced ,1.070389327891398
full-stack framework |full-stack framework ,1.070389327891398
editor support |editor Support ,1.070389327891398
rubinius ruby |Rubinius Ruby ,1.070389327891398
wikibooks ruby |Wikibooks Ruby ,1.070389327891398
private wiki |Private wiki ,1.070389327891398
multiple user |multiple users ,1.070389327891398
track change |Track changes ,1.070389327891398
sql server |SQL Server ,1.070389327891398
revision control |Revision Control ,1.070389327891398
recent change |recent changes ,1.070389327891398
initial year |initial years ,1.070389327891398
recent post |Recent Posts ,1.070389327891398
gollum wiki |Gollum Wiki ,1.070389327891398
cms ruby |CMS Ruby ,1.070389327891398
embedded webserver |embedded webserver ,1.070389327891398
password protection |password protection ,1.070389327891398
languages tag |languages tags ,1.070389327891398
gollum page |Gollum pages ,1.070389327891398
wiki functionality |wiki functionality ,1.070389327891398
category page |category page ,1.070389327891398
github wiki |GitHub Wikis ,1.070389327891398
variety mark |variety mark ,1.070389327891398
regular expression |regular expressions ,1.070389327891398
specific format |specific format ,1.070389327891398
action |action |actions ,1.0450267804995061
year |years ,1.0312764281245126
matz |Matz ,1.0312764281245126
pass |passes |pass ,1.0175260757495193
rubyonrail |rubyonrails ,0.9625246662495451
fire |fire ,0.9625246662495451
webrick |WEBrick ,0.9625246662495451
difference |difference |Differences |differences ,0.9625246662495451
maglev |MagLev ,0.9625246662495451
japan |Japan ,0.9625246662495451
yarv |YARV ,0.9625246662495451
section |section ,0.9281487853120614
mruby |mruby ,0.8937729043745777
structure |structure ,0.8937729043745777
jquery |jQuery ,0.8937729043745777
site |site ,0.8800225519995841
user |user ,0.8402993118051584
span |span ,0.8250211424996101
water |water ,0.8250211424996101
technique |technique |techniques ,0.8250211424996101
digit |digit |digits ,0.8250211424996101
light |light |Lights ,0.8250211424996101
key |key ,0.8250211424996101
get |get ,0.8250211424996101
message |message |messages ,0.8250211424996101
mongrel |Mongrel ,0.8250211424996101
familiar |familiar ,0.8250211424996101
prototype |Prototype ,0.8250211424996101
information |information ,0.8250211424996101
member |member |members ,0.8250211424996101
inject |inject ,0.8250211424996101
gpl |GPL ,0.8250211424996101
metal |Metal ,0.8250211424996101
focus |focus ,0.8250211424996101
phrase |phrase ,0.8250211424996101
value |values ,0.8250211424996101
local |local ,0.8250211424996101
spring |Spring ,0.8250211424996101
part |part ,0.8250211424996101
pair |pair ,0.8250211424996101
development |development ,0.8125208221587069
operator |operators ,0.779186634582965
rule |rule |rules ,0.7333521266663201
html |HTML ,0.7150183234996621
discussion |discussion ,0.6875176187496751
style |style ,0.6875176187496751
runtime |runtime ,0.6875176187496751
wikibook |Wikibooks ,0.6875176187496751
hotruby |HotRuby ,0.6875176187496751
preceding |preceding ,0.6875176187496751
clu |CLU ,0.6875176187496751
rubymotion |RubyMotion ,0.6875176187496751
instiki |Instiki ,0.6875176187496751
error |errors |error |Error ,0.6875176187496751
set |set ,0.6187658568747076
wikipedia |Wikipedia ,0.6187658568747076
project |project ,0.6111267722219335
initial |initial ,0.6050155044997141
functionality |functionality ,0.5958486029163851
notation |notation ,0.5500140949997401
renovate |Renovate ,0.5500140949997401
criticism |criticisms |criticism ,0.5500140949997401
colleague |colleague |colleagues ,0.5500140949997401
element |element ,0.5500140949997401
llvm |LLVM ,0.5500140949997401
enum |Enums ,0.5500140949997401
problem |problems ,0.5500140949997401
navigation |navigation ,0.5500140949997401
astonishment |astonishment ,0.5500140949997401
issue |issues ,0.5500140949997401
wrox |Wrox ,0.5500140949997401
standarderror |StandardError ,0.5500140949997401
nil |nil ,0.5500140949997401
suno |SunOS ,0.5500140949997401
pola |POLA ,0.5500140949997401
enumeration |enumeration |enumerations ,0.5500140949997401
variant |Variants ,0.5500140949997401
scaffolding |scaffolding ,0.5500140949997401
rake |Rake ,0.5500140949997401
sum |sum ,0.5500140949997401
brace |braces ,0.5500140949997401
zlib |zlib ,0.5500140949997401
ola |Ola ,0.5500140949997401
subclass |subclass |subclasses ,0.5500140949997401
berkeley |Berkeley ,0.5500140949997401
semantics |semantics ,0.5500140949997401
meaning |meaning ,0.5500140949997401
apache |Apache ,0.5500140949997401
component |component |components ,0.5500140949997401
initialize |initialize ,0.5500140949997401
response |response ,0.5500140949997401
package |packages ,0.5500140949997401
argumenterror |ArgumentError ,0.5500140949997401
beo |BeOS ,0.5500140949997401
blade |blade ,0.5500140949997401
citation |citations ,0.5500140949997401
mapping |mappings |mapping ,0.5500140949997401
basecamp |Basecamp ,0.5500140949997401
greeting |Greeting ,0.5500140949997401
endoh |Endoh ,0.5500140949997401
keyword |keywords ,0.5500140949997401
aix |AIX ,0.5500140949997401
runtimeerror |RuntimeError ,0.5500140949997401
adoption |adoption |Adoption ,0.5500140949997401
consequence |consequence ,0.5500140949997401
remember |remember ,0.5500140949997401
eiffel |Eiffel ,0.5500140949997401
yusuke |Yusuke ,0.5500140949997401
lenz |Lenz ,0.5500140949997401
item |item ,0.5500140949997401
human |humans ,0.5500140949997401
ada |Ada ,0.5500140949997401
dave |Dave ,0.5500140949997401
addison-wesley |Addison-Wesley ,0.5500140949997401
api |API ,0.5500140949997401
news-o |NEWS-OS ,0.5500140949997401
secret |secrets ,0.5500140949997401
solaris |Solaris ,0.5500140949997401
markup |markup ,0.5270968410414175
public |public ,0.5156382140622563
text |text ,0.5156382140622563
product |product |products ,0.48126233312477257
literal |literal ,0.45834507916645006
output |output ,0.45834507916645006
app |Apps ,0.4193857474373018
fancy |Fancy ,0.41251057124980506
dylan |Dylan ,0.41251057124980506
payne |Payne ,0.41251057124980506
variety |variety ,0.41251057124980506
git-wiki |Git-wiki ,0.41251057124980506
mysql |MySQL ,0.41251057124980506
reason |reason |Reason ,0.41251057124980506
lua |Lua ,0.41251057124980506
people |people ,0.41251057124980506
ioke |Ioke ,0.41251057124980506
administrator |Administrators |administrators ,0.41251057124980506
tool |tools ,0.38500986649981805
olelo |Olelo ,0.3666760633331601
author |author |authors ,0.3666760633331601
rubygem |RubyGems ,0.34375880937483755
interest |interest ,0.34375880937483755
core |core ,0.3093829284373538
type |types ,0.2979243014581926
compatibility |compatibility ,0.27500704749987004
lovefest |lovefest ,0.27500704749987004
conversation |Conversation ,0.27500704749987004
foundation |foundation ,0.27500704749987004
radicalbehavior |radicalbehavior ,0.27500704749987004
zone |zones ,0.27500704749987004
root |root ,0.27500704749987004
ajax |Ajax ,0.27500704749987004
assaf |Assaf ,0.27500704749987004
ishitsuka |Ishitsuka ,0.27500704749987004
lang-ruby-general |lang-ruby-general ,0.27500704749987004
youtube |YouTube ,0.27500704749987004
hampton |Hampton ,0.27500704749987004
do-while |do-while ,0.27500704749987004
verification |verification ,0.27500704749987004
yammer |Yammer ,0.27500704749987004
maturity |maturity ,0.27500704749987004
deviate |deviates ,0.27500704749987004
jon |Jon ,0.27500704749987004
haskell |Haskell ,0.27500704749987004
warning |warning ,0.27500704749987004
hibbs |Hibbs ,0.27500704749987004
philosophy |Philosophy ,0.27500704749987004
apple |Apple ,0.27500704749987004
brook |Brook ,0.27500704749987004
sitepoint |SitePoint ,0.27500704749987004
feedback |feedback ,0.27500704749987004
substring |substring ,0.27500704749987004
dumbill |Dumbill ,0.27500704749987004
homeimprovement |HomeImprovement ,0.27500704749987004
favor |favor ,0.27500704749987004
bsdl |BSDL ,0.27500704749987004
topaz |Topaz ,0.27500704749987004
fowler |Fowler ,0.27500704749987004
progress |progress ,0.27500704749987004
weblog |weblog ,0.27500704749987004
case |cases ,0.27500704749987004
json |JSON ,0.27500704749987004
performance |performance ,0.27500704749987004
semicolon |semicolon ,0.27500704749987004
confusion |confusion ,0.27500704749987004
topic |topic ,0.27500704749987004
validator |validators ,0.27500704749987004
contrast |contrast ,0.27500704749987004
outage |outages ,0.27500704749987004
permission |permission ,0.27500704749987004
refactoring |refactoring ,0.27500704749987004
repetition |repetition ,0.27500704749987004
slave |slaves ,0.27500704749987004
nextstep |NeXTSTEP ,0.27500704749987004
nginx |nginx ,0.27500704749987004
addition |addition ,0.27500704749987004
collision |collisions ,0.27500704749987004
further |further ,0.27500704749987004
computer |computer ,0.27500704749987004
execution |execution ,0.27500704749987004
openssl |OpenSSL ,0.27500704749987004
parameter-passing |Parameter-passing ,0.27500704749987004
streaming |Streaming ,0.27500704749987004
deprecated |deprecated ,0.27500704749987004
integer |integers ,0.27500704749987004
devarticle |Devarticles ,0.27500704749987004
fragment |fragment ,0.27500704749987004
andy |Andy ,0.27500704749987004
britt |Britt ,0.27500704749987004
objective-c |Objective-C ,0.27500704749987004
lucas |Lucas ,0.27500704749987004
concern |concerns ,0.27500704749987004
standardized |standardized ,0.27500704749987004
curt |Curt ,0.27500704749987004
subject |subject ,0.27500704749987004
middleware |middleware ,0.27500704749987004
replacement |replacement ,0.27500704749987004
chad |Chad ,0.27500704749987004
stuff |stuff ,0.27500704749987004
stack |stack ,0.27500704749987004
concept |Concepts ,0.27500704749987004
stage |stage ,0.27500704749987004
steve |Steve ,0.27500704749987004
sass |Sass ,0.27500704749987004
generator |generators ,0.27500704749987004
constructor |constructor ,0.27500704749987004
bruce |Bruce ,0.27500704749987004
artima |artima ,0.27500704749987004
forward |Forward ,0.27500704749987004
fyi |FYI ,0.27500704749987004
archeolinguistic |archeolinguistics ,0.27500704749987004
factor |factor ,0.27500704749987004
fact |fact ,0.27500704749987004
catlin |Catlin ,0.27500704749987004
conference |conferences ,0.27500704749987004
jeffrey |Jeffrey ,0.27500704749987004
ftp |FTP ,0.27500704749987004
lattner |Lattner ,0.27500704749987004
facility |facility ,0.27500704749987004
sikachu |sikachu ,0.27500704749987004
rust |Rust ,0.27500704749987004
ancestor |ancestor ,0.27500704749987004
unicode |Unicode ,0.27500704749987004
cover |cover ,0.27500704749987004
false |false ,0.27500704749987004
clove |Cloves ,0.27500704749987004
indentation |indentation ,0.27500704749987004
episode |episode ,0.27500704749987004
lighttpd |Lighttpd ,0.27500704749987004
effective |Effective ,0.27500704749987004
richardson |Richardson ,0.27500704749987004
coffeescript |CoffeeScript ,0.27500704749987004
clark |Clark ,0.27500704749987004
activerecordstore |ActiveRecordStore ,0.27500704749987004
jeremy |Jeremy ,0.27500704749987004
precedence |precedence ,0.27500704749987004
desire |desire ,0.27500704749987004
sdtime |sdtimes ,0.27500704749987004
aspect |aspects ,0.27500704749987004
side |sides ,0.27500704749987004
enumerable |Enumerables ,0.27500704749987004
arkin |Arkin ,0.27500704749987004
workaround |workaround ,0.27500704749987004
bob |Bob ,0.27500704749987004
bini |Bini ,0.27500704749987004
hal |Hal ,0.27500704749987004
railscast |Railscasts ,0.27500704749987004
released |Released ,0.27500704749987004
name |names ,0.27500704749987004
historic |historic ,0.27500704749987004
respond |responds ,0.27500704749987004
startup |startup ,0.27500704749987004
home |home ,0.27500704749987004
fiber |fibers ,0.27500704749987004
primitive |primitives ,0.27500704749987004
green |green ,0.27500704749987004
omission |omission ,0.27500704749987004
related |related ,0.27500704749987004
copying |COPYING ,0.27500704749987004
tradeoff |tradeoff ,0.27500704749987004
tate |Tate ,0.27500704749987004
yellow |yellow ,0.27500704749987004
hunt |Hunt ,0.27500704749987004
bertel |Bertels ,0.27500704749987004
critic |critics ,0.27500704749987004
synonym |synonym ,0.27500704749987004
download |Download ,0.27500704749987004
meantime |meantime ,0.27500704749987004
exponential-format |exponential-format ,0.27500704749987004
possibility |possibility ,0.27500704749987004
scribd |Scribd ,0.27500704749987004
failure |failure ,0.27500704749987004
identifier |identifiers ,0.27500704749987004
burk |Burks ,0.27500704749987004
speed-up |speed-ups ,0.27500704749987004
hulu |Hulu ,0.27500704749987004
monkey-patching |monkey-patching ,0.27500704749987004
birthstone |birthstone ,0.27500704749987004
activeresource |ActiveResource ,0.27500704749987004
goal |goal ,0.27500704749987004
leonard |Leonard ,0.27500704749987004
curse |curses ,0.27500704749987004
submission |submission ,0.27500704749987004
majority |majority ,0.27500704749987004
patrick |Patrick ,0.27500704749987004
evaluation |evaluation ,0.27500704749987004
semenatic |semenatics ,0.27500704749987004
ibm |IBM ,0.27500704749987004
binding |binding ,0.27500704749987004
introduction |Introduction ,0.27500704749987004
caching |caching ,0.27500704749987004
readline |readlines ,0.27500704749987004
apis |APIs ,0.27500704749987004
chomp |chomp ,0.27500704749987004
standardization |Standardization ,0.27500704749987004
nagachika |nagachika ,0.27500704749987004
intro |Intro ,0.27500704749987004
grimmer |Grimmer ,0.27500704749987004
invocation |invocation ,0.27500704749987004
screencast |screencasts ,0.27500704749987004
run-time |run-time ,0.27500704749987004
future |future ,0.27500704749987004
opal |Opal ,0.27500704749987004
internet |Internet ,0.27500704749987004
collect |collect ,0.27500704749987004
edd |Edd ,0.27500704749987004
milestone |milestone ,0.27500704749987004
michael |Michael ,0.27500704749987004
tandem |tandem ,0.27500704749987004
cherokee |Cherokee ,0.27500704749987004
minimiz |minimizes ,0.27500704749987004
series |series ,0.27500704749987004
laurent |Laurent ,0.27500704749987004
null |null ,0.27500704749987004
extension |extension ,0.27500704749987004
retry |retry ,0.27500704749987004
alteration |alteration ,0.27500704749987004
actioncontroller |ActionController ,0.27500704749987004
cookiestore |CookieStore ,0.27500704749987004
tighter |tighter ,0.27500704749987004
-block |-BLOCK ,0.27500704749987004
activerecord |ActiveRecord ,0.27500704749987004
yaml |YAML ,0.27500704749987004
continuation |continuations ,0.27500704749987004
bugfix |bugfixes ,0.27500704749987004
hiawatha |Hiawatha ,0.27500704749987004
field |field ,0.27500704749987004
turbolink |Turbolinks ,0.27500704749987004
capitalization |capitalization ,0.27500704749987004
xml |XML ,0.27500704749987004
logic |logic ,0.27500704749987004
james |James ,0.27500704749987004
daemon |daemons ,0.27500704749987004
success |success ,0.27500704749987004
aggregate |aggregate ,0.27500704749987004
course |course ,0.27500704749987004
shopify |Shopify ,0.27500704749987004
smell |smell ,0.27500704749987004
launch |launch ,0.27500704749987004
thomas |Thomas ,0.27500704749987004
power |power ,0.27500704749987004
symbol |symbols ,0.27500704749987004
lack |lack ,0.27500704749987004
summer |summer ,0.27500704749987004
num |num ,0.229172539583225
ability |ability ,0.20625528562490253
height |height ,0.13750352374993502
rbw |rbw ,0.13750352374993502
border |border ,0.13750352374993502
accordance |accordance ,0.13750352374993502
tomdoc |TomDoc ,0.13750352374993502
mind |Mind ,0.13750352374993502
bluecloth |BlueCloth ,0.13750352374993502
deleted |deleted ,0.13750352374993502
oracle |Oracle ,0.13750352374993502
sqlite |SQLite ,0.13750352374993502
benefit |benefits ,0.13750352374993502
adhere |adhere ,0.13750352374993502
quantcast |Quantcast ,0.13750352374993502
falcon |Falcon ,0.13750352374993502
textile |Textile ,0.13750352374993502
imperative |imperative ,0.13750352374993502
notice |notice ,0.13750352374993502
latex |LaTeX ,0.13750352374993502
svg |SVG ,0.13750352374993502
reia |Reia ,0.13750352374993502
title |title ,0.13750352374993502
visitor |visitor ,0.13750352374993502
markdown |Markdown ,0.13750352374993502
openbase |Openbase ,0.13750352374993502
bot |bot ,0.13750352374993502
box |box ,0.13750352374993502
firebird |Firebird ,0.13750352374993502
potion |potion ,0.13750352374993502
zip |zip ,0.13750352374993502
postgresql |PostgreSQL ,0.13750352374993502
rdoc |RDoc ,0.13750352374993502
rename |rename ,0.13750352374993502
totally |totally ,0.13750352374993502
demanding |demanding ,0.13750352374993502
mongel |Mongel ,0.13750352374993502
github |Github ,0.13750352374993502
multi-paradigm |multi-paradigm ,0.13750352374993502
reply |reply ,0.13750352374993502
login |login ,0.13750352374993502
width |width ,0.13750352374993502
redcloth |RedCloth ,0.13750352374993502
sinatra |Sinatra ,0.13750352374993502
var |var ,0.11000281899994799
move |Move ,0.10312764281245126
revision |revision ,0.09166901583329003
rise |rise ,0.09166901583329003
word |word ,0.06875176187496751
team |team ,0.06875176187496751
graphic |graphic ,0.06875176187496751
link |links ,0.055001409499973994
search |Search ,0.045834507916645
lisp perl |Lisp Perl ,0.0
net |net ,0.0
core class |core classes ,0.0
file upload |file uploads ,0.0
rails applicationspbworks online collaboration workspace |Rails applicationsPBworks Online Collaboration Workspace ,0.0
spam |spam ,0.0
expected |expected ,0.0
mustache |Mustache ,0.0
coral |Coral ,0.0
mailer |Mailer ,0.0
boolean |booleans ,0.0
game design |game design ,0.0
rails application |Rails application ,0.0
question |question ,0.0
pages section editing |pages Section editing ,0.0
sam |Sam ,0.0
iterators edit |iterators edit ,0.0
ruby language |Ruby language ,0.0
garbage collection |garbage collection ,0.0
instiki wiki |Instiki Wiki ,0.0
method missing |method missing ,0.0
construct |construct ,0.0
sale |sales ,0.0
thing |things ,0.0
creole |Creole ,0.0
yield |yield ,0.0
cgi fastcgi |CGI FastCGI ,0.0
algorithm |algorithms ,0.0
web services actionpack activesupport |web services ActionPack ActiveSupport ,0.0
class and module |Class and Module ,0.0
installation |installation ,0.0
fun |fun ,0.0
object-oriented design |object-oriented design ,0.0
content-oriented application platformradrail |Content-Oriented Application PlatformRadRails ,0.0
const missing native thread |const missing Native threads ,0.0
routing engine |routing engine ,0.0
script aculo |Script aculo ,0.0
day |days ,0.0
front end |front end ,0.0
intercepting |intercepting ,0.0
markdown markup |Markdown markup ,0.0
master |masters ,0.0
scalability |scalability ,0.0
diff view multilingual support |diff view multilingual Support ,0.0
source enterprise wiki |Source Enterprise Wiki ,0.0
cooper |Cooper ,0.0
hd video conferencing |HD Video conferencing ,0.0
ruby perl |Ruby Perl ,0.0
vb net property member |VB NET property members ,0.0
rails based project management tool |Rails based project management tool ,0.0
practice |practice ,0.0
faster development mode |faster development mode ,0.0
stability |stability ,0.0
video collaboration tool postbox |video Collaboration tool Postbox ,0.0
symbols embedding code |symbols Embedding code ,0.0
cgi |CGI ,0.0
functional object-oriented |functional object-oriented ,0.0
actionmailer |ActionMailer ,0.0
modification |modification ,0.0
map |maps ,0.0
modifying method |modifying method ,0.0
long |long ,0.0
edit move |Edit move ,0.0
alt |alt ,0.0
sample |samples ,0.0
delete pages page |delete pages Page ,0.0
method definition |method definitions ,0.0
javascript libraries prototype |JavaScript libraries Prototype ,0.0
introspection reflection |introspection reflection ,0.0
c programming language |C Programming languages ,0.0
metric |metrics ,0.0
database table |database table ,0.0
module name |module names ,0.0
portability |portability ,0.0
haml |HAML ,0.0
design edit |design edit ,0.0
tim |Tim ,0.0
bytecode compiler |bytecode compiler ,0.0
exception handling |exception handling ,0.0
object-oriented scripting language |object-oriented scripting language ,0.0
parameter |parameters ,0.0
format |formats ,-0.022917253958322514
paradigm |paradigms ,-0.034375880937483755
doc |docs ,-0.034375880937483755
comparison |comparisons ,-0.04583450791664503
graph |graphs ,-0.06875176187496751
tex |TeX ,-0.06875176187496751
commit |commit ,-0.09166901583329003
website |website ,-0.09166901583329003
run |runs ,-0.10312764281245126
ror |RoR ,-0.13750352374993502
step |steps ,-0.13750352374993502
top |top ,-0.13750352374993502
contact |Contact ,-0.13750352374993502
service |service ,-0.18333803166658005
instance |instances ,-0.20625528562490253
trademark |trademarks ,-0.20625528562490253
ruby programming |Ruby Programming ,-0.2675973319728495
wiki engine |Wiki engine ,-1.070389327891398
ruby shell |Ruby shell ,-3.211167983674194
