ruby on rail |Ruby on Rails ,-0.3813036001846763
yukihiro matsumoto |Yukihiro Matsumoto ,-0.5396894251603712
ruby and rail |Ruby and rails |Ruby and Rails ,-0.7474004619289462
rails ruby |Rails Ruby ,-0.7518609626813879
ruby language |Ruby language ,-0.8186369530868898
ruby programming language |Ruby Programming Language |Ruby programming language ,-0.8483543203889974
hello world |Hello World ,-0.8516150315212743
ruby method |Ruby methods ,-0.8886578591581407
ruby programming |Ruby Programming ,-0.8892572038582115
programming ruby |Programming Ruby ,-0.8916893626312041
instance variable |instance variable |instance variables ,-0.8944976494370598
ruby and python |Ruby and Python ,-0.9115848687020024
ruby matsumoto |Ruby Matsumoto ,-0.9192970275751184
blade nagaokaut |blade nagaokaut ,-0.9261680059128121
attr reader |attr reader ,-0.9302502053648374
ruby implementation |Ruby implementations ,-0.9365406832570273
david heinemeier hansson |David Heinemeier Hansson ,-0.9472241200258316
language name ruby |language name Ruby ,-0.9529880642265927
ruby on rails guide |Ruby on Rails Guides ,-0.9543297024236961
rails rails framework |Rails Rails framework ,-0.9671618921681809
ruby license |Ruby License ,-0.9672011715919979
ruby feature |Ruby features ,-0.9813341975386136
ruby perl |Ruby Perl ,-0.9813341975386136
web server |web server ,-0.9844522933083304
ruby file |Ruby file ,-0.9873916277908685
method and method |method and methods ,-0.993814909813743
ruby development |Ruby development ,-0.99722803848202
rails application |Rails application ,-1.0051717423900133
python and ruby perl |Python and Ruby Perl ,-1.0056950863581284
open source ruby |open source Ruby ,-1.0101728414346827
ironruby and rail |IronRuby and Rails ,-1.013070516591442
example ruby code |example Ruby code ,-1.0152859242778005
open source |open source ,-1.0210450908228657
languages edit |languages edit ,-1.0238108658284437
c and c |C and C ,-1.0248937585428672
rails support |Rails Support ,-1.030566219034681
pragmatic bookshelf |Pragmatic Bookshelf ,-1.0307843305950812
ruby web development |Ruby Web Development ,-1.0338782461461433
ruby package |Ruby package ,-1.0343612473348431
ruby-lang org |ruby-lang org |Ruby-lang org ,-1.0385697374692486
rubyonrails org |Rubyonrails org |RubyonRails org |rubyonrails org ,-1.0385697374692486
object-oriented scripting language ruby ruby |Object-oriented Scripting Language Ruby Ruby ,-1.0434858910283817
semantic versioning |Semantic Versioning |semantic versioning ,-1.0529916477590544
following ruby code |following Ruby code ,-1.0532591407245206
ruby help |Ruby help ,-1.056665139495964
ruby metaprogramming |Ruby metaprogramming ,-1.056665139495964
mod ruby |mod ruby ,-1.0661358743764786
ruby language faq |Ruby Language FAQ ,-1.0689137103466526
c and perl |C and Perl ,-1.0708550437529545
ruby mri |Ruby MRI ,-1.071230877074706
classes and instance |classes and instances ,-1.073009468237704
riding rail |Riding Rails ,-1.077002545509027
c programming language |C Programming languages ,-1.07759821465218
class method |class methods ,-1.081347006752719
beginning ruby |Beginning Ruby ,-1.0815354118494565
expressions and statement |expressions and statements ,-1.0821038305965285
ruby shell |Ruby shell ,-1.0854227733437145
c and java |C and Java ,-1.09128293980721
format ruby code |format Ruby code ,-1.091779426952935
class and method definition |class and method definitions |Class and method definitions ,-1.0931149374425446
code block |code block |code blocks ,-1.0932889308112608
number to i |number to i ,-1.0941598349267574
class and module |Class and Module ,-1.0941962097927953
ruby and rails based project management tool |Ruby and Rails based project management tool ,-1.0949617957566407
rails based wiki |Rails based wiki s ,-1.0953239156869308
class object |Class object ,-1.0998095972710809
object class |Object class ,-1.0998095972710809
s method |s method ,-1.102205552301591
coral and ruby |Coral and Ruby ,-1.1023462454911597
open class |Open classes ,-1.1024631807569414
perl and python |Perl and Python ,-1.1061929173480674
open classes edit |Open classes edit ,-1.106923701048712
web application framework |web application framework ,-1.1101271513694213
c programming |C programming ,-1.1102178280032546
basic ruby code |basic Ruby code ,-1.1105565580427208
python and perl |Python and Perl ,-1.114859446797031
decimal point |decimal point ,-1.1190146639769134
statement end |statement end ,-1.1191434709359644
net framework ruby |NET Framework Ruby ,-1.1192629275794803
ruby faq |Ruby FAQ ,-1.1220506144708613
class and module name |Class and module names ,-1.1234565661016638
cms ruby |CMS Ruby ,-1.1273447259227023
ruby-talk mailing list |Ruby-Talk mailing list |ruby-talk mailing list ,-1.1281020294506205
deployment edit ruby |Deployment edit Ruby ,-1.1306722249381316
water wet |water wet ,-1.1312361527471368
simple ruby web server |simple Ruby web server ,-1.1316118345122215
simple rail |simple Rails ,-1.1327815961389758
ruby application archive |Ruby Application Archive ,-1.133072032155905
phusion passenger |Phusion Passenger ,-1.135318352199162
rails logo |Rails Logo |Rails logo ,-1.1382257412116508
ruby official source repository |Ruby official source repository ,-1.1385872201263545
modern ruby versions and implementation |Modern Ruby versions and implementations ,-1.1390714416723515
exceptions edit |Exceptions edit ,-1.1402806683319693
application programming |application programming ,-1.1408686206812277
official ruby interpreter |official Ruby interpreter ,-1.1433414473783976
blocks and iterators edit |Blocks and iterators edit ,-1.1465125021732687
first english language book programming ruby |first English language book Programming Ruby ,-1.146807534836277
code v t e ruby programming language implementation |code v t e Ruby programming language Implementations ,-1.1468368644756548
object-oriented language |object-oriented language ,-1.1480334265810639
examples edit |examples edit ,-1.1483201179487694
session cookie |session cookie ,-1.1486714914616145
expression statement |expression statement ,-1.1486851228786181
sample ruby code |sample Ruby code ,-1.150948766937433
plugins rail |plugins Rails ,-1.1565447523486212
trademark status |Trademark Status ,-1.1567802895988768
language c programming language family free software |language C programming language family Free software ,-1.1571070660518563
bibliography edit ruby |Bibliography edit Ruby ,-1.157696832441487
wet fire |wet fire ,-1.1579102122838891
language syntax |language syntax ,-1.1592464286656745
web framework |web frameworks ,-1.1618167356828761
rails based project management software |Rails based project management software ,-1.1623984277420736
engine software wiki software |engine software wiki software ,-1.1628582163390393
philosophy and design edit |Philosophy and design edit ,-1.1633588793155525
double-quoted string n |double-quoted string n ,-1.1637496089767934
ruby on rails original author |Ruby on Rails Original author ,-1.1638199277549315
beginning rail |Beginning Rails ,-1.164536007686115
models and view |models and views ,-1.1649180544550524
web service |web services ,-1.1657770613719998
exception object |exception object ,-1.1673118595363974
web page |web page |web pages ,-1.168651891067402
ruby initial development |Ruby initial development ,-1.1691587327674746
c or perl |C or Perl ,-1.1718707095469658
similar programming language |similar programming languages ,-1.172601711888048
open source web application framework |open source web application framework ,-1.1733996186978284
rescue runtimeerror |rescue RuntimeError ,-1.1741579881551245
rails based project management software rails project management |Rails based project management software rails project management ,-1.177330479121721
features edit |Features edit ,-1.177540922922569
create set |create set ,-1.177846649639527
chris lattner |Chris Lattner ,-1.1791659939513377
object system |object system ,-1.1794368619341975
ruby author yukihiro matsumoto |Ruby author Yukihiro Matsumoto ,-1.1853942053022901
method in black |method in black ,-1.1867288132802878
smalltalk and java |Smalltalk and Java ,-1.1872815207310405
interactive ruby shell |Interactive Ruby Shell ,-1.191088469052345
c or java |C or Java ,-1.1917571958238788
design edit |design edit ,-1.1929701518206772
lisp perl and python |Lisp Perl and Python ,-1.1944278437392137
ruby compared |Ruby compared ,-1.1952625170669535
ruby vm |Ruby VM ,-1.1952625170669535
c interactive ruby shell |C Interactive Ruby Shell ,-1.1958551567538638
default configuration |default configuration ,-1.195886678064244
references or source |references or sources ,-1.195941004282511
ruby paradigm |Ruby Paradigm ,-1.196656037096341
use hello |use hello ,-1.1981415025226914
similar language |similar languages ,-1.1994471994368388
references edit |References edit ,-1.2035848048211413
ruby unicode support |Ruby Unicode support ,-1.2058790269381525
rails cm |Rails CMS ,-1.2081218168764383
rails front end |Rails front ends ,-1.20835909502627
software portal free software |software portal Free software ,-1.2095137516942993
syntax edit |Syntax edit ,-1.2113770069705212
ruby programming wikiversity |Ruby Programming Wikiversity ,-1.2178457055023517
dmoz v t e ruby programming language implementation |DMOZ v t e Ruby programming language Implementations ,-1.2180915777234056
end file |end file ,-1.2190342901128604
code demonstrating ruby syntax |code demonstrating Ruby syntax ,-1.2224037977882984
begin statement end |begin statement end ,-1.222884330010238
ruby filename |ruby filename ,-1.2240280063984421
encyclopedia jump |encyclopedia Jump ,-1.2281718452909172
x closure |x closure ,-1.2294214171258748
e end metaprogramming edit |e end Metaprogramming edit ,-1.2294849244562123
machine code |machine code ,-1.2308370107217164
output number to |output number to s ,-1.231740622395462
digital mar |Digital Mars ,-1.2322540447429429
japanese-language ruby-list |Japanese-language ruby-list ,-1.2322540447429429
alex payne |Alex Payne ,-1.2322540447429429
keiju ishitsuka |Keiju Ishitsuka ,-1.2322540447429429
class definition |class definition |class definitions ,-1.2324333539546422
rails community |Rails community ,-1.23377100623422
learning rail |Learning Rails ,-1.23377100623422
modern ruby version |Modern Ruby versions ,-1.2343162768887939
standard library |standard library ,-1.2347474394913556
functional programming language |functional programming languages ,-1.2376407413545023
end def |end def ,-1.2379209899912238
color code define method in color |color code define method in color ,-1.238727205831568
line end |line end ,-1.2387379571357526
rails official website |Rails official website ,-1.2391264165125087
official rails logo |official Rails logo ,-1.2391264165125087
software comparison |software Comparison ,-1.2396154290429784
ruby s design force |Ruby s design forces ,-1.2397510343572993
rails based project management tool |Rails based project management tool ,-1.240840462432024
object or functional programming |object or functional programming ,-1.2420473938747703
def remember a block block |def remember a block block ,-1.242245122266377
method definition |method definitions ,-1.2433256876884076
object instance variable |object instance variable ,-1.2440073645477165
class person |class Person ,-1.2447051955164607
security edit |Security edit ,-1.2450591711379801
philosophy edit yukihiro matsumoto |Philosophy edit Yukihiro Matsumoto ,-1.245973133796875
defunct ruby implementation |defunct Ruby implementations ,-1.2478805221293128
model class user |model class User ,-1.248786811445313
default javascript language |default Javascript language ,-1.2490793376157376
ruby dynamic productivity |Ruby Dynamic Productivity ,-1.2491466365993513
ironruby rails question |IronRuby Rails Question ,-1.2498733835553484
yukihiro matsumoto developer yukihiro matsumoto |Yukihiro Matsumoto Developer Yukihiro Matsumoto ,-1.251375683802568
category page |category page ,-1.2544622415029196
ruby http blade nagaokaut |Ruby http blade nagaokaut ,-1.254825833386946
gollum rail |Gollum Rails ,-1.2551094186601555
macruby and mruby |MacRuby and mruby ,-1.2556824742096415
mailer preview |Mailer previews ,-1.2575063224670395
manning publication |Manning Publications ,-1.2575063224670395
accessor method |accessor methods ,-1.2577134618218286
ibm i |IBM i ,-1.2601562013091523
systems design |systems design ,-1.2613367798458373
trademarks edit |Trademarks edit ,-1.2640995789348521
bringing ruby |Bringing Ruby ,-1.2645717920284198
ruby cookbook |Ruby Cookbook ,-1.2645717920284198
pure ruby |pure Ruby ,-1.2645717920284198
jilts ruby |jilts Ruby ,-1.2645717920284198
ann ruby |ANN ruby ,-1.2645717920284198
ruby martinfowler |Ruby martinfowler ,-1.2645717920284198
re-open ruby |re-open Ruby ,-1.2645717920284198
iron ruby |Iron Ruby ,-1.2645717920284198
tutorial ruby |TUTORIAL ruby ,-1.2645717920284198
existing class |existing class ,-1.2647032968200422
wiki engine |Wiki engine ,-1.2653337652695584
java implementation |Java implementation ,-1.2656983477805426
first article |first article ,-1.2660551107108562
signal wiki rail |Signal Wiki rails ,-1.2661639908742344
following example |following examples ,-1.2675210480030799
google tech talk |Google Tech Talks |Google Tech Talk ,-1.2681423928590811
platform support edit |Platform support edit ,-1.269893236785261
os x implementation |OS X implementation ,-1.2699427971799264
simple lisp language |simple Lisp language ,-1.270688553761623
raise method |raise method ,-1.2727918878148836
rails master |Rails master ,-1.274290307392643
libraries edit rubygem |libraries edit RubyGems ,-1.2746486607015417
exception instance |exception instance ,-1.2758882955754913
wiki engine app |Wiki Engine apps ,-1.2762271437311457
rails trademark status |Rails Trademark Status ,-1.277164643869008
open-source software package |open-source software packages ,-1.2771650350771389
default javascript library |default JavaScript library ,-1.277746124797401
stat counter |stat counter ,-1.278042637960273
ruby game scripting system |Ruby Game Scripting System ,-1.2780600564259568
framework structure edit |Framework structure edit ,-1.2781789508269858
ruby subversion source repository |Ruby Subversion source repository ,-1.2782519572911715
first english language mailing list ruby-talk |first English language mailing list ruby-talk ,-1.2792444701419639
c programmer |C programmer ,-1.2800145400123562
built-in string class |built-in String class ,-1.280515859797868
create set and get |create set and get ,-1.2810694700674061
double-quoted string block string |double-quoted string BLOCK Strings ,-1.2811917500591143
object-oriented scripting language |object-oriented scripting language ,-1.2818700709198099
enumerations and array |enumerations and arrays ,-1.282290908772718
multi-paradigm programming language |multi-paradigm programming language ,-1.283740179627728
dynamic major implementations ruby mri |dynamic Major implementations Ruby MRI ,-1.2843514642874505
s poignant |s poignant ,-1.2853598454474575
file name or database table |file name or database table ,-1.287433619598607
single line |single line ,-1.287821989580222
source comparison |source Comparison ,-1.2892255561309223
operating system |operating systems ,-1.2906083159723323
unsourced material |Unsourced material ,-1.2907509846226772
proc new x closure value x proc new closure |Proc new x closure value x Proc new closure ,-1.290990413626778
first book |first book ,-1.293053128953017
first mailing list |first mailing list ,-1.2930829423344459
java virtual machine |Java Virtual Machine |Java virtual machine ,-1.2934319147611695
passenger web server |Passenger web server ,-1.2935441557970349
custom exception class |custom exception class ,-1.2943217217618987
wiki system management tool |wiki system management tool ,-1.2949631135522275
preceding method |preceding method ,-1.2964318996557258
language specification |language specifications ,-1.2970532419246985
markup language |markup languages ,-1.2970532419246985
iterators edit |iterators edit ,-1.297213193854255
e handling |e handling ,-1.2973616711502423
alternate implementations edit |Alternate implementations edit ,-1.2996352398058117
sum element |sum element ,-1.3019239204824142
joomla stat |joomla stats ,-1.3019239204824142
speedy renaming |speedy renaming ,-1.3019239204824142
functions variable |functions variables ,-1.3034925908676145
block local variables variable |block local variables variables ,-1.3043690447896854
getter method |getter methods ,-1.3058029498040449
rails irwi |Rails IRWI ,-1.3061833458703689
simple example |simple example ,-1.306980026099799
comparison operator |comparison operator ,-1.3071220244422679
smalltalk implementation |Smalltalk implementation ,-1.3074702821315496
module name |module names ,-1.3074702821315496
criticisms and comparison |criticisms and comparisons ,-1.309237176416908
external links edit |External links edit ,-1.310256461757776
class-based programming language |Class-based programming languages ,-1.3107337997704447
controller action |controller actions |controller action ,-1.3107587888593553
ruby repl ruby draft specification |Ruby REPL Ruby Draft Specification ,-1.3108362630857062
point literal |point literals ,-1.3129496776989817
core class |core classes ,-1.3130789040099882
built-in class |built-in classes ,-1.3130789040099882
def create set |def create set ,-1.313861312610204
custom gems and configuration |custom gems and configurations ,-1.313863598397058
git repository |Git repository ,-1.314318078250559
rescue clause |rescue clause ,-1.3146700522433992
github wiki |GitHub Wikis ,-1.3156005281999135
open source ide |open source IDE ,-1.3158853806102786
standard package |standard packages ,-1.3169170986042384
early release |Early releases ,-1.317344844578168
edit move |Edit move ,-1.3176588529565905
object-oriented design |object-oriented design ,-1.3177599179784787
edit move or delete pages page |Edit move or delete pages Page ,-1.318566524575675
unsourced statement |unsourced statements ,-1.321126051225603
following code define |following code defines ,-1.3218496149020385
view file |view file ,-1.321892104934669
age name age end def person |age name age end def person ,-1.3225573395831711
content management system |Content management system |content management system ,-1.3225779806407911
html and xml |HTML and XML ,-1.3230472601881946
following article |following articles ,-1.323249433413788
reference implementation mri |reference implementation MRI ,-1.3237176886012312
similar list |similar list ,-1.326025411623066
first public release |first public release ,-1.3260395579156956
alternative implementation |alternative implementations ,-1.3270976518487516
built-in method |built-in methods ,-1.3277789210668707
functional programming |functional programming ,-1.3299472591825607
first pass |first pass ,-1.3314922719030975
output number |output number ,-1.3320106748752425
additional reference |additional references ,-1.332075598237054
examples section |Examples section ,-1.33216339218988
handling exception |handling exceptions ,-1.3330816518843533
exception handling |exception handling ,-1.3330816518843533
rubinius ruby |Rubinius Ruby ,-1.3352828941026107
wikibooks ruby |Wikibooks Ruby ,-1.3352828941026107
view paths and model |view paths and models ,-1.3356746927814567
ruby weekly news |Ruby Weekly News ,-1.3362026503925415
yukihiro matz matsumoto |Yukihiro Matz Matsumoto ,-1.336745539193286
lisp perl |Lisp Perl ,-1.3369695455651367
rack web server interface |Rack web server interface ,-1.3370357612533212
windows phone |Windows Phone ,-1.33710817857151
modern language |modern languages ,-1.3374977219940618
programmer productivity |programmer productivity ,-1.3376286828718909
languages ruby forum gateway |Languages Ruby Forum gateway ,-1.3378246979715573
expression operator |expression operators ,-1.3383310119386211
project management tool |project management tool ,-1.3387017472184284
instiki wiki feature |instiki Wiki Features ,-1.3390664193377246
database server |database server ,-1.3391486203793568
mac os |Mac OS ,-1.3394495210786497
intercepting and modifying method |intercepting and modifying method ,-1.3402776707303232
recent exception |recent exception ,-1.3413790910071388
development process |development process ,-1.3418182985444294
return number |return numbers ,-1.3420107981527276
restful web service |RESTful web services ,-1.342104349281125
languages tag |languages tags ,-1.3435741174710418
rails e-commerce |Rails E-Commerce ,-1.343577487969107
ruby syntax highlighting |Ruby Syntax Highlighting ,-1.3436112101637474
merb project |Merb project ,-1.3448507456048975
code scalability |code scalability ,-1.3450323468580374
active resource |Active Resource ,-1.3463423932709122
action web service package |Action Web Service package ,-1.3463855315765623
external web request |external web requests ,-1.3469592467789488
following year |following years ,-1.347853673345049
rails logo trademark status |Rails Logo Trademark Status ,-1.3479561067141848
major new development |major new developments ,-1.3481266593746992
method keyword argument |method keyword arguments ,-1.348674803723789
professional first |Professional First ,-1.3489298462579533
no exception |no exception ,-1.3504929537921881
exception handling and garbage collection |exception handling and garbage collection ,-1.3519202209079555
end setter |end setter ,-1.3523623789501866
variable scope global class instance |variable scope global class instance ,-1.3525300197886685
command line |command line ,-1.3526206289606317
following assignment |following assignments ,-1.3526206289606317
reception edit scalability edit |Reception edit Scalability edit ,-1.353609033231928
file open file txt |File open file txt ,-1.354930750583448
mac os x |Mac OS X ,-1.3551962577677
modifying method |modifying method ,-1.3561940321013406
separate hash object |separate hash object ,-1.3575737283638596
view page |View pages ,-1.3579954869573323
code internal |code internal ,-1.3581312756617645
simple wiki plugin |Simple wiki plugin ,-1.3596816901868476
model view controller mvc |model view controller MVC ,-1.360014283460558
cgi fastcgi or mod ruby |CGI FastCGI or mod ruby ,-1.3614173480612894
true object-oriented language oo feature |true object-oriented language OO features ,-1.3624417176582502
programmer work |programmer work ,-1.3641662749164434
rails test case |Rails test cases ,-1.3651963523622814
b c d e f http blog |b c d e f http blog ,-1.365203139033202
agile web development |Agile Web Development ,-1.3655322259009786
instiki wiki |Instiki Wiki ,-1.366074949171131
private wiki |Private wiki ,-1.366074949171131
web application company |web application company ,-1.3661649047724844
swift language |Swift language ,-1.3662140188620093
illegal argument |Illegal arguments ,-1.3663968901170693
private instance variable |private instance variable ,-1.3666677134061063
runtime block |runtime Blocks ,-1.3673975733065948
b c cooper |b c Cooper ,-1.3677377497581353
file user rb |file user rb ,-1.3677392288940466
design philosophy |design philosophy ,-1.3678236162102997
rails core team initial release |Rails Core Team Initial release ,-1.3682523247393927
david heinemeier hansson developer |David Heinemeier Hansson Developer ,-1.3682623321761436
first character |first character ,-1.3703957501445267
systems matz |systems Matz ,-1.3704514883876635
embedded system |embedded system ,-1.3704514883876635
single instance |single instance ,-1.370858481016587
routes configuration file |routes configuration file ,-1.3710608568002978
proc closure |proc closure ,-1.372437731810085
anonymous function |anonymous function |anonymous functions ,-1.3728055659291294
standard library documentation |Standard Library Documentation ,-1.3735796087044294
braces i e |braces i e ,-1.3738665017960627
false and nil |false and nil ,-1.3745156412470587
source enterprise wiki |Source Enterprise Wiki ,-1.3745935596185215
c and vb net property member |C and VB NET property members ,-1.3753522774255698
argument e g |argument e g ,-1.3765177504923933
biggest rails site |biggest Rails site ,-1.3774476132858562
private variable |private variable ,-1.3776308883240407
olelo wiki feature |olelo Wiki Features ,-1.377951167002202
reliable source |reliable sources ,-1.3788617460580765
multiple markup language |Multiple markup languages ,-1.3789198495734525
prototype javascript framework |Prototype JavaScript framework ,-1.38004575977025
fff class string color |fff class String COLORS ,-1.3801166074248945
front end |front end ,-1.3805247179354032
native package management system |native package management system ,-1.3810729952432728
associative array |associative array ,-1.3812008389863442
following code fragment |following code fragment ,-1.3816393342468634
class sale |class Sale ,-1.3818698525925341
bytecode compiler and most core class |bytecode compiler and most core classes ,-1.3825697332812548
programming nu |Programming Nu ,-1.3834565310861702
preceding code print |preceding code prints ,-1.384430868066594
logical code block |logical code blocks ,-1.3849498186274591
ruby and rails applicationspbworks online collaboration workspace |Ruby and Rails applicationsPBworks Online Collaboration Workspace ,-1.3850616967452856
person age |person age ,-1.3861986526832266
single-quoted string |single-quoted string ,-1.3864384942368801
delete pages page |delete pages Page ,-1.386980676546266
practical object-oriented design |Practical Object-Oriented Design ,-1.3870817576688521
online ruby textbook |online ruby textbook ,-1.3877207038654678
file txt |file txt ,-1.3879358700566462
interaction edit |Interaction edit ,-1.3879610041180903
personal standard |personal standard ,-1.3884134780910127
parameter variable |Parameter variables ,-1.3887600473254345
cultural works free license |Cultural Works Free license ,-1.3891063192381377
additional references article |additional references Articles ,-1.390208206273855
dynamic type system |dynamic type system ,-1.3902463267971004
optional block argument |optional block argument ,-1.3908293975035302
wiki functionality |wiki functionality ,-1.3909783389722035
table user |table users ,-1.391547521178325
public site wiki |public site wikis ,-1.3919257535223244
discussion page |discussion page ,-1.392163298964919
inheritance model |inheritance models ,-1.3937426382594715
initially two name |Initially two names ,-1.3944311057290821
comparison operator so array sort |comparison operator so Array sort ,-1.3950224041800028
html view |HTML views ,-1.395065763963269
open-source android application |open-source Android applications ,-1.396090589887618
method missing |method missing ,-1.396371753536528
method invocation |method invocation ,-1.396371753536528
novice user |novice users ,-1.3981910183136794
practice first |Practice First ,-1.3982559657066225
stable version |stable versions ,-1.3984096240092871
javascript libraries prototype |JavaScript libraries Prototype ,-1.3984367442561791
regular expressions and symbols embedding code |regular expressions and symbols Embedding code ,-1.3995695481694688
b c d e f bini |b c d e f Bini ,-1.3996006744540788
notation statement |notation statement ,-1.3997579113889025
coffeescript and sass |CoffeeScript and Sass ,-1.4015240292608646
- a b |- a b ,-1.4016242599443043
c bytecode virtual machine |C bytecode virtual machine ,-1.4022001857547348
database table |database table ,-1.4026168927233766
standard output format |standard output formats ,-1.4029647807498493
game design and modification |game design and modification ,-1.4030523137337148
html or markup |HTML or markup ,-1.4031158034080726
revision control software |revision control software ,-1.4065220686796196
rigid language |rigid languages ,-1.406708008585275
language maniac |language maniac ,-1.406708008585275
language expert |language experts ,-1.406708008585275
toy language |toy language ,-1.406708008585275
olelo wiki |Olelo Wiki ,-1.407525699379103
templating system |templating systems ,-1.4092695599360991
functional object-oriented and imperative |functional object-oriented and imperative ,-1.4098870621680537
most-used web server |most-used web server ,-1.4114016169761892
front-end web server |front-end web server ,-1.4114016169761892
simple rescue clause |simple rescue clause ,-1.4117708165225349
classic hello world example |Classic Hello world example ,-1.4124112211958533
english-language ruby-talk mailing list |English-language ruby-talk mailing list ,-1.413259664155393
different operating system |different operating systems ,-1.4133810394376622
javascript libraries prototype and script aculo |JavaScript libraries Prototype and Script aculo ,-1.4139087267761372
early day |early days ,-1.4150606212332046
values differ |values differs ,-1.4161452944120048
wiki or pages section editing |wiki or pages Section editing ,-1.416528708710111
returns wet |returns wet ,-1.4166755600612215
existing package |existing packages ,-1.4166755600612215
empty list |empty list ,-1.4179394964591765
rubygems implemented |RubyGems Implemented ,-1.4191561741291543
ios counterpart |iOS counterpart ,-1.4191561741291543
newsgroup comp lang ruby |newsgroup comp lang ruby ,-1.4233081691007534
programmer productivity and fun |programmer productivity and fun ,-1.423506388006572
ioke org |Ioke org ,-1.423655279756491
world span |World span ,-1.4239385678780447
application piece |application pieces ,-1.4241943616372703
application logic |application logic ,-1.4241943616372703
entire wiki |entire wiki ,-1.4243827965087892
gollum wiki |Gollum Wiki ,-1.4243827965087892
en wikipedia org w index php title category |en wikipedia org w index php title Category ,-1.4257496881297413
raise call |raise call ,-1.4262812166469663
catalyst mvc web framework |Catalyst MVC web framework ,-1.4263699572853987
create separate wiki |Create separate wikis ,-1.4264659089805147
practical jruby |Practical JRuby ,-1.426655428498248
existing content |existing contents ,-1.427272682584692
development status active written |Development status Active Written ,-1.4297563327106628
model view controller mvc pattern |model view controller MVC pattern ,-1.4308450277291327
external link |External Links ,-1.43379930618432
ruby jis ji |Ruby JIS JIS ,-1.4339264822020168
external request |external requests ,-1.4352651805390468
regular expression |regular expressions ,-1.435400547080439
library update |library updates ,-1.435693767266465
potentially dated statement |potentially dated statements ,-1.4360678617836782
age def initialize |age def initialize ,-1.4380385548215642
configuration coc |Configuration CoC |configuration CoC ,-1.4383750750887194
error or warning |error or warning ,-1.4384093298281646
source enterprise wiki and content-oriented application platformradrail |Source Enterprise Wiki and Content-Oriented Application PlatformRadRails ,-1.4389185400688935
class parseerror exception def initialize input |class ParseError Exception def initialize input ,-1.4394497554286365
early idea |early ideas ,-1.439619820995904
simple git repository |simple Git repository ,-1.440262292752155
entire session hash |entire session hash ,-1.4406823136797553
block call jon |block call Jon ,-1.4414429917822031
empty e g |empty e g ,-1.441500701866786
version control repository hosting |version control repository hosting ,-1.4415495975575123
introspection reflection and metaprogramming |introspection reflection and metaprogramming ,-1.44375127697495
phusion passenger module |Phusion Passenger module ,-1.444654935676326
security issue |Security Issue ,-1.4450632213750674
method missing and const missing native thread |method missing and const missing Native threads ,-1.4455163698340077
agile scalable web application |agile scalable web applications ,-1.4461212625020334
multiple user |multiple users ,-1.4471524454467724
write mode file |write mode file ,-1.4484893363620326
build system |build system ,-1.4485437474009966
local link |local link ,-1.4485810368648724
pragmatic programmer |Pragmatic Programmers ,-1.4485810368648724
single character |single characters ,-1.4485810368648724
requests route |requests routes ,-1.4492516010426337
faster development mode and routing engine |faster development mode and routing engine ,-1.450298454970255
app models directory |app models directory ,-1.4514040252228715
major alternate implementation |major alternate implementations ,-1.4518291497396243
initial year |initial years ,-1.4519649759984263
multiple programming paradigm |multiple programming paradigms ,-1.4539486528553849
basic website |basic website ,-1.4546480027781703
functionality or logic |functionality or logic ,-1.454686652845985
game design |game design ,-1.4548213264547636
server using mechanism |server using mechanisms ,-1.4549810981344247
blade nagaokaut ac jp |Blade nagaokaut ac jp ,-1.455062942918905
variable interpolation |variable interpolation ,-1.455183121413431
user interface aspect |user interface aspects ,-1.455276384390825
dynamic reflective object-oriented general-purpose programming language |dynamic reflective object-oriented general-purpose programming language ,-1.4567322652088235
variable data type |variable data type ,-1.4575559515448056
explicit return statement |explicit return statement ,-1.4588653162686727
similar functionality |similar functionality ,-1.4591682558101093
jquery plugin project mgmt tool web tool |jQuery Plugin Project Mgmt tool web tools ,-1.4597035618031622
common practice |common practice ,-1.4599284403090875
en wikipedia |en wikipedia ,-1.4602569494432749
pair fire |pair fire ,-1.4602569494432749
group person new bob |group Person new Bob ,-1.4604938567983932
multiple inheritance |multiple inheritance ,-1.4605438111988343
public property |public property ,-1.4615488447841845
previous release |previous releases ,-1.4622492002176164
recent change |recent changes ,-1.4625130164911084
wiki engine gollum gollum |Wiki Engine Gollum Gollum ,-1.4628894761294076
attr accessor define |attr accessor defines ,-1.4632652775001844
methods wrap |methods wrap ,-1.465300919063456
singleton method |singleton methods ,-1.465300919063456
rails usage trend |Rails Usage Trends ,-1.4653485995521984
database column name |database column names ,-1.4658532376417548
international standard |international standard ,-1.4659561100027916
ruby-specific feature |Ruby-specific features ,-1.4659561100027916
revisions run |revisions Runs ,-1.4663570334378568
design tool dev-tool |Design tool dev-tools ,-1.4671471859353022
access control list |Access control lists ,-1.467305197800883
ruby-specific virtual machine |Ruby-specific virtual machine ,-1.4675855838942984
basic development environment |basic development environment ,-1.468584941535177
bliki rails wiki rawiki rawiki |bliki Rails Wiki RaWiki RaWiki ,-1.468840291993904
erb file |erb file ,-1.469786425963524
rails core team profile |Rails core team profiles ,-1.4704028240072213
rails-related trademark application |Rails-related trademark applications ,-1.4714523819253855
custom gem |custom gems ,-1.4715659561740546
significant change |significant changes ,-1.4715659561740546
lucky stiff other application archives document |lucky stiff Other Application Archives Document ,-1.4718503534149394
swapping-in alternative templating language |swapping-in alternative templating languages ,-1.4725527442878434
email management software |email management software ,-1.4736735984982774
pair water |pair water ,-1.4743760106907944
procedural programming |procedural programming ,-1.4743785397405031
japanese-language ruby-list mailing list |Japanese-language ruby-list mailing list ,-1.4748971294512285
major platforms large standard library |major platforms Large standard library ,-1.4766446265809312
asset pipeline |Asset Pipeline ,-1.4770737906650702
gartner research |Gartner Research ,-1.4770737906650702
declarations succinct |declarations Succinct ,-1.4770737906650702
traditional fashion |traditional fashion ,-1.4770737906650702
experiences hard-won |experiences hard-won ,-1.4770737906650702
business insider |Business Insider ,-1.4770737906650702
nec up-ux |NEC UP-UX ,-1.4770737906650702
hiroshi sugihara |Hiroshi Sugihara ,-1.4770737906650702
heavy lifting |heavy lifting ,-1.4770737906650702
lesser extent |lesser extent ,-1.4770737906650702
allan hardy |Allan Hardy ,-1.4770737906650702
polite protest |polite protest ,-1.4770737906650702
simon st |Simon St ,-1.4770737906650702
individual background |individual background ,-1.4770737906650702
rest admiration |REST admiration ,-1.4770737906650702
tagged logging |Tagged Logging ,-1.4770737906650702
appeal diy |appeal diy ,-1.4770737906650702
ryan king |ryan king ,-1.4770737906650702
maya stodte |Maya Stodte ,-1.4770737906650702
so-called gotcha |so-called gotchas ,-1.4770737906650702
sal caruso |Sal Caruso ,-1.4770737906650702
carneiro jr |Carneiro Jr ,-1.4770737906650702
downcase split |downcase split ,-1.4770737906650702
tireless effort |tireless effort ,-1.4770737906650702
lightweight soap |lightweight SOAP ,-1.4770737906650702
parametric polymorphism |parametric polymorphism ,-1.4770737906650702
unnecessary duplication |unnecessary duplication ,-1.4770737906650702
subsequent unexpected result |subsequent unexpected results ,-1.4770737906650702
well-grounded rubyist |Well-Grounded Rubyist ,-1.4770737906650702
unearthing proto-ruby |unearthing proto-Ruby ,-1.4770737906650702
bill venner |Bill Venners ,-1.4770737906650702
evan weaver |evan weaver ,-1.4770737906650702
reference rs |reference RSS ,-1.4773631300446366
fat model |Fat models ,-1.4778382179513134
sample session |sample session ,-1.477979149913312
integer literal |integer literals ,-1.477979149913312
green thread |Green threads ,-1.4799225589392475
object orientation |object orientation ,-1.4809026204761846
non-const object |non-const object ,-1.4809026204761846
database access |database access ,-1.4810371759065923
web services actionpack activesupport and actionmailer |web services ActionPack ActiveSupport and ActionMailer ,-1.4810505413354664
table product |table products ,-1.4813720839310447
search form |search form ,-1.4813720839310447
ascii code |ASCII code ,-1.482030599193207
concise code |concise code ,-1.482030599193207
common development task |common development tasks ,-1.482083015090127
internal member |internal members ,-1.482739646635917
open standards promotion center |Open Standards Promotion Center ,-1.483477398586408
accessor methods attr writer |accessor methods attr writer ,-1.4835342450071893
well-known software engineering patterns and paradigm |well-known software engineering patterns and paradigms ,-1.4836495794622317
complex number |complex numbers ,-1.4842353493642242
c exclusively |C exclusively ,-1.4843234846205708
item print |item prints ,-1.484912062256577
restful route |RESTful routes ,-1.484912062256577
additional citation |additional citations ,-1.4860876712728894
open-source software hosting facilities formerly proprietary software |open-source software hosting facilities Formerly proprietary software ,-1.4870909768760574
good user interface design |good user interface design ,-1.487286947218541
functional object-oriented |functional object-oriented ,-1.4880663105521594
end yielding |end Yielding ,-1.4890640524168437
additional lambda syntax |additional lambda syntax ,-1.490864747713656
symbian os |Symbian OS ,-1.4909439331394718
inject method iterate |inject method iterates ,-1.4917484332505866
operator overloading built-in support |Operator overloading Built-in support ,-1.4917633434183564
gollum page |Gollum pages ,-1.4918212529257473
top level scope |top level scope ,-1.492332082699337
multiple assignment |multiple assignment ,-1.4925415233866466
skeleton application |skeleton application ,-1.4927633956810042
different aspect |different aspects ,-1.4930791938057466
target user |target user ,-1.493247030064341
haml and mustache |HAML and Mustache ,-1.493897804992937
extensive use |extensive use ,-1.4940254431277633
promotional use |promotional use ,-1.4940254431277633
editor support |editor Support ,-1.4948453111582447
www ruby-toolbox com categories wiki apps thursday |Www Ruby-Toolbox Com Categories Wiki Apps Thursday ,-1.4954449953698858
mysql or postgresql |MySQL or PostgreSQL ,-1.4955434255235318
full function |full function ,-1.495581399789446
wikimedia common |Wikimedia Commons ,-1.495581399789446
two-clause bsd license |two-clause BSD license ,-1.4963870022649817
revision control |Revision Control ,-1.4981547146186427
java application developerssubstruct |java application developerssubstruct ,-1.5004459755409003
genuine object-oriented easy-to-use scripting language |genuine object-oriented easy-to-use scripting language ,-1.5008473585370952
group sort reverse |group sort reverse ,-1.5008941122748527
related topic |Related topics ,-1.5012238426689344
optional message |optional message ,-1.5012238426689344
website www ruby-lang |Website www ruby-lang ,-1.5021511918262511
irb irb main |irb irb main ,-1.502545009801658
import security |import security ,-1.5027452688398015
no icu support |no ICU support ,-1.5029560889409332
design choice |design choice ,-1.5030972932153646
developer alex payne |Developer Alex Payne ,-1.5039107060395462
engine softwarerails project management |engine softwarerails project management ,-1.5042685268595837
commit and diff view multilingual support |commit and diff view multilingual Support ,-1.504410975132
internal link |Internal Links ,-1.5046091263336114
dmoz link |DMOZ links ,-1.505172521461676
activerecord module |ActiveRecord module ,-1.505172521461676
dynamic dispatch |dynamic dispatch ,-1.505172521461676
flow control keyword |flow control keywords ,-1.5052664761030086
kernel put |Kernel puts ,-1.5075219039712318
evaluated statement |evaluated statement ,-1.5075219039712318
statement modifier |statement modifiers ,-1.5075219039712318
largest site |largest sites ,-1.507608510377794
growing site |growing site ,-1.507608510377794
multiple character encoding |multiple character encodings ,-1.5087463146519444
publicly exposed instance variable |publicly exposed instance variable ,-1.5095265282392167
open-source software general alternative term |open-source software General Alternative terms ,-1.5097582642425817
usual operator |usual operators ,-1.510043505084668
special behavior |special behavior ,-1.510043505084668
nice day |Nice Day ,-1.510043505084668
reverse age order |reverse age order ,-1.511046309575049
practical purpose |practical purposes ,-1.5110670532104018
slower virtual machine |slower virtual machine ,-1.5110689887618012
parrot virtual machine |Parrot virtual machine ,-1.5110689887618012
advanced rails recipe |Advanced Rails Recipes ,-1.5115175971109378
item map |item map ,-1.5118160021152682
learning material |learning materials ,-1.5118160021152682
vb net property member |VB NET property members ,-1.5119590792272755
html erb |html erb ,-1.5124647989827102
corresponding table |corresponding table ,-1.5124647989827102
html tag |HTML tag ,-1.5124647989827102
raw string |raw strings ,-1.5134132891999075
slicing string |slicing strings ,-1.5134132891999075
ruby-doc org |Ruby-Doc org ,-1.5134132891999075
corresponding route |corresponding route ,-1.5148558785180677
line line position po |line line position pos ,-1.5149706370768934
interactive command-line interpreter |interactive command-line interpreter ,-1.5152035178974124
queueing system |queueing system ,-1.5164755052983832
gemtalk system |GemTalk Systems ,-1.5164755052983832
unix-like system |Unix-like systems ,-1.5164755052983832
property descriptor |property descriptor ,-1.5171953994874352
const missing native thread |const missing Native threads ,-1.5177051538980875
www ruby-lang org thursday |Www Ruby-Lang Org Thursday ,-1.5181748433308815
raise parseerror new foo |raise ParseError new Foo ,-1.519304725817049
j jekyll software j cont |J Jekyll software J cont ,-1.5194192806968918
uniq sort |uniq sort ,-1.5194559983483298
popular third party gem |popular third party gems ,-1.5207450303008867
final variable |final variables ,-1.5228454714877124
non-false value |non-false values ,-1.5228454714877124
capitalized variable |capitalized variables ,-1.5228454714877124
trabb pardo-knuth algorithm implementations edit |Trabb Pardo-Knuth algorithm Implementations edit ,-1.523557149089506
normal rule |normal rules ,-1.5235943056809065
garbage collection |garbage collection ,-1.5235943056809065
thread safety |thread safety ,-1.5235943056809065
speedy renaming section |speedy renaming section ,-1.524231907270678
recent post |Recent Posts ,-1.524316654733265
conditional expression |conditional expressions ,-1.5244906158081488
repl centralized package management |REPL Centralized package management ,-1.525473249827227
single-quoted string collections edit constructing |single-quoted string Collections edit Constructing ,-1.5257494832212306
faster development mode |faster development mode ,-1.5261777823146145
primary design goal |primary design goal ,-1.5261777823146145
dyi energy efficiency energy efficient faucet |DYI energy efficiency energy efficient Faucets ,-1.5262882295716726
normal steady state |normal steady state ,-1.5262882295716726
compiler optimization ninja |compiler optimization ninjas ,-1.5262882295716726
international organization |International Organization ,-1.526916046007703
special case |special case ,-1.526916046007703
const pointer |const pointer ,-1.526916046007703
valid floating point literal |valid floating point literals ,-1.5271456393812897
primary purpose |primary purpose ,-1.5281838904081768
mysql ab |MySQL AB ,-1.5281838904081768
rpg maker engine |RPG Maker engine ,-1.5285698055136394
japanese industrial standards committee |Japanese Industrial Standards Committee ,-1.528609556494155
automatic query explain |Automatic Query Explain ,-1.5290972736780397
hal fulton |Hal Fulton ,-1.5292928564409463
growing interest |growing interest ,-1.5292928564409463
production environment |production environment ,-1.5292928564409463
usual constructor |usual constructor ,-1.5292928564409463
script aculo |Script aculo ,-1.5292928564409463
bytecode compiler |bytecode compiler ,-1.5292928564409463
small blog yet simple wiki engine |small blog yet simple wiki engine ,-1.5294826617493869
scope resolution operator |scope resolution operators ,-1.5305720219599441
rpg maker series |RPG Maker series ,-1.5307951698755826
instiki instiki |Instiki Instiki ,-1.531197093248747
wiki git-wiki git-wiki |Wiki Git-wiki Git-wiki ,-1.531909277528446
commit right |commit rights ,-1.5319124251811507
rights reserved |Rights Reserved ,-1.5319124251811507
simple english-language homepage |simple English-language homepage ,-1.5320728118935476
industry standard |industry standards ,-1.5330386818378752
further reading edit metz |Further reading edit Metz ,-1.5337477728120643
slideshow rubyforge org |Slideshow rubyforge org ,-1.534086249270346
potentially dated statements commons category |potentially dated statements Commons category ,-1.5345670599800356
syntactic sugar |syntactic sugar ,-1.5349914072009856
dollars jane |dollars Jane ,-1.5349914072009856
cooperative fiber |cooperative fibers ,-1.5349914072009856
lazy evaluation |lazy evaluation ,-1.5349914072009856
four level |Four levels ,-1.5349914072009856
ahead-of-time compilation |ahead-of-time compilation ,-1.5349914072009856
cgi fastcgi |CGI FastCGI ,-1.5349914072009856
oo fan |OO fan ,-1.5349914072009856
minimize confusion |minimize confusion ,-1.5349914072009856
uncle sam |Uncle Sam ,-1.5349914072009856
steve jenson |Steve Jenson ,-1.5349914072009856
live streaming |Live Streaming ,-1.5349914072009856
bath understanding |Bath Understanding ,-1.5349914072009856
increasing awareness |increasing awareness ,-1.5349914072009856
introspection reflection |introspection reflection ,-1.5349914072009856
builtwith trend |BuiltWith Trends ,-1.5349914072009856
just-in-time compilation |just-in-time compilation ,-1.5349914072009856
optimized piece |optimized pieces ,-1.5349914072009856
object-relational mapping system |object-relational mapping system ,-1.5354185163315823
sql server |SQL Server ,-1.535757918904132
full-stack framework |full-stack framework ,-1.5371714338801377
acme media property contact us div class stat counter |Acme Media Property Contact Us div class stat counter ,-1.5372903555584443
information-technology promotion agency |Information-Technology Promotion Agency ,-1.5373329681007029
open-source graphics device driver comparison |open-source graphics device driver Comparison ,-1.5385050767881872
rescue runtimeerror timeout |rescue RuntimeError Timeout ,-1.5396378103059063
current version |current versions ,-1.5402536488586127
older version |older version ,-1.5402536488586127
assigning hash |assigning hash ,-1.5402536488586127
earlier version |earlier versions ,-1.5402536488586127
duck typing |duck typing ,-1.5405842093604463
kaspersky lab security news service |Kaspersky Lab Security News Service ,-1.5409394457427295
entire middleware infrastructure |entire middleware infrastructure ,-1.543276567916007
fully backward compatible |fully backward compatible ,-1.5432765679160074
regular expression search revision control export |Regular expression search Revision Control Export ,-1.5442711987657303
web services actionpack activesupport |web services ActionPack ActiveSupport ,-1.5446547861698874
symbols embedding code |symbols Embedding code ,-1.5454038043218816
ipro developer |iPro Developer ,-1.5458539633066057
full-time developer |full-time developer ,-1.5458539633066057
metasploit project |Metasploit Project ,-1.5458539633066057
nested model form |nested model forms ,-1.5459766525926206
line break |Line breaks ,-1.5477477152981136
official deployment instruction |Official deployment instructions ,-1.54830134366911
native plug-in api |Native plug-in API ,-1.54870472576212
julia readthedoc |julia readthedocs ,-1.5490291476672533
journey engine |Journey engine ,-1.5496502257469034
rational number |rational numbers ,-1.5496502257469034
routing engine |routing engine ,-1.5496502257469034
bigger number |bigger number ,-1.5496502257469034
single-pass interpreted language |single-pass interpreted language ,-1.5500679960916273
authoritative community member |authoritative community members ,-1.5510017797754094
wikidata article |Wikidata Articles ,-1.5515575134965032
english-speaking world |English-speaking world ,-1.5515575134965032
online chat session |online chat session ,-1.5517034490779786
arithmetic custom dispatch behavior |arithmetic Custom dispatch behavior ,-1.5544420815956381
dynamic scope lexical |dynamic Scope lexical ,-1.5553780786525864
specific external web-browser request |specific external web-browser request ,-1.5554946247130457
russian doll caching |Russian Doll Caching ,-1.5565117729308215
per-string character encoding |per-string character encodings ,-1.5565569281392126
objective-c runtime cardinal |Objective-C runtime Cardinal ,-1.5565569281392126
hierarchical wikis directory structure file upload history |hierarchical wikis directory structure File upload History ,-1.5566844918861573
de facto reference interpreter |de facto reference interpreter ,-1.5570459304049575
experienced user |experienced users ,-1.5572511811112817
basic wiki clone |basic Wiki clone ,-1.5575331859657604
text markup |Text Markup ,-1.557862774764181
high performance |high performance ,-1.5580610636861238
global procedure |global procedures ,-1.5580610636861238
magic global |magic global ,-1.5580610636861238
session cookie persistence security flaw |session cookie persistence security flaw ,-1.55829042020281
common idiom |common idioms ,-1.5591128299094446
view path |view paths ,-1.5591128299094446
foldl function |foldl function ,-1.5591128299094446
higher-order function |higher-order functions ,-1.5591128299094446
common mistake |common mistake ,-1.5591128299094446
evaluating surprise |evaluating surprise ,-1.5591128299094446
neighbors painting permits planning remodel |neighbors Painting Permits Planning remodel ,-1.5603616337102555
unobtrusive javascript |Unobtrusive JavaScript ,-1.562708935952032
skinny controller |skinny controllers ,-1.562708935952032
index u |index u ,-1.562708935952032
incredibly important internal dogfooding group |incredibly important internal dogfooding group ,-1.5638226242722977
documentation guru |documentation gurus ,-1.5638513848020503
different approach |different approach ,-1.5638513848020503
mover recent comment |Mover Recent Comments ,-1.5641945200196705
respective color |respective color ,-1.564406914138388
ext js jquery meteor prototype rico script aculo |Ext JS jQuery Meteor Prototype Rico script aculo ,-1.5650333626321
scriptaculous javascript control |Scriptaculous JavaScript controls ,-1.5651714972667143
robey pointer interview |Robey Pointer interview ,-1.56587801652969
b forde |b Forde ,-1.5660050838782098
packaged gem |packaged gems ,-1.5660050838782098
module prepend |Module prepend ,-1.5660050838782098
text formatting rule |Text Formatting Rules ,-1.566557435111088
creole and markdown markup |Creole and Markdown markup ,-1.5665619965441029
mruby influenced |Mruby Influenced ,-1.566563912463144
file upload |file uploads ,-1.5673458047738111
unconventional aspect |unconventional aspects ,-1.567462556818519
scaling issue |scaling issues ,-1.567462556818519
threat post |Threat Post ,-1.567462556818519
computer engineer |computer engineers ,-1.567462556818519
practical utility |practical utility ,-1.567462556818519
japanese domestic newsgroup |Japanese domestic newsgroups ,-1.5683245380003974
active record observer |Active Record Observer ,-1.5683245380003974
japanese government agency |Japanese government agency ,-1.5683245380003974
authenticated session |authenticated session ,-1.5687555285913364
christmas day |Christmas Day ,-1.5687555285913364
windows ce |Windows CE ,-1.5687555285913364
crash behavior |crash behavior ,-1.5687555285913364
neon design technology |Neon Design Technology ,-1.5688506336991959
industry-wide move |industry-wide move ,-1.5695641442992712
huge difference |huge difference ,-1.5695641442992712
vendor plugin |vendor plugins ,-1.5698047090771132
regular-expression search |regular-expression searches ,-1.5698047090771132
previous line redundant |previous line redundant ,-1.5699961703647518
chaplin j |Chaplin js ,-1.5705385607249287
boolean context |boolean contexts ,-1.5705385607249287
program control |program control ,-1.5705385607249287
passenger maxcer |Passenger Maxcer ,-1.5705385607249287
english speaker |English speakers ,-1.5705385607249287
no distinction |no distinction ,-1.5705946686054801
handler clause |handler clause ,-1.5708507532859637
basic unit |basic unit ,-1.5708507532859637
powerruby brings enterprise ruby |PowerRuby Brings Enterprise Ruby ,-1.5730153706580523
step-by-step process lifestyle question |step-by-step process Lifestyle Questions ,-1.573780497328288
garbage collection first-class continuations strict boolean coercion rule |Garbage collection First-class continuations Strict boolean coercion rules ,-1.5783784818373814
active record pattern |active record pattern ,-1.5794898203221774
rubygems org |RubyGems org ,-1.5820512395187112
tech android app |Tech Android Apps ,-1.584308429685093
recently revised pages multiple web |recently revised pages Multiple webs ,-1.5864410868841956
standard css templating |standard CSS templating ,-1.58700079951632
no starch press |No Starch Press ,-1.5878905034222612
pages section editing |pages Section editing ,-1.5890598809495307
recent posts understanding pavement installation |Recent Posts Understanding pavement installation ,-1.589356345448988
portability and stability |portability and stability ,-1.589833043244007
specific format |specific format ,-1.589975759738959
asynchronous processing type |asynchronous processing type ,-1.5924421201146133
boolean non-boolean datatype |Boolean non-boolean datatypes ,-1.5961837867430309
well-known software engineering pattern |well-known software engineering patterns ,-1.5962274523730389
holzner ph d |Holzner Ph D ,-1.5992673930794556
ruby-based queuing system |Ruby-based queuing system ,-1.6049891720782792
single unambiguous place |single unambiguous place ,-1.6056322571960921
diff view multilingual support |diff view multilingual Support ,-1.6075633766295252
reversible database migration |Reversible Database Migrations ,-1.6081899731037923
closure dojo toolkit ember |Closure Dojo Toolkit Ember ,-1.6083536614049072
disable wiki formatting |disable wiki formatting ,-1.6090998091762512
visual effects library |visual effects library ,-1.610875819583367
rubinius blog |Rubinius blog ,-1.611960713759393
add entry |Add entry ,-1.6203935983477806
rails rubygems rubyspec s shoes gui toolkit |Rails RubyGems RubySpec S Shoes GUI toolkit ,-1.622594073310867
track change |Track changes ,-1.6240684184360181
gratis versus libre long-term support open-source software outline spdx |Gratis versus libre Long-term support Open-source software Outline SPDX ,-1.6294811455391978
object-oriented imperative functional reflective designed |object-oriented imperative functional reflective Designed ,-1.6323118669697332
restoration safety seasonal security systems vapor barriers walls window |Restoration Safety Seasonal Security Systems Vapor Barriers Walls windows ,-1.6357129653261673
high-profile consumer web firm |high-profile consumer web firms ,-1.6379586909687889
git-wiki olelo |Git-wiki Olelo ,-1.6443105595237935
rails applicationspbworks online collaboration workspace |Rails applicationsPBworks Online Collaboration Workspace ,-1.6462905104143692
static page |static pages ,-1.6506148299144145
redmine refinery cms r cont |Redmine Refinery CMS R cont ,-1.6537510880604878
reference tracker |Reference tracker ,-1.6537517621927755
irwi wiki signal-wiki signal-wiki |irwi Wiki Signal-wiki Signal-wiki ,-1.6559508348884626
different kind collaborative software |different kind collaborative software ,-1.6577648627171053
automatic memory management |automatic memory management ,-1.6582323017763818
move tab |Move tab ,-1.6645768735756847
embedded webserver |embedded webserver ,-1.6645768735756847
simplest wiki setup |simplest wiki setup ,-1.66961246749993
wiki features text formatting anti spam measures diagram |Wiki Features Text Formatting Anti Spam Measures Diagrams ,-1.6756789966571393
tags editor |tags Editor ,-1.680102709422222
markdown markup |Markdown markup ,-1.6887035664411925
bliki bliki |bliki bliki ,-1.6974031073087723
rawiki ruse ruse |RaWiki Ruse Ruse ,-1.6974031073087723
hd video conferencing and video collaboration tool postbox |HD Video conferencing and video Collaboration tool Postbox ,-1.7040677067672516
namespace password-protected pages author |namespace Password-protected Pages Authors ,-1.7085546579630084
source job boardxwiki |source job boardXWiki ,-1.7118741635826074
content-oriented application platformradrail |Content-Oriented Application PlatformRadRails ,-1.7118741635826074
git hub |Git Hub ,-1.7174733705177547
video collaboration tool postbox |video Collaboration tool Postbox ,-1.7209757977935045
typing discipline duck |Typing discipline duck ,-1.7221030043888939
sinatra stone |Sinatra Stone ,-1.7233555400658964
usemod compatible rendering engine |UseMod compatible rendering engine ,-1.7258815441212758
internationalization color diff |Internationalization Color diffs ,-1.726185929432034
inline documentation |inline documentation ,-1.7426032165144616
drawings scm integration |Drawings SCM integration ,-1.7565762340216042
extensible hackable architecture |extensible hackable architecture ,-1.7565762340216042
password protection |password protection ,-1.7565762340216042
variety mark |variety mark ,-1.7624411958283264
pdf export |PDF export ,-1.7671270034203859
sybase irwi |Sybase IRWI ,-1.7671270034203859
image captcha |image captchas ,-1.7675361814760044
pixel quantserve |pixel quantserve ,-1.7675361814760044
hd video conferencing |HD Video conferencing ,-1.7705724211170704
rss feed pinterest google |RSS Feed Pinterest Google ,-1.77787500169705
embed dot graphic |Embed Dot Graphics ,-1.786894085496198
png jpeg conversion auto-generated table |PNG JPEG conversion Auto-generated table ,-1.787483028778344
ruby |RUBY |ruby |Ruby ,-2.745498453298225
rail |Rails |rails |RAILS ,-3.5233885459589156
language |languages |language ,-4.1914733415473355
class |classes |Class |class ,-4.634088006442923
software |software ,-4.679281621339416
edit |edit ,-4.699179802134473
method |methods |Methods |method ,-4.785436545597532
web |Web |web ,-4.975161594020526
programming |programming ,-4.984406871317787
code |code |Code ,-4.986024265114366
object |object |objects ,-4.9978949325737565
end |end ,-5.07099514673553
matsumoto |Matsumoto ,-5.116529438792826
application |application |Application |applications ,-5.130891049099865
source |source |sources ,-5.189399059621724
use |use ,-5.228822846795947
block |block |blocks |Blocks ,-5.261963953325795
wiki |wiki |Wikis ,-5.264304991039802
category |Category |category ,-5.293263669389663
put |puts ,-5.305221508919482
statement |statement |statements ,-5.313647329672134
exception |Exception |exceptions |exception ,-5.330268982333535
implementation |implementation |implementations ,-5.349839869379183
example |Example |Examples |example ,-5.4022817061499975
string |string |strings ,-5.419794950068209
support |support ,-5.4575818961990175
framework |frameworks |framework ,-5.47547531481373
name |names ,-5.47995689160157
variable |Variables |variable |variables ,-5.507031143113035
expression |expression |expressions ,-5.536068748106749
list |list |Lists |lists ,-5.536068748106749
released |Released ,-5.540449340409454
system |systems ,-5.5588623513893385
isbn |ISBN ,-5.5752708841146745
python |Python ,-5.644091198540237
value |values ,-5.649224678596222
feature |features |feature |Features ,-5.660169760897978
perl |Perl ,-5.671657606285676
release |releases |release ,-5.699196312829411
yukihiro |Yukihiro ,-5.700051355416455
standard |standards |standard ,-5.746877845282562
file |files |file ,-5.752840419129879
foundation |foundation ,-5.760483319239721
run |runs ,-5.760483319239721
closure |closures |closure |Closures ,-5.790732914187709
version |versions |Versions |version ,-5.803171867764499
hash |Hash |hash ,-5.815388193297848
hello |Hello ,-5.827363352683655
model |models |model ,-5.862980072261045
design |design ,-5.866547252931868
server |server ,-5.866547252931868
machine |machine |machines ,-5.926973537083107
ruby-talk |ruby-talk ,-5.926973537083107
development |development ,-5.9314108592048465
hansson |Hansson ,-5.9339185434244985
line |line ,-5.9407910286821135
page |Pages |page |pages ,-5.94301218183641
developer |developer |Developers |developers ,-5.949132366446424
number |numbers |number ,-5.949815460309089
java |Java ,-5.957110554273655
world |World |world ,-5.988258589307196
syntax |syntax |Syntax |syntaxes ,-5.988258589307196
article |articles |article |Articles ,-5.988258589307196
reference |references |reference ,-5.992686162395989
david |David ,-5.995782346177037
engine |Engines |engine |engines ,-5.999242535837567
array |arrays |array ,-6.003227538539454
project |project ,-6.003267901638894
work |work ,-6.032146070102938
jruby |JRuby ,-6.101575093308633
default |default ,-6.130518605833538
function |functions |function ,-6.159920061815567
surprise |surprise |surprises ,-6.159920061815567
return |return |returns ,-6.159920061815567
view |views |view ,-6.1854438283551785
instance |instances ,-6.20202536351307
user |user ,-6.211878747938782
linux |Linux ,-6.234689204963795
rubiniu |Rubinius ,-6.243243852343866
argument |argument |arguments ,-6.25909109528572
age |age ,-6.25909109528572
def |def ,-6.25909109528572
package |packages ,-6.266789050088532
configuration |configurations |Configuration |configuration ,-6.268412941010135
history |history |History ,-6.275827041992892
controller |controller ,-6.277593217925157
book |books |book ,-6.277593217925157
database |database ,-6.277593217925157
principle |principle |principles ,-6.277593217925157
tool |tools ,-6.278162591202239
merb |Merb ,-6.295492690787784
open-source |open-source ,-6.295492690787784
index |index ,-6.312703565227214
color |COLORS |color |colors ,-6.322602070530766
rack |Rack ,-6.329111306205546
ironruby |IronRuby ,-6.332163147014375
year |years ,-6.3369664553810034
content |content |contents |Contents ,-6.341554453561783
simple |simple ,-6.341554453561783
gem |gems |gem ,-6.36992629533392
module |module |modules |Module ,-6.36992629533392
rescue |rescue ,-6.36992629533392
change |change |changes ,-6.390063202304376
programmer |programmer ,-6.390063202304376
smalltalk |Smalltalk ,-6.390063202304376
begin |begin ,-6.390063202304376
convention |Convention |convention ,-6.399848284572891
metaprogramming |metaprogramming ,-6.4094254360487355
person |Person ,-6.4094254360487355
lisp |Lisp |LISP ,-6.4094254360487355
help |help ,-6.418777476805974
link |links ,-6.487007171787752
comparison |comparisons ,-6.487007171787752
chri |Chris ,-6.49554031492825
equivalent |equivalent ,-6.49554031492825
hot |Hot |hot ,-6.49554031492825
japanese |Japanese ,-6.49554031492825
site |site ,-6.500162922658798
behavior |behavior |behaviors ,-6.517668582064661
window |Windows ,-6.538764249036802
net |net ,-6.544694239765966
github |Github ,-6.544694239765966
format |formats ,-6.549048989857802
operator |operators ,-6.558621297437285
table |tables |Tables |table ,-6.565233812204345
bsd |BSD ,-6.565233812204345
discussion |discussion ,-6.576930953404636
literal |literal ,-6.576930953404636
plugin |Plugins |plugins |plugin ,-6.57702107555923
fire |fire ,-6.588531279568139
macruby |MacRuby ,-6.588531279568139
mri |MRI ,-6.588531279568139
rubygem |RubyGems ,-6.593178869281361
home |home ,-6.593178869281361
service |service ,-6.606333422909252
day |days ,-6.606333422909252
trademark |trademarks ,-6.606333422909252
section |section ,-6.621123999806672
html |HTML ,-6.631218693395679
scala |Scala ,-6.640490717447666
proc |Proc |proc ,-6.640490717447666
interview |interview |Interview ,-6.640490717447666
print |prints ,-6.640490717447666
route |routes |route ,-6.640490717447666
point |point ,-6.640490717447666
wikipedia |Wikipedia ,-6.640842090848434
philosophy |Philosophy ,-6.6583398464079835
action |action |actions ,-6.6651023289151645
get |get ,-6.6651023289151645
pass |passes |pass ,-6.6651023289151645
novice |Novice ,-6.6651023289151645
search |Search ,-6.672506288776481
top |top ,-6.677531000420907
rubyonrail |rubyonrails ,-6.699204803437153
app |Apps ,-6.719462083912365
git |Git ,-6.722277167364255
clause |clause ,-6.722277167364255
scope |scopes |scope ,-6.735523229681906
boolean |booleans ,-6.743933031766356
question |question ,-6.743933031766356
mruby |mruby ,-6.760795836737067
maglev |MagLev ,-6.77272592916044
initial |initial ,-6.784099035240967
type |types ,-6.804778200902254
water |water ,-6.811835185277087
sort |sort ,-6.811835185277087
irb |irb ,-6.811835185277087
professional |Professional ,-6.811835185277087
getter |getter ,-6.811835185277087
constant |constant |constants ,-6.811835185277087
inheritance |inheritance ,-6.811835185277087
idea |ideas |idea ,-6.811835185277087
true |true ,-6.811835185277087
iterator |iterators ,-6.811835185277087
set |set ,-6.839635053037764
member |member |members ,-6.839635053037764
blade |blade ,-6.839635053037764
part |part ,-6.839635053037764
text |text ,-6.877066891273728
sinatra |Sinatra ,-6.906432028698517
matz |Matz ,-6.9107989178849545
difference |difference |Differences |differences ,-6.9107989178849545
website |website ,-6.9129641538362705
structure |structure ,-6.9259773614903475
jquery |jQuery ,-6.9259773614903475
style |style ,-6.940558585563359
webrick |WEBrick ,-6.940558585563359
yarv |YARV ,-6.940558585563359
error |errors |error |Error ,-6.940558585563359
public |public ,-6.95445904855067
focus |focus ,-6.95445904855067
instiki |Instiki ,-6.95445904855067
green |green ,-6.979733584358909
people |people ,-6.9907302515073555
title |title ,-7.000196223335628
move |Move ,-7.000196223335628
span |span ,-7.021379399031766
element |element ,-7.021379399031766
sigil |sigils |sigil ,-7.021379399031766
mixin |mixins ,-7.021379399031766
key |key ,-7.021379399031766
message |message |messages ,-7.021379399031766
runtime |runtime ,-7.021379399031766
sum |sum ,-7.021379399031766
prototype |Prototype ,-7.021379399031766
apres |Apress |APress ,-7.021379399031766
creator |Creator |creator ,-7.021379399031766
preceding |preceding ,-7.021379399031766
nthi |nThis ,-7.021379399031766
inject |inject ,-7.021379399031766
e-mail |E-mail |e-mail ,-7.021379399031766
template |templates |Templates ,-7.021379399031766
ibm |IBM ,-7.021379399031766
runtimeerror |RuntimeError ,-7.021379399031766
uspto |USPTO ,-7.021379399031766
local |local ,-7.021379399031766
pair |pair ,-7.021379399031766
rule |rule |rules ,-7.037783276113904
issue |issues ,-7.05342129697463
mongrel |Mongrel ,-7.05342129697463
citation |citations ,-7.05342129697463
output |output ,-7.05342129697463
keyword |keywords ,-7.05342129697463
topic |topic ,-7.081855149758898
further |further ,-7.081855149758898
computer |computer ,-7.081855149758898
aspect |aspects ,-7.081855149758898
apache |Apache ,-7.081855149758898
core |core ,-7.081855149758898
series |series ,-7.081855149758898
scalability |scalability ,-7.104875618607707
cooper |Cooper ,-7.104875618607707
parameter |parameters ,-7.104875618607707
japan |Japan ,-7.146672904638575
functionality |functionality ,-7.164544928479405
hotruby |HotRuby ,-7.18139967116751
rubymotion |RubyMotion ,-7.18139967116751
semantics |semantics ,-7.197040760232855
author |author |authors ,-7.197040760232855
notation |notation ,-7.291207711180875
ishitsuka |Ishitsuka ,-7.291207711180875
technique |technique |techniques ,-7.291207711180875
nil |nil ,-7.291207711180875
payne |Payne ,-7.291207711180875
digit |digit |digits ,-7.291207711180875
light |light |Lights ,-7.291207711180875
familiar |familiar ,-7.291207711180875
lattner |Lattner ,-7.291207711180875
information |information ,-7.291207711180875
initialize |initialize ,-7.291207711180875
gpl |GPL ,-7.291207711180875
metal |Metal ,-7.291207711180875
mapping |mappings |mapping ,-7.291207711180875
remember |remember ,-7.291207711180875
product |product |products ,-7.291207711180875
item |item ,-7.291207711180875
phrase |phrase ,-7.291207711180875
spring |Spring ,-7.291207711180875
api |API ,-7.291207711180875
markup |markup ,-7.310871577650331
navigation |navigation ,-7.329119514893233
case |cases ,-7.329119514893233
performance |performance ,-7.329119514893233
integer |integers ,-7.329119514893233
rake |Rake ,-7.329119514893233
related |related ,-7.329119514893233
caching |caching ,-7.329119514893233
human |humans ,-7.329119514893233
team |team ,-7.3598134733583125
practice |practice ,-7.3598134733583125
introduction |Introduction ,-7.3598134733583125
map |maps ,-7.3598134733583125
sample |samples ,-7.3598134733583125
mysql |MySQL ,-7.461991791258496
wikibook |Wikibooks ,-7.461991791258496
clu |CLU ,-7.461991791258496
ioke |Ioke ,-7.461991791258496
olelo |Olelo ,-7.4838893159499795
lua |Lua ,-7.503683316817184
ability |ability ,-7.503683316817184
revision |revision ,-7.520722066108075
concept |Concepts ,-7.520722066108075
graphic |graphic ,-7.520722066108075
renovate |Renovate ,-7.670739112046049
criticism |criticisms |criticism ,-7.670739112046049
colleague |colleague |colleagues ,-7.670739112046049
jon |Jon ,-7.670739112046049
warning |warning ,-7.670739112046049
llvm |LLVM ,-7.670739112046049
enum |Enums ,-7.670739112046049
problem |problems ,-7.670739112046049
mailer |Mailer ,-7.670739112046049
num |num ,-7.670739112046049
confusion |confusion ,-7.670739112046049
astonishment |astonishment ,-7.670739112046049
wrox |Wrox ,-7.670739112046049
standarderror |StandardError ,-7.670739112046049
suno |SunOS ,-7.670739112046049
streaming |Streaming ,-7.670739112046049
pola |POLA ,-7.670739112046049
fragment |fragment ,-7.670739112046049
objective-c |Objective-C ,-7.670739112046049
enumeration |enumeration |enumerations ,-7.670739112046049
variant |Variants ,-7.670739112046049
middleware |middleware ,-7.670739112046049
steve |Steve ,-7.670739112046049
sass |Sass ,-7.670739112046049
constructor |constructor ,-7.670739112046049
scaffolding |scaffolding ,-7.670739112046049
fact |fact ,-7.670739112046049
brace |braces ,-7.670739112046049
unicode |Unicode ,-7.670739112046049
variety |variety ,-7.670739112046049
false |false ,-7.670739112046049
zlib |zlib ,-7.670739112046049
coffeescript |CoffeeScript ,-7.670739112046049
ola |Ola ,-7.670739112046049
subclass |subclass |subclasses ,-7.670739112046049
git-wiki |Git-wiki ,-7.670739112046049
berkeley |Berkeley ,-7.670739112046049
meaning |meaning ,-7.670739112046049
bob |Bob ,-7.670739112046049
bini |Bini ,-7.670739112046049
hal |Hal ,-7.670739112046049
component |component |components ,-7.670739112046049
var |var ,-7.670739112046049
response |response ,-7.670739112046049
argumenterror |ArgumentError ,-7.670739112046049
fiber |fibers ,-7.670739112046049
beo |BeOS ,-7.670739112046049
interest |interest ,-7.670739112046049
goal |goal ,-7.670739112046049
basecamp |Basecamp ,-7.670739112046049
greeting |Greeting ,-7.670739112046049
evaluation |evaluation ,-7.670739112046049
endoh |Endoh ,-7.670739112046049
aix |AIX ,-7.670739112046049
adoption |adoption |Adoption ,-7.670739112046049
invocation |invocation ,-7.670739112046049
consequence |consequence ,-7.670739112046049
collect |collect ,-7.670739112046049
eiffel |Eiffel ,-7.670739112046049
yusuke |Yusuke ,-7.670739112046049
lenz |Lenz ,-7.670739112046049
ada |Ada ,-7.670739112046049
dave |Dave ,-7.670739112046049
activerecord |ActiveRecord ,-7.670739112046049
addison-wesley |Addison-Wesley ,-7.670739112046049
continuation |continuations ,-7.670739112046049
xml |XML ,-7.670739112046049
logic |logic ,-7.670739112046049
news-o |NEWS-OS ,-7.670739112046049
symbol |symbols ,-7.670739112046049
secret |secrets ,-7.670739112046049
solaris |Solaris ,-7.670739112046049
stack |stack ,-7.695481613130053
reason |reason |Reason ,-7.695481613130053
administrator |Administrators |administrators ,-7.695481613130053
haskell |Haskell ,-7.716780049743668
progress |progress ,-7.716780049743668
sam |Sam ,-7.716780049743668
construct |construct ,-7.716780049743668
sale |sales ,-7.716780049743668
yield |yield ,-7.716780049743668
algorithm |algorithms ,-7.716780049743668
artima |artima ,-7.716780049743668
installation |installation ,-7.716780049743668
facility |facility ,-7.716780049743668
respond |responds ,-7.716780049743668
master |masters ,-7.716780049743668
cgi |CGI ,-7.716780049743668
thomas |Thomas ,-7.716780049743668
paradigm |paradigms ,-7.733110362588051
fancy |Fancy ,-7.939343978553456
dylan |Dylan ,-7.939343978553456
postgresql |PostgreSQL ,-7.939343978553456
multi-paradigm |multi-paradigm ,-7.939343978553456
alt |alt ,-7.967741894038275
extension |extension ,-7.967741894038275
power |power ,-7.967741894038275
commit |commit ,-7.989515644497453
contact |Contact ,-7.989515644497453
compatibility |compatibility ,-8.316756449511633
lovefest |lovefest ,-8.316756449511633
conversation |Conversation ,-8.316756449511633
radicalbehavior |radicalbehavior ,-8.316756449511633
zone |zones ,-8.316756449511633
root |root ,-8.316756449511633
ajax |Ajax ,-8.316756449511633
assaf |Assaf ,-8.316756449511633
lang-ruby-general |lang-ruby-general ,-8.316756449511633
expected |expected ,-8.316756449511633
youtube |YouTube ,-8.316756449511633
hampton |Hampton ,-8.316756449511633
do-while |do-while ,-8.316756449511633
verification |verification ,-8.316756449511633
yammer |Yammer ,-8.316756449511633
maturity |maturity ,-8.316756449511633
deviate |deviates ,-8.316756449511633
mustache |Mustache ,-8.316756449511633
hibbs |Hibbs ,-8.316756449511633
apple |Apple ,-8.316756449511633
coral |Coral ,-8.316756449511633
brook |Brook ,-8.316756449511633
sitepoint |SitePoint ,-8.316756449511633
feedback |feedback ,-8.316756449511633
substring |substring ,-8.316756449511633
dumbill |Dumbill ,-8.316756449511633
homeimprovement |HomeImprovement ,-8.316756449511633
favor |favor ,-8.316756449511633
bsdl |BSDL ,-8.316756449511633
topaz |Topaz ,-8.316756449511633
fowler |Fowler ,-8.316756449511633
weblog |weblog ,-8.316756449511633
json |JSON ,-8.316756449511633
semicolon |semicolon ,-8.316756449511633
validator |validators ,-8.316756449511633
contrast |contrast ,-8.316756449511633
outage |outages ,-8.316756449511633
permission |permission ,-8.316756449511633
refactoring |refactoring ,-8.316756449511633
repetition |repetition ,-8.316756449511633
slave |slaves ,-8.316756449511633
nextstep |NeXTSTEP ,-8.316756449511633
nginx |nginx ,-8.316756449511633
addition |addition ,-8.316756449511633
collision |collisions ,-8.316756449511633
execution |execution ,-8.316756449511633
openssl |OpenSSL ,-8.316756449511633
parameter-passing |Parameter-passing ,-8.316756449511633
deprecated |deprecated ,-8.316756449511633
devarticle |Devarticles ,-8.316756449511633
thing |things ,-8.316756449511633
andy |Andy ,-8.316756449511633
britt |Britt ,-8.316756449511633
lucas |Lucas ,-8.316756449511633
concern |concerns ,-8.316756449511633
standardized |standardized ,-8.316756449511633
curt |Curt ,-8.316756449511633
subject |subject ,-8.316756449511633
replacement |replacement ,-8.316756449511633
chad |Chad ,-8.316756449511633
stuff |stuff ,-8.316756449511633
stage |stage ,-8.316756449511633
rise |rise ,-8.316756449511633
generator |generators ,-8.316756449511633
bruce |Bruce ,-8.316756449511633
imperative |imperative ,-8.316756449511633
forward |Forward ,-8.316756449511633
fyi |FYI ,-8.316756449511633
archeolinguistic |archeolinguistics ,-8.316756449511633
factor |factor ,-8.316756449511633
catlin |Catlin ,-8.316756449511633
conference |conferences ,-8.316756449511633
jeffrey |Jeffrey ,-8.316756449511633
fun |fun ,-8.316756449511633
ftp |FTP ,-8.316756449511633
sikachu |sikachu ,-8.316756449511633
rust |Rust ,-8.316756449511633
ancestor |ancestor ,-8.316756449511633
cover |cover ,-8.316756449511633
clove |Cloves ,-8.316756449511633
indentation |indentation ,-8.316756449511633
episode |episode ,-8.316756449511633
lighttpd |Lighttpd ,-8.316756449511633
effective |Effective ,-8.316756449511633
richardson |Richardson ,-8.316756449511633
clark |Clark ,-8.316756449511633
activerecordstore |ActiveRecordStore ,-8.316756449511633
word |word ,-8.316756449511633
jeremy |Jeremy ,-8.316756449511633
precedence |precedence ,-8.316756449511633
desire |desire ,-8.316756449511633
sdtime |sdtimes ,-8.316756449511633
markdown |Markdown ,-8.316756449511633
side |sides ,-8.316756449511633
enumerable |Enumerables ,-8.316756449511633
arkin |Arkin ,-8.316756449511633
workaround |workaround ,-8.316756449511633
railscast |Railscasts ,-8.316756449511633
box |box ,-8.316756449511633
historic |historic ,-8.316756449511633
startup |startup ,-8.316756449511633
intercepting |intercepting ,-8.316756449511633
primitive |primitives ,-8.316756449511633
omission |omission ,-8.316756449511633
copying |COPYING ,-8.316756449511633
tradeoff |tradeoff ,-8.316756449511633
tate |Tate ,-8.316756449511633
yellow |yellow ,-8.316756449511633
hunt |Hunt ,-8.316756449511633
bertel |Bertels ,-8.316756449511633
critic |critics ,-8.316756449511633
synonym |synonym ,-8.316756449511633
download |Download ,-8.316756449511633
meantime |meantime ,-8.316756449511633
exponential-format |exponential-format ,-8.316756449511633
possibility |possibility ,-8.316756449511633
scribd |Scribd ,-8.316756449511633
failure |failure ,-8.316756449511633
identifier |identifiers ,-8.316756449511633
burk |Burks ,-8.316756449511633
speed-up |speed-ups ,-8.316756449511633
hulu |Hulu ,-8.316756449511633
monkey-patching |monkey-patching ,-8.316756449511633
birthstone |birthstone ,-8.316756449511633
activeresource |ActiveResource ,-8.316756449511633
leonard |Leonard ,-8.316756449511633
curse |curses ,-8.316756449511633
submission |submission ,-8.316756449511633
majority |majority ,-8.316756449511633
patrick |Patrick ,-8.316756449511633
actionmailer |ActionMailer ,-8.316756449511633
semenatic |semenatics ,-8.316756449511633
binding |binding ,-8.316756449511633
modification |modification ,-8.316756449511633
readline |readlines ,-8.316756449511633
apis |APIs ,-8.316756449511633
chomp |chomp ,-8.316756449511633
standardization |Standardization ,-8.316756449511633
nagachika |nagachika ,-8.316756449511633
intro |Intro ,-8.316756449511633
grimmer |Grimmer ,-8.316756449511633
long |long ,-8.316756449511633
screencast |screencasts ,-8.316756449511633
run-time |run-time ,-8.316756449511633
future |future ,-8.316756449511633
opal |Opal ,-8.316756449511633
internet |Internet ,-8.316756449511633
edd |Edd ,-8.316756449511633
milestone |milestone ,-8.316756449511633
michael |Michael ,-8.316756449511633
tandem |tandem ,-8.316756449511633
cherokee |Cherokee ,-8.316756449511633
minimiz |minimizes ,-8.316756449511633
laurent |Laurent ,-8.316756449511633
null |null ,-8.316756449511633
retry |retry ,-8.316756449511633
alteration |alteration ,-8.316756449511633
actioncontroller |ActionController ,-8.316756449511633
cookiestore |CookieStore ,-8.316756449511633
tighter |tighter ,-8.316756449511633
-block |-BLOCK ,-8.316756449511633
metric |metrics ,-8.316756449511633
yaml |YAML ,-8.316756449511633
bugfix |bugfixes ,-8.316756449511633
hiawatha |Hiawatha ,-8.316756449511633
field |field ,-8.316756449511633
doc |docs ,-8.316756449511633
turbolink |Turbolinks ,-8.316756449511633
capitalization |capitalization ,-8.316756449511633
james |James ,-8.316756449511633
haml |HAML ,-8.316756449511633
daemon |daemons ,-8.316756449511633
success |success ,-8.316756449511633
aggregate |aggregate ,-8.316756449511633
tim |Tim ,-8.316756449511633
course |course ,-8.316756449511633
shopify |Shopify ,-8.316756449511633
smell |smell ,-8.316756449511633
launch |launch ,-8.316756449511633
lack |lack ,-8.316756449511633
summer |summer ,-8.316756449511633
spam |spam ,-8.3494170752004
accordance |accordance ,-8.3494170752004
deleted |deleted ,-8.3494170752004
notice |notice ,-8.3494170752004
bot |bot ,-8.3494170752004
rename |rename ,-8.3494170752004
height |height ,-8.958198037921152
rbw |rbw ,-8.958198037921152
border |border ,-8.958198037921152
ror |RoR ,-8.958198037921152
tomdoc |TomDoc ,-8.958198037921152
mind |Mind ,-8.958198037921152
bluecloth |BlueCloth ,-8.958198037921152
oracle |Oracle ,-8.958198037921152
sqlite |SQLite ,-8.958198037921152
benefit |benefits ,-8.958198037921152
adhere |adhere ,-8.958198037921152
quantcast |Quantcast ,-8.958198037921152
creole |Creole ,-8.958198037921152
falcon |Falcon ,-8.958198037921152
textile |Textile ,-8.958198037921152
latex |LaTeX ,-8.958198037921152
svg |SVG ,-8.958198037921152
reia |Reia ,-8.958198037921152
visitor |visitor ,-8.958198037921152
graph |graphs ,-8.958198037921152
openbase |Openbase ,-8.958198037921152
firebird |Firebird ,-8.958198037921152
potion |potion ,-8.958198037921152
zip |zip ,-8.958198037921152
step |steps ,-8.958198037921152
stability |stability ,-8.958198037921152
rdoc |RDoc ,-8.958198037921152
totally |totally ,-8.958198037921152
demanding |demanding ,-8.958198037921152
mongel |Mongel ,-8.958198037921152
reply |reply ,-8.958198037921152
login |login ,-8.958198037921152
width |width ,-8.958198037921152
portability |portability ,-8.958198037921152
redcloth |RedCloth ,-8.958198037921152
tex |TeX ,-8.958198037921152
