restoration safety seasonal security systems vapor barriers walls window |Restoration Safety Seasonal Security Systems Vapor Barriers Walls windows ,2.8628437994350975
acme media property contact us div class stat counter |Acme Media Property Contact Us div class stat counter ,2.827584027446206
gratis versus libre long-term support open-source software outline spdx |Gratis versus libre Long-term support Open-source software Outline SPDX ,2.8223025839437157
proc new x closure value x proc new closure |Proc new x closure value x Proc new closure ,2.8069745507379276
garbage collection first-class continuations strict boolean coercion rule |Garbage collection First-class continuations Strict boolean coercion rules ,2.6013292013157367
ext js jquery meteor prototype rico script aculo |Ext JS jQuery Meteor Prototype Rico script aculo ,2.594549336482663
wiki features text formatting anti spam measures diagram |Wiki Features Text Formatting Anti Spam Measures Diagrams ,2.5787981289375357
hd video conferencing and video collaboration tool postbox |HD Video conferencing and video Collaboration tool Postbox ,2.565815788905702
rails based project management software rails project management |Rails based project management software rails project management ,2.5638961718133335
en wikipedia org w index php title category |en wikipedia org w index php title Category ,2.4897132551209626
dmoz v t e ruby programming language implementation |DMOZ v t e Ruby programming language Implementations ,2.460869790220241
code v t e ruby programming language implementation |code v t e Ruby programming language Implementations ,2.460575908453606
hierarchical wikis directory structure file upload history |hierarchical wikis directory structure File upload History ,2.245010423047081
jquery plugin project mgmt tool web tool |jQuery Plugin Project Mgmt tool web tools ,2.2412938794058443
www ruby-toolbox com categories wiki apps thursday |Www Ruby-Toolbox Com Categories Wiki Apps Thursday ,2.2410290475992345
ruby |RUBY |ruby |Ruby ,2.2349827178313135
source enterprise wiki and content-oriented application platformradrail |Source Enterprise Wiki and Content-Oriented Application PlatformRadRails ,2.234452405192792
ruby and rails applicationspbworks online collaboration workspace |Ruby and Rails applicationsPBworks Online Collaboration Workspace ,2.2328925409711915
ruby and rails based project management tool |Ruby and Rails based project management tool ,2.2328280947536707
b c d e f http blog |b c d e f http blog ,2.1535267838434757
open-source software hosting facilities formerly proprietary software |open-source software hosting facilities Formerly proprietary software ,2.1466483755258614
rails rubygems rubyspec s shoes gui toolkit |Rails RubyGems RubySpec S Shoes GUI toolkit ,2.1379540374853625
method missing and const missing native thread |method missing and const missing Native threads ,2.134984439826381
language c programming language family free software |language C programming language family Free software ,2.1334495802463707
dyi energy efficiency energy efficient faucet |DYI energy efficiency energy efficient Faucets ,2.0757082410150187
rail |Rails |rails |RAILS ,2.0011768351528048
regular expression search revision control export |Regular expression search Revision Control Export ,1.9201768000583401
small blog yet simple wiki engine |small blog yet simple wiki engine ,1.91443808151799
edit move or delete pages page |Edit move or delete pages Page ,1.907358078173699
commit and diff view multilingual support |commit and diff view multilingual Support ,1.9045692754823234
dynamic reflective object-oriented general-purpose programming language |dynamic reflective object-oriented general-purpose programming language ,1.8754373207986106
b c d e f bini |b c d e f Bini ,1.8256449136983817
age name age end def person |age name age end def person ,1.820055758430694
class parseerror exception def initialize input |class ParseError Exception def initialize input ,1.819922640762074
first english language mailing list ruby-talk |first English language mailing list ruby-talk ,1.8100212626877665
javascript libraries prototype and script aculo |JavaScript libraries Prototype and Script aculo ,1.8044380245091378
faster development mode and routing engine |faster development mode and routing engine ,1.8044380245091378
color code define method in color |color code define method in color ,1.8038321039687946
web services actionpack activesupport and actionmailer |web services ActionPack ActiveSupport and ActionMailer ,1.8037865810519278
c and vb net property member |C and VB NET property members ,1.8037565098502923
regular expressions and symbols embedding code |regular expressions and symbols Embedding code ,1.8035520149586006
well-known software engineering patterns and paradigm |well-known software engineering patterns and paradigms ,1.803523631628036
bytecode compiler and most core class |bytecode compiler and most core classes ,1.8033846870517116
first english language book programming ruby |first English language book Programming Ruby ,1.799743392980925
lucky stiff other application archives document |lucky stiff Other Application Archives Document ,1.750914589320721
neighbors painting permits planning remodel |neighbors Painting Permits Planning remodel ,1.7145808928360895
method |methods |Methods |method ,1.6788712642822867
incredibly important internal dogfooding group |incredibly important internal dogfooding group ,1.6621558853768392
recent posts understanding pavement installation |Recent Posts Understanding pavement installation ,1.6353476429260865
png jpeg conversion auto-generated table |PNG JPEG conversion Auto-generated table ,1.6338313326740568
rails based project management software |Rails based project management software ,1.6292906034497983
redmine refinery cms r cont |Redmine Refinery CMS R cont ,1.6211988482993
recently revised pages multiple web |recently revised pages Multiple webs ,1.5813929837125684
wiki or pages section editing |wiki or pages Section editing ,1.5782169779409148
rails applicationspbworks online collaboration workspace |Rails applicationsPBworks Online Collaboration Workspace ,1.575268473183624
bliki rails wiki rawiki rawiki |bliki Rails Wiki RaWiki RaWiki ,1.5747885325649569
rails based project management tool |Rails based project management tool ,1.5745031980053656
object-oriented imperative functional reflective designed |object-oriented imperative functional reflective Designed ,1.5692506699286493
class |classes |Class |class ,1.5686045437587888
session cookie persistence security flaw |session cookie persistence security flaw ,1.5566665410990799
open-source graphics device driver comparison |open-source graphics device driver Comparison ,1.5485683692151306
yukihiro matsumoto developer yukihiro matsumoto |Yukihiro Matsumoto Developer Yukihiro Matsumoto ,1.5459911196155882
kaspersky lab security news service |Kaspersky Lab Security News Service ,1.5433804778519757
dynamic major implementations ruby mri |dynamic Major implementations Ruby MRI ,1.5419284116006868
language |languages |language ,1.5370665769614509
model view controller mvc pattern |model view controller MVC pattern ,1.51284415527138
major platforms large standard library |major platforms Large standard library ,1.51056550236214
comparison operator so array sort |comparison operator so Array sort ,1.5095065989513756
matsumoto |Matsumoto ,1.5068787812819286
edit |edit ,1.505569855131085
potentially dated statements commons category |potentially dated statements Commons category ,1.4972170377561052
j jekyll software j cont |J Jekyll software J cont ,1.4926293666906771
open-source software general alternative term |open-source software General Alternative terms ,1.4916829590233336
single-quoted string collections edit constructing |single-quoted string Collections edit Constructing ,1.490463985947795
trabb pardo-knuth algorithm implementations edit |Trabb Pardo-Knuth algorithm Implementations edit ,1.4901363296511747
variable scope global class instance |variable scope global class instance ,1.4861990233243836
file name or database table |file name or database table ,1.4844271669070328
genuine object-oriented easy-to-use scripting language |genuine object-oriented easy-to-use scripting language ,1.483782994143537
true object-oriented language oo feature |true object-oriented language OO features ,1.4811909014693858
open source web application framework |open source web application framework ,1.4776896456561823
rails core team initial release |Rails Core Team Initial release ,1.4751152577408957
exception handling and garbage collection |exception handling and garbage collection ,1.4728150817376058
def remember a block block |def remember a block block ,1.4721037567592423
cgi fastcgi or mod ruby |CGI FastCGI or mod ruby ,1.4699462409509794
modern ruby versions and implementation |Modern Ruby versions and implementations ,1.4685032741617154
ruby on rails original author |Ruby on Rails Original author ,1.4682225645139615
ruby repl ruby draft specification |Ruby REPL Ruby Draft Specification ,1.4680456724189275
object-oriented scripting language ruby ruby |Object-oriented Scripting Language Ruby Ruby ,1.4677684167853196
code |code |Code ,1.4620447244704504
end |end ,1.4547379970351102
put |puts ,1.4300230802016194
variable |Variables |variable |variables ,1.4220268684023
expression |expression |expressions ,1.3729845754586556
object |object |objects ,1.3660497666377576
statement |statement |statements ,1.3639889110036016
block |block |blocks |Blocks ,1.3581198644297339
rss feed pinterest google |RSS Feed Pinterest Google ,1.3275110975984492
list |list |Lists |lists ,1.3221579505594752
david heinemeier hansson |David Heinemeier Hansson ,1.3060444390534276
python |Python ,1.2896052481043834
perl |Perl ,1.2784284032793023
video collaboration tool postbox |video Collaboration tool Postbox ,1.2780698301738935
usemod compatible rendering engine |UseMod compatible rendering engine ,1.2712716559030173
namespace password-protected pages author |namespace Password-protected Pages Authors ,1.2679984608837065
yukihiro |Yukihiro ,1.2672492352766627
step-by-step process lifestyle question |step-by-step process Lifestyle Questions ,1.2654849519775755
const missing native thread |const missing Native threads ,1.2600715001203702
model view controller mvc |model view controller MVC ,1.2586677783532496
irwi wiki signal-wiki signal-wiki |irwi Wiki Signal-wiki Signal-wiki ,1.2565422783161184
diff view multilingual support |diff view multilingual Support ,1.2554749321141692
www ruby-lang org thursday |Www Ruby-Lang Org Thursday ,1.2552797602372414
application |application |Application |applications ,1.2552467951692057
engine softwarerails project management |engine softwarerails project management ,1.2543819696033733
world |World |world ,1.2526056040917832
wiki engine gollum gollum |Wiki Engine Gollum Gollum ,1.2520594242679317
arithmetic custom dispatch behavior |arithmetic Custom dispatch behavior ,1.2504938545268534
different kind collaborative software |different kind collaborative software ,1.2498699961613693
catalyst mvc web framework |Catalyst MVC web framework ,1.2485947724239068
wiki system management tool |wiki system management tool ,1.2484050697191602
feature |features |feature |Features ,1.2457062388386695
engine software wiki software |engine software wiki software ,1.244976256989493
creole and markdown markup |Creole and Markdown markup ,1.2439077455415786
number |numbers |number ,1.2353769345794654
specific external web-browser request |specific external web-browser request ,1.2351696215772265
exception |Exception |exceptions |exception ,1.2337021062122329
speedy renaming |speedy renaming ,1.2303284990470775
popular third party gem |popular third party gems ,1.2289441519414406
closure |closures |closure |Closures ,1.227169981977766
ruby on rail |Ruby on Rails ,1.2246216302699668
valid floating point literal |valid floating point literals ,1.2234510904981
implementation |implementation |implementations ,1.222880402848095
closure dojo toolkit ember |Closure Dojo Toolkit Ember ,1.2141996185935264
vb net property member |VB NET property members ,1.2141996185935264
functional object-oriented and imperative |functional object-oriented and imperative ,1.212507624719199
blade nagaokaut ac jp |Blade nagaokaut ac jp ,1.2067103318136334
model |models |model ,1.1989590930203005
repl centralized package management |REPL Centralized package management ,1.1978168037625108
de facto reference interpreter |de facto reference interpreter ,1.1978168037625108
function |functions |function ,1.1927464614178325
surprise |surprise |surprises ,1.1927464614178325
return |return |returns ,1.1927464614178325
japanese industrial standards committee |Japanese Industrial Standards Committee ,1.190899615278304
line line position po |line line position pos ,1.1870832354249488
good user interface design |good user interface design ,1.1853658644909388
japanese-language ruby-list mailing list |Japanese-language ruby-list mailing list ,1.1829942570106393
syntax |syntax |Syntax |syntaxes ,1.1826466653193939
version control repository hosting |version control repository hosting ,1.1822531296730459
publicly exposed instance variable |publicly exposed instance variable ,1.1795065989513756
subsequent unexpected result |subsequent unexpected results ,1.1790902855518084
operator overloading built-in support |Operator overloading Built-in support ,1.1782510420500405
development status active written |Development status Active Written ,1.1776497894494014
create set and get |create set and get ,1.1745895365728385
raise parseerror new foo |raise ParseError new Foo ,1.1738726897787186
google tech talk |Google Tech Talks |Google Tech Talk ,1.1735375100532688
english-language ruby-talk mailing list |English-language ruby-talk mailing list ,1.1715648233706422
yukihiro matsumoto |Yukihiro Matsumoto ,1.1714554316037877
group person new bob |group Person new Bob ,1.1711362196091424
high-profile consumer web firm |high-profile consumer web firms ,1.1687646121288429
machine |machine |machines ,1.1684196209798456
ruby-talk |ruby-talk ,1.1684196209798456
hansson |Hansson ,1.1684196209798456
david heinemeier hansson developer |David Heinemeier Hansson Developer ,1.1683997494395661
native package management system |native package management system ,1.1680428185478822
open standards promotion center |Open Standards Promotion Center ,1.166368555086891
web services actionpack activesupport |web services ActionPack ActiveSupport ,1.1648584351024673
classic hello world example |Classic Hello world example ,1.1648584351024673
accessor methods attr writer |accessor methods attr writer ,1.1632308613414777
further reading edit metz |Further reading edit Metz ,1.1629770195622406
c bytecode virtual machine |C bytecode virtual machine ,1.1627277930880808
well-known software engineering pattern |well-known software engineering patterns ,1.1608860516858144
ruby official source repository |Ruby official source repository ,1.160142743164831
file open file txt |File open file txt ,1.1594679108060693
action web service package |Action Web Service package ,1.1585484568290916
argument |argument |arguments ,1.1583439107878197
configuration |configurations |Configuration |configuration ,1.1583439107878197
age |age ,1.1583439107878197
def |def ,1.1583439107878197
cultural works free license |Cultural Works Free license ,1.1582001788075091
rack web server interface |Rack web server interface ,1.1570601320462142
block local variables variable |block local variables variables ,1.1567551955264757
agile scalable web application |agile scalable web applications ,1.1553516797568184
double-quoted string block string |double-quoted string BLOCK Strings ,1.154840981115472
fff class string color |fff class String COLORS ,1.1534556728248742
class and method definition |class and method definitions |Class and method definitions ,1.1523479786371147
swapping-in alternative templating language |swapping-in alternative templating languages ,1.1513728239399805
philosophy edit yukihiro matsumoto |Philosophy edit Yukihiro Matsumoto ,1.150355302578796
reception edit scalability edit |Reception edit Scalability edit ,1.150355302578796
e end metaprogramming edit |e end Metaprogramming edit ,1.1497243132111785
object or functional programming |object or functional programming ,1.148013046676223
article |articles |article |Articles ,1.1478717347210134
drawings scm integration |Drawings SCM integration ,1.147482942119601
extensible hackable architecture |extensible hackable architecture ,1.147482942119601
software portal free software |software portal Free software ,1.145726139463077
rails core team profile |Rails core team profiles ,1.1441985970727935
rails logo trademark status |Rails Logo Trademark Status ,1.143816873772544
introspection reflection and metaprogramming |introspection reflection and metaprogramming ,1.1420161579989865
programmer productivity and fun |programmer productivity and fun ,1.1419883986415915
game design and modification |game design and modification ,1.1418267309375174
custom gems and configuration |custom gems and configurations ,1.1417746342761215
view paths and model |view paths and models ,1.1416481062339328
lisp perl and python |Lisp Perl and Python ,1.141243144334646
intercepting and modifying method |intercepting and modifying method ,1.1411475754890945
philosophy and design edit |Philosophy and design edit ,1.1407320475866187
blocks and iterators edit |Blocks and iterators edit ,1.1405507975969338
class and module name |Class and module names ,1.140476951853956
powerruby brings enterprise ruby |PowerRuby Brings Enterprise Ruby ,1.1395358114274932
newsgroup comp lang ruby |newsgroup comp lang ruby ,1.1394580988325225
ruby http blade nagaokaut |Ruby http blade nagaokaut ,1.1392927259129872
ruby game scripting system |Ruby Game Scripting System ,1.1392741886781632
ruby subversion source repository |Ruby Subversion source repository ,1.139175439236788
c interactive ruby shell |C Interactive Ruby Shell ,1.1391195186251002
code demonstrating ruby syntax |code demonstrating Ruby syntax ,1.139102658856283
ruby author yukihiro matsumoto |Ruby author Yukihiro Matsumoto ,1.1390901185323692
ruby s design force |Ruby s design forces ,1.1390408331615514
simple ruby web server |simple Ruby web server ,1.138973323643438
languages ruby forum gateway |Languages Ruby Forum gateway ,1.1388172549266307
example |Example |Examples |example ,1.1382385223717806
python and ruby perl |Python and Ruby Perl ,1.1379412677750151
ruby on rails guide |Ruby on Rails Guides ,1.1376829203394825
array |arrays |array ,1.1351510026864275
rescue |rescue ,1.1200724014792416
string |string |strings ,1.1200200796448918
david |David ,1.1175029379112735
chris lattner |Chris Lattner ,1.104113172066409
double-quoted string n |double-quoted string n ,1.0934182763631308
hd video conferencing |HD Video conferencing ,1.0885654317720055
normal steady state |normal steady state ,1.085708241015019
compiler optimization ninja |compiler optimization ninjas ,1.085708241015019
blade nagaokaut |blade nagaokaut ,1.0809172277882146
attr reader |attr reader ,1.0809172277882146
equivalent |equivalent ,1.076952697848677
japanese |Japanese ,1.076952697848677
java |Java ,1.073726226693066
color |COLORS |color |colors ,1.0634081345981174
line |line ,1.059979538791716
view |views |view ,1.058232985496161
bsd |BSD ,1.0540252830419932
ruby-talk mailing list |Ruby-Talk mailing list |ruby-talk mailing list ,1.040225972513061
wiki engine app |Wiki Engine apps ,1.0372933906927004
git |Git ,1.0366935312265793
hash |Hash |hash ,1.0337220480007456
information-technology promotion agency |Information-Technology Promotion Agency ,1.0296790142929453
russian doll caching |Russian Doll Caching ,1.0296790142929453
scala |Scala ,1.0275806559758311
proc |Proc |proc ,1.0275806559758311
print |prints ,1.0275806559758311
route |routes |route ,1.0275806559758311
point |point ,1.0275806559758311
software |software ,1.0237263960704792
wiki |wiki |Wikis ,1.0199391156087674
controller |controller ,1.0130398973704513
database |database ,1.0130398973704513
principle |principle |principles ,1.0130398973704513
embed dot graphic |Embed Dot Graphics ,1.012814347039383
ruby and rail |Ruby and rails |Ruby and Rails ,1.011582568131414
fully backward compatible |fully backward compatible ,1.0093047500303731
entire middleware infrastructure |entire middleware infrastructure ,1.0093047500303731
semantic versioning |Semantic Versioning |semantic versioning ,1.0084445030121976
clause |clause ,1.0011200207801052
rawiki ruse ruse |RaWiki Ruse Ruse ,0.9903695811926799
ironruby |IronRuby ,0.9889486985678316
hot |Hot |hot ,0.9834285081781486
automatic query explain |Automatic Query Explain ,0.9779597280879543
rubygems implemented |RubyGems Implemented ,0.9735996782675275
ios counterpart |iOS counterpart ,0.9735996782675275
water |water ,0.9698405226427647
sort |sort ,0.9698405226427647
irb |irb ,0.9698405226427647
getter |getter ,0.9698405226427647
constant |constant |constants ,0.9698405226427647
inheritance |inheritance ,0.9698405226427647
true |true ,0.9698405226427647
iterator |iterators ,0.9698405226427647
linux |Linux ,0.9679735798509606
default |default ,0.967413013661377
per-string character encoding |per-string character encodings ,0.9656456123248612
objective-c runtime cardinal |Objective-C runtime Cardinal ,0.9656456123248612
native plug-in api |Native plug-in API ,0.9656456123248612
no starch press |No Starch Press ,0.9656456123248612
content management system |Content management system |content management system ,0.9654558766209108
smalltalk |Smalltalk ,0.9648737309382313
hello world |Hello World ,0.9636348501126857
programmer |programmer ,0.9618605643018331
begin |begin ,0.9618605643018331
table |tables |Tables |table ,0.9598748266885817
gem |gems |gem ,0.959668952427602
module |module |modules |Module ,0.959668952427602
version |versions |Versions |version ,0.9581163562694875
def create set |def create set ,0.957970371478762
open source ide |open source IDE ,0.9565277837503122
asynchronous processing type |asynchronous processing type ,0.954973378663514
internationalization color diff |Internationalization Color diffs ,0.9471634069377767
rpg maker series |RPG Maker series ,0.945635174209835
boolean non-boolean datatype |Boolean non-boolean datatypes ,0.945635174209835
tech android app |Tech Android Apps ,0.9439497245551806
text formatting rule |Text Formatting Rules ,0.9425524713453562
open source ruby |open source Ruby ,0.9410477853279949
hello |Hello ,0.9397051965601773
difference |difference |Differences |differences ,0.9385853425999606
mover recent comment |Mover Recent Comments ,0.9373955820448241
holzner ph d |Holzner Ph D ,0.9373955820448241
source |source |sources ,0.9352667266583652
typing discipline duck |Typing discipline duck ,0.9348958151456136
chri |Chris ,0.9346434812291321
authoritative community member |authoritative community members ,0.9300715001203701
robey pointer interview |Robey Pointer interview ,0.9300715001203701
pages section editing |pages Section editing ,0.9290570500992474
simple git repository |simple Git repository ,0.9271826860372878
design tool dev-tool |Design tool dev-tools ,0.925152714392826
access control list |Access control lists ,0.9244380815179899
simplest wiki setup |simplest wiki setup ,0.9235964027987386
source job boardxwiki |source job boardXWiki ,0.923035283652571
content-oriented application platformradrail |Content-Oriented Application PlatformRadRails ,0.923035283652571
disable wiki formatting |disable wiki formatting ,0.923035283652571
wiki git-wiki git-wiki |Wiki Git-wiki Git-wiki ,0.9226899795626217
delete pages page |delete pages Page ,0.9226899795626217
decimal point |decimal point ,0.9225129696288039
basic wiki clone |basic Wiki clone ,0.9220594242679317
potentially dated statement |potentially dated statements ,0.9219472156957542
create separate wiki |Create separate wikis ,0.920877133090388
public site wiki |public site wikis ,0.9205414207807151
java application developerssubstruct |java application developerssubstruct ,0.9199394538806119
simple wiki plugin |Simple wiki plugin ,0.9199394538806119
olelo wiki feature |olelo Wiki Features ,0.9191775895226689
instiki wiki feature |instiki Wiki Features ,0.918883001970931
html or markup |HTML or markup ,0.9185463304832304
source enterprise wiki |Source Enterprise Wiki ,0.917655959606667
japanese domestic newsgroup |Japanese domestic newsgroups ,0.9176205608487982
active record observer |Active Record Observer ,0.9176205608487982
single unambiguous place |single unambiguous place ,0.9176205608487982
japanese government agency |Japanese government agency ,0.9176205608487982
revision control software |revision control software ,0.9174689817225886
email management software |email management software ,0.9172099245778542
digital mar |Digital Mars ,0.9164986954169481
japanese-language ruby-list |Japanese-language ruby-list ,0.9164986954169481
alex payne |Alex Payne ,0.9164986954169481
keiju ishitsuka |Keiju Ishitsuka ,0.9164986954169481
multiple markup language |Multiple markup languages ,0.9156553470562366
signal wiki rail |Signal Wiki rails ,0.9136257472014532
rails based wiki |Rails based wiki s ,0.913472548908025
portability and stability |portability and stability ,0.9134088603774614
ruby syntax highlighting |Ruby Syntax Highlighting ,0.9127299047813221
format ruby code |format Ruby code ,0.91266369510247
online chat session |online chat session ,0.9074334287175121
multiple character encoding |multiple character encodings ,0.9074334287175121
reversible database migration |Reversible Database Migrations ,0.9074334287175121
group sort reverse |group sort reverse ,0.9074334287175121
automatic memory management |automatic memory management ,0.9057607825561435
pragmatic bookshelf |Pragmatic Bookshelf ,0.9048114428857201
dynamic scope lexical |dynamic Scope lexical ,0.9040774251176407
default javascript library |default JavaScript library ,0.9038983467527152
behavior |behavior |behaviors ,0.9029974014705565
discussion |discussion ,0.9029974014705565
website www ruby-lang |Website www ruby-lang ,0.9026044873589508
instance variable |instance variable |instance variables ,0.902032370030265
rubiniu |Rubinius ,0.9013932652339438
span |span ,0.9003284990470776
element |element ,0.9003284990470776
sigil |sigils |sigil ,0.9003284990470776
mixin |mixins ,0.9003284990470776
key |key ,0.9003284990470776
message |message |messages ,0.9003284990470776
runtime |runtime ,0.9003284990470776
sum |sum ,0.9003284990470776
prototype |Prototype ,0.9003284990470776
creator |Creator |creator ,0.9003284990470776
preceding |preceding ,0.9003284990470776
nthi |nThis ,0.9003284990470776
inject |inject ,0.9003284990470776
e-mail |E-mail |e-mail ,0.9003284990470776
template |templates |Templates ,0.9003284990470776
runtimeerror |RuntimeError ,0.9003284990470776
uspto |USPTO ,0.9003284990470776
local |local ,0.9003284990470776
pair |pair ,0.9003284990470776
programming |programming ,0.899489054271262
irb irb main |irb irb main ,0.8989441519414403
active record pattern |active record pattern ,0.8989441519414403
flow control keyword |flow control keywords ,0.8989441519414403
file |files |file ,0.8974180273205744
scope |scopes |scope ,0.8957237596653606
simple english-language homepage |simple English-language homepage ,0.8952088701599688
rescue runtimeerror timeout |rescue RuntimeError Timeout ,0.8917609177463026
dynamic type system |dynamic type system ,0.8904683100514356
scope resolution operator |scope resolution operators ,0.8885683692151304
multiple programming paradigm |multiple programming paradigms ,0.8882797630024613
yukihiro matz matsumoto |Yukihiro Matz Matsumoto ,0.8873745969414292
isbn |ISBN ,0.8867962584258904
reverse age order |reverse age order ,0.8856038598647561
top level scope |top level scope ,0.8856038598647561
speedy renaming section |speedy renaming section ,0.8828437994350973
page |Pages |page |pages ,0.8828167417496677
attr accessor define |attr accessor defines ,0.8802677430340824
phusion passenger |Phusion Passenger ,0.8784056729168834
water wet |water wet ,0.8784056729168834
session cookie |session cookie ,0.8784056729168834
scriptaculous javascript control |Scriptaculous JavaScript controls ,0.8778578838202298
mailer preview |Mailer previews ,0.8767016852185776
manning publication |Manning Publications ,0.8767016852185776
encyclopedia jump |encyclopedia Jump ,0.8758896367699412
official deployment instruction |Official deployment instructions ,0.8755986408072429
previous line redundant |previous line redundant ,0.8755986408072429
rpg maker engine |RPG Maker engine ,0.873476321613225
merb |Merb ,0.8723444604320656
open-source |open-source ,0.8723444604320656
restful web service |RESTful web services ,0.8718710705688258
design |design ,0.8714968524718437
server |server ,0.8714968524718437
interactive command-line interpreter |interactive command-line interpreter ,0.8714788447247376
visual effects library |visual effects library ,0.8714788447247376
fire |fire ,0.8711402883296558
macruby |MacRuby ,0.8711402883296558
mri |MRI ,0.8711402883296558
neon design technology |Neon Design Technology ,0.8695955093727351
phusion passenger module |Phusion Passenger module ,0.8678168037625105
additional lambda syntax |additional lambda syntax ,0.8678168037625105
nested model form |nested model forms ,0.8678168037625105
developer alex payne |Developer Alex Payne ,0.8661342444014872
faster development mode |faster development mode ,0.8661342444014872
primary design goal |primary design goal ,0.8661342444014872
user interface aspect |user interface aspects ,0.8661342444014872
japan |Japan ,0.8622302670897896
slower virtual machine |slower virtual machine ,0.8615913341267245
parrot virtual machine |Parrot virtual machine ,0.8615913341267245
interview |interview |Interview ,0.8610791669776365
plugin |Plugins |plugins |plugin ,0.860689022234481
standard css templating |standard CSS templating ,0.8602247676213082
begin statement end |begin statement end ,0.8592431731020352
age def initialize |age def initialize ,0.8589232757113877
ruby-specific virtual machine |Ruby-specific virtual machine ,0.8589232757113877
simple rescue clause |simple rescue clause ,0.8564977680610815
basic development environment |basic development environment ,0.8564977680610815
app models directory |app models directory ,0.8553658644909385
idea |ideas |idea ,0.8547492753168922
git-wiki |Git-wiki ,0.854645826848687
book |books |book ,0.8526364483188116
ruby-based queuing system |Ruby-based queuing system ,0.8522531296730456
entire session hash |entire session hash ,0.8513002516675682
two-clause bsd license |two-clause BSD license ,0.8495065989513754
common development task |common development tasks ,0.8495065989513754
write mode file |write mode file ,0.8495065989513754
asset pipeline |Asset Pipeline ,0.8490902855518083
gartner research |Gartner Research ,0.8490902855518083
declarations succinct |declarations Succinct ,0.8490902855518083
traditional fashion |traditional fashion ,0.8490902855518083
experiences hard-won |experiences hard-won ,0.8490902855518083
business insider |Business Insider ,0.8490902855518083
nec up-ux |NEC UP-UX ,0.8490902855518083
hiroshi sugihara |Hiroshi Sugihara ,0.8490902855518083
heavy lifting |heavy lifting ,0.8490902855518083
lesser extent |lesser extent ,0.8490902855518083
allan hardy |Allan Hardy ,0.8490902855518083
polite protest |polite protest ,0.8490902855518083
simon st |Simon St ,0.8490902855518083
individual background |individual background ,0.8490902855518083
rest admiration |REST admiration ,0.8490902855518083
tagged logging |Tagged Logging ,0.8490902855518083
appeal diy |appeal diy ,0.8490902855518083
ryan king |ryan king ,0.8490902855518083
maya stodte |Maya Stodte ,0.8490902855518083
so-called gotcha |so-called gotchas ,0.8490902855518083
sal caruso |Sal Caruso ,0.8490902855518083
carneiro jr |Carneiro Jr ,0.8490902855518083
downcase split |downcase split ,0.8490902855518083
tireless effort |tireless effort ,0.8490902855518083
lightweight soap |lightweight SOAP ,0.8490902855518083
parametric polymorphism |parametric polymorphism ,0.8490902855518083
unnecessary duplication |unnecessary duplication ,0.8490902855518083
well-grounded rubyist |Well-Grounded Rubyist ,0.8490902855518083
unearthing proto-ruby |unearthing proto-Ruby ,0.8490902855518083
bill venner |Bill Venners ,0.8490902855518083
evan weaver |evan weaver ,0.8490902855518083
object-relational mapping system |object-relational mapping system ,0.8486615125754768
empty e g |empty e g ,0.8486615125754768
slideshow rubyforge org |Slideshow rubyforge org ,0.8470652383098907
rubyonrails org |Rubyonrails org |RubyonRails org |rubyonrails org ,0.8463597150748767
variable data type |variable data type ,0.8463106359297954
javascript libraries prototype |JavaScript libraries Prototype ,0.8455829836347035
standard output format |standard output formats ,0.8448808629990886
additional references article |additional references Articles ,0.8442029534198742
no icu support |no ICU support ,0.8442029534198742
stat counter |stat counter ,0.8435375100532689
practical object-oriented design |Practical Object-Oriented Design ,0.8429149252193667
trademark status |Trademark Status ,0.8423178846980395
major alternate implementation |major alternate implementations ,0.8417099956124403
routes configuration file |routes configuration file ,0.8417099956124403
different operating system |different operating systems ,0.8411362196091421
argument e g |argument e g ,0.840580374105947
file user rb |file user rb ,0.840580374105947
server using mechanism |server using mechanisms ,0.839519214508938
database column name |database column names ,0.838042818547882
project management tool |project management tool ,0.838042818547882
block call jon |block call Jon ,0.838042818547882
standard library documentation |Standard Library Documentation ,0.8371278689382136
prototype javascript framework |Prototype JavaScript framework ,0.8371278689382136
private instance variable |private instance variable ,0.8371278689382136
explicit return statement |explicit return statement ,0.8366894555835808
interactive ruby shell |Interactive Ruby Shell ,0.8364966926893737
initially two name |Initially two names ,0.8362630535537324
symbols embedding code |symbols Embedding code ,0.8350511741004791
rails-related trademark application |Rails-related trademark applications ,0.8346681992083256
optional block argument |optional block argument ,0.8346681992083256
action |action |actions ,0.8339597905175237
get |get ,0.8339597905175237
pass |passes |pass ,0.8339597905175237
open-source android application |open-source Android applications ,0.8322426915580193
reference implementation mri |reference implementation MRI ,0.8310299377328663
preceding code print |preceding code prints ,0.8304639859477948
b c cooper |b c Cooper ,0.8299226407620742
major new development |major new developments ,0.8294043315417036
mysql or postgresql |MySQL or PostgreSQL ,0.8294043315417036
braces i e |braces i e ,0.8289076185388483
first public release |first public release ,0.8289076185388483
inject method iterate |inject method iterates ,0.8289076185388483
functionality or logic |functionality or logic ,0.8286669431663308
error or warning |error or warning ,0.828200178807509
following code fragment |following code fragment ,0.8279737980934804
rails trademark status |Rails Trademark Status ,0.8273864317653589
first mailing list |first mailing list ,0.8271118099900638
following code define |following code defines ,0.826705211828075
separate hash object |separate hash object ,0.826705211828075
wet fire |wet fire ,0.8266275419941942
os x implementation |OS X implementation ,0.8263136728572708
external web request |external web requests ,0.8261232915228431
method keyword argument |method keyword arguments ,0.8255725455196772
most-used web server |most-used web server ,0.8250505340905896
front-end web server |front-end web server ,0.8250505340905896
agile web development |Agile Web Development ,0.8247173985916847
passenger web server |Passenger web server ,0.8234914599557145
logical code block |logical code blocks ,0.8234914599557145
external links edit |External links edit ,0.8233491635068966
markup |markup ,0.823277413872241
object instance variable |object instance variable ,0.82241300265941
libraries edit rubygem |libraries edit RubyGems ,0.8216856258858232
perl and python |Perl and Python ,0.8216070865343456
number to i |number to i ,0.8210284122287512
open-source software package |open-source software packages ,0.8209125804791917
web application company |web application company ,0.82080815549229
framework structure edit |Framework structure edit ,0.8206035105515164
alternate implementations edit |Alternate implementations edit ,0.8205032345305372
platform support edit |Platform support edit ,0.8204042866687764
model class user |model class User ,0.8204042866687764
built-in string class |built-in String class ,0.8199285757949263
custom exception class |custom exception class ,0.8197467217646696
convention |Convention |convention ,0.8195513476822882
single-pass interpreted language |single-pass interpreted language ,0.8185921601307146
framework |frameworks |framework ,0.8185489331124192
references or source |references or sources ,0.8185168419068645
c or java |C or Java ,0.8180826049961758
c or perl |C or Perl ,0.8174832194731773
password protection |password protection ,0.8174829421196009
jquery |jQuery ,0.8173222372365981
matz |Matz ,0.8172618994346421
official ruby interpreter |official Ruby interpreter ,0.8170647135429071
simple lisp language |simple Lisp language ,0.8167122022747153
object-oriented scripting language |object-oriented scripting language ,0.8167122022747153
default javascript language |default Javascript language ,0.8163890111190613
ruby language faq |Ruby Language FAQ ,0.8158536078365334
simple |simple ,0.815153439400977
class-based programming language |Class-based programming languages ,0.8146356663879827
multi-paradigm programming language |multi-paradigm programming language ,0.8145990794565983
functional programming language |functional programming languages ,0.8144910678384475
open classes edit |Open classes edit ,0.8143856076758437
similar programming language |similar programming languages ,0.8141489620747006
lisp |Lisp |LISP ,0.8136090316488486
notation |notation ,0.813049453188406
ishitsuka |Ishitsuka ,0.813049453188406
nil |nil ,0.813049453188406
payne |Payne ,0.813049453188406
digit |digit |digits ,0.813049453188406
familiar |familiar ,0.813049453188406
lattner |Lattner ,0.813049453188406
information |information ,0.813049453188406
initialize |initialize ,0.813049453188406
gpl |GPL ,0.813049453188406
metal |Metal ,0.813049453188406
remember |remember ,0.813049453188406
item |item ,0.813049453188406
spring |Spring ,0.813049453188406
api |API ,0.813049453188406
c programming language |C Programming languages ,0.8127223919697721
advanced rails recipe |Advanced Rails Recipes ,0.8122721944372346
rescue runtimeerror |rescue RuntimeError ,0.8122447278490028
rails usage trend |Rails Usage Trends ,0.8122322534429931
rails test case |Rails test cases ,0.8121152333370573
biggest rails site |biggest Rails site ,0.8120208078913453
ironruby rails question |IronRuby Rails Question ,0.8118049181814837
rails official website |Rails official website ,0.8117191652861975
official rails logo |official Rails logo ,0.8117191652861975
rails front end |Rails front ends ,0.8111650300768584
method in black |method in black ,0.8107260914343352
professional |Professional ,0.8106237913776843
haml and mustache |HAML and Mustache ,0.8105984423909047
coffeescript and sass |CoffeeScript and Sass ,0.8105535752640785
false and nil |false and nil ,0.8105314401516198
- a b |- a b ,0.8104554896511202
html and xml |HTML and XML ,0.8104554896511202
criticisms and comparison |criticisms and comparisons ,0.8104236455150261
macruby and mruby |MacRuby and mruby ,0.8103818258323562
enumerations and array |enumerations and arrays ,0.8103407194918214
smalltalk and java |Smalltalk and Java ,0.8102118357633292
output number to |output number to s ,0.8101735663941221
models and view |models and views ,0.8101452752346774
python and perl |Python and Perl ,0.8099565565593234
expressions and statement |expressions and statements ,0.8097907282893357
c and java |C and Java ,0.8097590532265291
c and perl |C and Perl ,0.8096894905885974
class and module |Class and Module ,0.8095713543972859
metaprogramming |metaprogramming ,0.8095599605916005
person |Person ,0.8095599605916005
classes and instance |classes and instances ,0.8095287783230278
c and c |C and C ,0.8094462825673597
method and method |method and methods ,0.8092181744011974
rails rails framework |Rails Rails framework ,0.8087410706229247
ruby jis ji |Ruby JIS JIS ,0.8085384275492498
online ruby textbook |online ruby textbook ,0.8085344801750527
ruby weekly news |Ruby Weekly News ,0.8085071390326181
ruby dynamic productivity |Ruby Dynamic Productivity ,0.8084802962964256
modern ruby version |Modern Ruby versions ,0.8084354010827061
ruby initial development |Ruby initial development ,0.8084134675431789
ironruby and rail |IronRuby and Rails ,0.8084062305885126
ruby unicode support |Ruby Unicode support ,0.8083776464359109
defunct ruby implementation |defunct Ruby implementations ,0.8083741137646044
net framework ruby |NET Framework Ruby ,0.8083427141898655
ruby application archive |Ruby Application Archive ,0.8083086381263213
sample ruby code |sample Ruby code ,0.80828859045682
ruby programming wikiversity |Ruby Programming Wikiversity ,0.808278675972994
basic ruby code |basic Ruby code ,0.8082721062787537
following ruby code |following Ruby code ,0.8082238283890725
bibliography edit ruby |Bibliography edit Ruby ,0.8082143784920864
deployment edit ruby |Deployment edit Ruby ,0.8082081157504396
ruby web development |Ruby Web Development ,0.8081711517223261
example ruby code |example Ruby code ,0.8081620715216845
language name ruby |language name Ruby ,0.807889385773169
coral and ruby |Coral and Ruby ,0.8074470267224667
ruby and python |Ruby and Python ,0.8073961246459627
ruby-lang org |ruby-lang org |Ruby-lang org ,0.8067190312386374
change |change |changes ,0.8006612475188439
unsourced material |Unsourced material ,0.7914223776506408
git repository |Git repository ,0.7883911132356015
mac os x |Mac OS X ,0.7872428835194797
create set |create set ,0.7867982105152026
engine |Engines |engine |engines ,0.7758660555219654
apres |Apress |APress ,0.7713759771345166
clu |CLU ,0.7645463368713582
ioke |Ioke ,0.7645463368713582
java virtual machine |Java Virtual Machine |Java virtual machine ,0.7633385489673549
instiki |Instiki ,0.7627369797297961
support |support ,0.7581712770884073
sum element |sum element ,0.7523360283486697
joomla stat |joomla stats ,0.7523360283486697
set |set ,0.7509172277882147
member |member |members ,0.7509172277882147
blade |blade ,0.7509172277882147
olelo |Olelo ,0.745204048803168
work |work ,0.7397688451586357
image captcha |image captchas ,0.7389262616561405
pixel quantserve |pixel quantserve ,0.7389262616561405
ibm |IBM ,0.7386837713845369
window |Windows ,0.7369021247137801
index |index ,0.7368863954635236
developer |developer |Developers |developers ,0.7276198864136769
eiffel |Eiffel ,0.7272740291656402
ada |Ada ,0.7272740291656402
syntactic sugar |syntactic sugar ,0.7245808928360893
dollars jane |dollars Jane ,0.7245808928360893
cooperative fiber |cooperative fibers ,0.7245808928360893
lazy evaluation |lazy evaluation ,0.7245808928360893
four level |Four levels ,0.7245808928360893
ahead-of-time compilation |ahead-of-time compilation ,0.7245808928360893
cgi fastcgi |CGI FastCGI ,0.7245808928360893
oo fan |OO fan ,0.7245808928360893
minimize confusion |minimize confusion ,0.7245808928360893
uncle sam |Uncle Sam ,0.7245808928360893
steve jenson |Steve Jenson ,0.7245808928360893
live streaming |Live Streaming ,0.7245808928360893
bath understanding |Bath Understanding ,0.7245808928360893
increasing awareness |increasing awareness ,0.7245808928360893
introspection reflection |introspection reflection ,0.7245808928360893
builtwith trend |BuiltWith Trends ,0.7245808928360893
just-in-time compilation |just-in-time compilation ,0.7245808928360893
optimized piece |optimized pieces ,0.7245808928360893
active resource |Active Resource ,0.7219355344471368
web server |web server ,0.7143628676552799
windows phone |Windows Phone ,0.7091353264885966
yarv |YARV ,0.7051169061628687
error |errors |error |Error ,0.7051169061628687
rule |rule |rules ,0.6996558979609129
pdf export |PDF export ,0.6996479214244102
sybase irwi |Sybase IRWI ,0.6996479214244102
web application framework |web application framework ,0.6966494927324511
mruby |mruby ,0.6965858564213555
revision control |Revision Control ,0.6963428227398665
renovate |Renovate ,0.6959404734624669
criticism |criticisms |criticism ,0.6959404734624669
colleague |colleague |colleagues ,0.6959404734624669
jon |Jon ,0.6959404734624669
warning |warning ,0.6959404734624669
llvm |LLVM ,0.6959404734624669
enum |Enums ,0.6959404734624669
problem |problems ,0.6959404734624669
mailer |Mailer ,0.6959404734624669
num |num ,0.6959404734624669
progress |progress ,0.6959404734624669
confusion |confusion ,0.6959404734624669
astonishment |astonishment ,0.6959404734624669
wrox |Wrox ,0.6959404734624669
standarderror |StandardError ,0.6959404734624669
suno |SunOS ,0.6959404734624669
streaming |Streaming ,0.6959404734624669
pola |POLA ,0.6959404734624669
fragment |fragment ,0.6959404734624669
objective-c |Objective-C ,0.6959404734624669
enumeration |enumeration |enumerations ,0.6959404734624669
variant |Variants ,0.6959404734624669
middleware |middleware ,0.6959404734624669
stack |stack ,0.6959404734624669
steve |Steve ,0.6959404734624669
sass |Sass ,0.6959404734624669
constructor |constructor ,0.6959404734624669
scaffolding |scaffolding ,0.6959404734624669
fact |fact ,0.6959404734624669
brace |braces ,0.6959404734624669
unicode |Unicode ,0.6959404734624669
false |false ,0.6959404734624669
zlib |zlib ,0.6959404734624669
coffeescript |CoffeeScript ,0.6959404734624669
ola |Ola ,0.6959404734624669
subclass |subclass |subclasses ,0.6959404734624669
berkeley |Berkeley ,0.6959404734624669
meaning |meaning ,0.6959404734624669
bob |Bob ,0.6959404734624669
bini |Bini ,0.6959404734624669
hal |Hal ,0.6959404734624669
component |component |components ,0.6959404734624669
var |var ,0.6959404734624669
argumenterror |ArgumentError ,0.6959404734624669
fiber |fibers ,0.6959404734624669
beo |BeOS ,0.6959404734624669
interest |interest ,0.6959404734624669
goal |goal ,0.6959404734624669
basecamp |Basecamp ,0.6959404734624669
greeting |Greeting ,0.6959404734624669
evaluation |evaluation ,0.6959404734624669
endoh |Endoh ,0.6959404734624669
aix |AIX ,0.6959404734624669
adoption |adoption |Adoption ,0.6959404734624669
invocation |invocation ,0.6959404734624669
collect |collect ,0.6959404734624669
yusuke |Yusuke ,0.6959404734624669
lenz |Lenz ,0.6959404734624669
activerecord |ActiveRecord ,0.6959404734624669
addison-wesley |Addison-Wesley ,0.6959404734624669
continuation |continuations ,0.6959404734624669
logic |logic ,0.6959404734624669
news-o |NEWS-OS ,0.6959404734624669
symbol |symbols ,0.6959404734624669
secret |secrets ,0.6959404734624669
solaris |Solaris ,0.6959404734624669
julia readthedoc |julia readthedocs ,0.689006780631598
structure |structure ,0.6883697153240371
standard |standards |standard ,0.6872336741211894
default configuration |default configuration ,0.6850121411800015
help |help ,0.6801318611031061
mysql |MySQL ,0.6784445030121975
configuration coc |Configuration CoC |configuration CoC ,0.6777166342267251
illegal argument |Illegal arguments ,0.6777166342267251
programmer productivity |programmer productivity ,0.6777166342267251
variety mark |variety mark ,0.6760809172853721
novice |Novice ,0.6747430592524433
ruby programming language |Ruby Programming Language |Ruby programming language ,0.6738210006761165
technique |technique |techniques ,0.6693270786969783
light |light |Lights ,0.6693270786969783
mapping |mappings |mapping ,0.6693270786969783
product |product |products ,0.6693270786969783
phrase |phrase ,0.6693270786969783
content |content |contents |Contents ,0.6685117560637921
jruby |JRuby ,0.663903764751042
high performance |high performance ,0.6623261964782297
hal fulton |Hal Fulton ,0.6623261964782297
growing interest |growing interest ,0.6623261964782297
production environment |production environment ,0.6623261964782297
usual constructor |usual constructor ,0.6623261964782297
global procedure |global procedures ,0.6623261964782297
script aculo |Script aculo ,0.6623261964782297
rubinius blog |Rubinius blog ,0.6623261964782297
bytecode compiler |bytecode compiler ,0.6623261964782297
magic global |magic global ,0.6623261964782297
anonymous function |anonymous function |anonymous functions ,0.6611345466440708
bliki bliki |bliki bliki ,0.66036958119268
release |releases |release ,0.6596442742710763
category |Category |category ,0.6522332245216161
reference |references |reference ,0.651997127829561
markdown |Markdown ,0.6519820177935749
rubyonrail |rubyonrails ,0.6513097136156394
tags editor |tags Editor ,0.6491471982693285
issue |issues ,0.6476470905187044
mongrel |Mongrel ,0.6476470905187044
citation |citations ,0.6476470905187044
output |output ,0.6476470905187044
keyword |keywords ,0.6476470905187044
point literal |point literals ,0.6471035494587478
history |history |History ,0.6453860161788756
primary purpose |primary purpose ,0.6415746310256099
documentation guru |documentation gurus ,0.6415746310256099
mysql ab |MySQL AB ,0.6415746310256099
different approach |different approach ,0.6415746310256099
rescue clause |rescue clause ,0.6408675507097155
inline documentation |inline documentation ,0.6407304110768149
markdown markup |Markdown markup ,0.6407304110768149
associative array |associative array ,0.6350769804427567
git-wiki olelo |Git-wiki Olelo ,0.6341840210381932
olelo wiki |Olelo Wiki ,0.6325524317849439
style |style ,0.630918802555385
webrick |WEBrick ,0.630918802555385
fancy |Fancy ,0.630901699303125
dylan |Dylan ,0.630901699303125
multi-paradigm |multi-paradigm ,0.630901699303125
imperative |imperative ,0.62981808456761
mac os |Mac OS ,0.6296857598493815
unconventional aspect |unconventional aspects ,0.6249733786635139
international organization |International Organization ,0.6249733786635139
special case |special case ,0.6249733786635139
const pointer |const pointer ,0.6249733786635139
scaling issue |scaling issues ,0.6249733786635139
threat post |Threat Post ,0.6249733786635139
computer engineer |computer engineers ,0.6249733786635139
practical utility |practical utility ,0.6249733786635139
sinatra stone |Sinatra Stone ,0.6246619991638344
embedded webserver |embedded webserver ,0.6246619991638344
comparison operator |comparison operator ,0.6246539539622312
controller action |controller actions |controller action ,0.6246539539622312
variety |variety ,0.6211288239260799
wikibook |Wikibooks ,0.618075264527278
markup language |markup languages ,0.6170406943164672
command line |command line ,0.6155338057917713
following assignment |following assignments ,0.6155338057917713
section |section ,0.6129991312415719
add entry |Add entry ,0.6113905358217991
industry-wide move |industry-wide move ,0.6113905358217991
huge difference |huge difference ,0.6113905358217991
move tab |Move tab ,0.6113905358217991
output number |output number ,0.6113882838961077
text markup |Text Markup ,0.6112716559030172
instiki instiki |Instiki Instiki ,0.6079984608837063
track change |Track changes ,0.6079984608837063
specific format |specific format ,0.6079984608837063
rack |Rack ,0.607491903642122
additional reference |additional references ,0.6074866162296008
recent post |Recent Posts ,0.6066202735071544
web service |web services ,0.6052405274538755
maglev |MagLev ,0.6051356764821008
internal link |Internal Links ,0.602305947806644
file txt |file txt ,0.6003335588410048
item map |item map ,0.6000715001203701
normal rule |normal rules ,0.6000715001203701
garbage collection |garbage collection ,0.6000715001203701
duck typing |duck typing ,0.6000715001203701
no distinction |no distinction ,0.6000715001203701
thread safety |thread safety ,0.6000715001203701
learning material |learning materials ,0.6000715001203701
reference tracker |Reference tracker ,0.5992699408322107
static page |static pages ,0.5986464751142467
initial year |initial years ,0.5980660070320045
external link |External Links ,0.597017419528599
multiple user |multiple users ,0.597017419528599
reference rs |reference RSS ,0.5965422783161184
sql server |SQL Server ,0.5965422783161184
gollum page |Gollum pages ,0.5965422783161184
file upload |file uploads ,0.5956758443404184
personal standard |personal standard ,0.5939334548617347
revisions run |revisions Runs ,0.5933090003092382
public |public ,0.5925129696288038
focus |focus ,0.5925129696288038
view page |View pages ,0.5918414131288102
editor support |editor Support ,0.5914320860920923
practical purpose |practical purposes ,0.5904938545268532
handler clause |handler clause ,0.5904938545268532
basic unit |basic unit ,0.5904938545268532
hotruby |HotRuby ,0.5904897027177757
rubymotion |RubyMotion ,0.5904897027177757
entire wiki |entire wiki ,0.5894151601289093
gollum wiki |Gollum Wiki ,0.5894151601289093
part |part ,0.589272500125674
wiki functionality |wiki functionality ,0.589177589522669
instiki wiki |Instiki Wiki ,0.5889544171349886
private wiki |Private wiki ,0.5889544171349886
github wiki |GitHub Wikis ,0.5883592907678412
wiki engine |Wiki engine ,0.5875609505192289
edit move |Edit move ,0.5863450169098038
languages tag |languages tags ,0.5845532500477123
rails irwi |Rails IRWI ,0.5832283364132459
gollum rail |Gollum Rails ,0.5832198860509532
rails cm |Rails CMS ,0.5832073980155531
simple rail |simple Rails ,0.5831712294980402
rails application |Rails application ,0.5830183740867151
single line |single line ,0.5829618480401287
cms ruby |CMS Ruby ,0.5824380202024035
related topic |Related topics ,0.5822844440181245
chaplin j |Chaplin js ,0.5822844440181245
uniq sort |uniq sort ,0.5822844440181245
boolean context |boolean contexts ,0.5822844440181245
program control |program control ,0.5822844440181245
optional message |optional message ,0.5822844440181245
passenger maxcer |Passenger Maxcer ,0.5822844440181245
english speaker |English speakers ,0.5822844440181245
operator |operators ,0.580161489206657
mruby influenced |Mruby Influenced ,0.5799691761524002
vendor plugin |vendor plugins ,0.5751696215772263
different aspect |different aspects ,0.5751696215772263
property descriptor |property descriptor ,0.5751696215772263
regular-expression search |regular-expression searches ,0.5751696215772263
functionality |functionality ,0.5748114428857201
git hub |Git Hub ,0.5740684212292622
expression statement |expression statement ,0.5706457711404499
use |use ,0.5701786080102947
e handling |e handling ,0.5699330649394718
app |Apps ,0.5694448223982665
corresponding route |corresponding route ,0.5689441519414403
additional citation |additional citations ,0.5689441519414403
authenticated session |authenticated session ,0.5689441519414403
christmas day |Christmas Day ,0.5689441519414403
windows ce |Windows CE ,0.5689441519414403
crash behavior |crash behavior ,0.5689441519414403
multiple assignment |multiple assignment ,0.5689441519414403
functional object-oriented |functional object-oriented ,0.5667635272813873
single-quoted string |single-quoted string ,0.5662850056712878
accessor method |accessor methods ,0.5659007834473195
html erb |html erb ,0.5634510904980998
corresponding table |corresponding table ,0.5634510904980998
green thread |Green threads ,0.5634510904980998
html tag |HTML tag ,0.5634510904980998
internal member |internal members ,0.5634510904980998
riding rail |Riding Rails ,0.561159344341638
usual operator |usual operators ,0.5585683692151304
pair water |pair water ,0.5585683692151304
item print |item prints ,0.5585683692151304
special behavior |special behavior ,0.5585683692151304
restful route |RESTful routes ,0.5585683692151304
commit right |commit rights ,0.5585683692151304
b forde |b Forde ,0.5585683692151304
packaged gem |packaged gems ,0.5585683692151304
nice day |Nice Day ,0.5585683692151304
module prepend |Module prepend ,0.5585683692151304
rights reserved |Rights Reserved ,0.5585683692151304
operating system |operating systems ,0.5569042818388148
unsourced statement |unsourced statements ,0.554208671542127
largest site |largest sites ,0.5541996185935262
respective color |respective color ,0.5541996185935262
growing site |growing site ,0.5541996185935262
table product |table products ,0.5541996185935262
search form |search form ,0.5541996185935262
site |site ,0.5517021994430641
wikibooks ruby |Wikibooks Ruby ,0.5511413983317226
ruby paradigm |Ruby Paradigm ,0.5511388744223101
statement end |statement end ,0.5510831025810529
dmoz link |DMOZ links ,0.5502677430340824
sample session |sample session ,0.5502677430340824
activerecord module |ActiveRecord module ,0.5502677430340824
integer literal |integer literals ,0.5502677430340824
unobtrusive javascript |Unobtrusive JavaScript ,0.5502677430340824
dynamic dispatch |dynamic dispatch ,0.5502677430340824
skinny controller |skinny controllers ,0.5502677430340824
index u |index u ,0.5502677430340824
public property |public property ,0.5502677430340824
multiple inheritance |multiple inheritance ,0.5502677430340824
year |years ,0.5471458767909729
standard library |standard library ,0.547132694513322
basic website |basic website ,0.5467103318136334
en wikipedia |en wikipedia ,0.5467103318136334
import security |import security ,0.5467103318136334
pair fire |pair fire ,0.5467103318136334
response |response ,0.5463171743896931
reason |reason |Reason ,0.5463171743896931
consequence |consequence ,0.5463171743896931
dave |Dave ,0.5463171743896931
xml |XML ,0.5463171743896931
administrator |Administrators |administrators ,0.5463171743896931
early release |Early releases ,0.5461224264560537
reliable source |reliable sources ,0.5460803697244228
x closure |x closure ,0.5440699581874213
common idiom |common idioms ,0.543476321613225
custom gem |custom gems ,0.543476321613225
view path |view paths ,0.543476321613225
foldl function |foldl function ,0.543476321613225
higher-order function |higher-order functions ,0.543476321613225
common mistake |common mistake ,0.543476321613225
requests route |requests routes ,0.543476321613225
significant change |significant changes ,0.543476321613225
evaluating surprise |evaluating surprise ,0.543476321613225
experienced user |experienced users ,0.5405235296911132
database access |database access ,0.5405235296911132
similar functionality |similar functionality ,0.5405235296911132
local link |local link ,0.5378168037625105
pragmatic programmer |Pragmatic Programmers ,0.5378168037625105
single character |single characters ,0.5378168037625105
full function |full function ,0.5378168037625105
wikimedia common |Wikimedia Commons ,0.5378168037625105
early idea |early ideas ,0.5378168037625105
target user |target user ,0.5353266159081962
external request |external requests ,0.5353266159081962
security issue |Security Issue ,0.5353266159081962
postgresql |PostgreSQL ,0.5343093186483203
raise call |raise call ,0.5330279809657521
symbian os |Symbian OS ,0.5330279809657521
wikidata article |Wikidata Articles ,0.5330279809657521
common practice |common practice ,0.5330279809657521
english-speaking world |English-speaking world ,0.5330279809657521
rails logo |Rails Logo |Rails logo ,0.5325140353472861
end def |end def ,0.5321178164278088
functional programming |functional programming ,0.5314746087989782
journey engine |Journey engine ,0.530899615278304
rational number |rational numbers ,0.530899615278304
routing engine |routing engine ,0.530899615278304
existing content |existing contents ,0.530899615278304
recent change |recent changes ,0.530899615278304
bigger number |bigger number ,0.530899615278304
line break |Line breaks ,0.5289232757113878
early day |early days ,0.5289232757113878
use hello |use hello ,0.5273723734773256
ipro developer |iPro Developer ,0.5270832354249486
complex number |complex numbers ,0.5270832354249486
full-time developer |full-time developer ,0.5270832354249486
metasploit project |Metasploit Project ,0.5270832354249486
returns wet |returns wet ,0.5253658644909387
existing package |existing packages ,0.5253658644909387
preceding method |preceding method ,0.5253025526159446
database table |database table ,0.5237592916817035
practical jruby |Practical JRuby ,0.5237592916817035
method definition |method definitions ,0.5225082944530802
fat model |Fat models ,0.5222531296730457
current version |current versions ,0.5222531296730457
older version |older version ,0.5222531296730457
world span |World span ,0.5222531296730457
design choice |design choice ,0.5222531296730457
assigning hash |assigning hash ,0.5222531296730457
earlier version |earlier versions ,0.5222531296730457
novice user |novice users ,0.520838250210367
html view |HTML views ,0.520838250210367
game design |game design ,0.5195065989513754
table user |table users ,0.5195065989513754
person age |person age ,0.5195065989513754
compatibility |compatibility ,0.5190902855518083
lovefest |lovefest ,0.5190902855518083
conversation |Conversation ,0.5190902855518083
radicalbehavior |radicalbehavior ,0.5190902855518083
zone |zones ,0.5190902855518083
root |root ,0.5190902855518083
ajax |Ajax ,0.5190902855518083
assaf |Assaf ,0.5190902855518083
lang-ruby-general |lang-ruby-general ,0.5190902855518083
expected |expected ,0.5190902855518083
youtube |YouTube ,0.5190902855518083
hampton |Hampton ,0.5190902855518083
do-while |do-while ,0.5190902855518083
verification |verification ,0.5190902855518083
yammer |Yammer ,0.5190902855518083
maturity |maturity ,0.5190902855518083
deviate |deviates ,0.5190902855518083
mustache |Mustache ,0.5190902855518083
hibbs |Hibbs ,0.5190902855518083
apple |Apple ,0.5190902855518083
coral |Coral ,0.5190902855518083
brook |Brook ,0.5190902855518083
sitepoint |SitePoint ,0.5190902855518083
feedback |feedback ,0.5190902855518083
substring |substring ,0.5190902855518083
dumbill |Dumbill ,0.5190902855518083
homeimprovement |HomeImprovement ,0.5190902855518083
favor |favor ,0.5190902855518083
accordance |accordance ,0.5190902855518083
bsdl |BSDL ,0.5190902855518083
topaz |Topaz ,0.5190902855518083
fowler |Fowler ,0.5190902855518083
weblog |weblog ,0.5190902855518083
json |JSON ,0.5190902855518083
semicolon |semicolon ,0.5190902855518083
validator |validators ,0.5190902855518083
contrast |contrast ,0.5190902855518083
outage |outages ,0.5190902855518083
permission |permission ,0.5190902855518083
deleted |deleted ,0.5190902855518083
refactoring |refactoring ,0.5190902855518083
repetition |repetition ,0.5190902855518083
slave |slaves ,0.5190902855518083
nextstep |NeXTSTEP ,0.5190902855518083
nginx |nginx ,0.5190902855518083
addition |addition ,0.5190902855518083
collision |collisions ,0.5190902855518083
execution |execution ,0.5190902855518083
openssl |OpenSSL ,0.5190902855518083
parameter-passing |Parameter-passing ,0.5190902855518083
deprecated |deprecated ,0.5190902855518083
devarticle |Devarticles ,0.5190902855518083
thing |things ,0.5190902855518083
andy |Andy ,0.5190902855518083
britt |Britt ,0.5190902855518083
lucas |Lucas ,0.5190902855518083
concern |concerns ,0.5190902855518083
standardized |standardized ,0.5190902855518083
curt |Curt ,0.5190902855518083
subject |subject ,0.5190902855518083
replacement |replacement ,0.5190902855518083
chad |Chad ,0.5190902855518083
stuff |stuff ,0.5190902855518083
stage |stage ,0.5190902855518083
rise |rise ,0.5190902855518083
generator |generators ,0.5190902855518083
bruce |Bruce ,0.5190902855518083
forward |Forward ,0.5190902855518083
fyi |FYI ,0.5190902855518083
archeolinguistic |archeolinguistics ,0.5190902855518083
notice |notice ,0.5190902855518083
factor |factor ,0.5190902855518083
catlin |Catlin ,0.5190902855518083
conference |conferences ,0.5190902855518083
jeffrey |Jeffrey ,0.5190902855518083
fun |fun ,0.5190902855518083
ftp |FTP ,0.5190902855518083
sikachu |sikachu ,0.5190902855518083
rust |Rust ,0.5190902855518083
ancestor |ancestor ,0.5190902855518083
cover |cover ,0.5190902855518083
clove |Cloves ,0.5190902855518083
indentation |indentation ,0.5190902855518083
episode |episode ,0.5190902855518083
lighttpd |Lighttpd ,0.5190902855518083
effective |Effective ,0.5190902855518083
richardson |Richardson ,0.5190902855518083
clark |Clark ,0.5190902855518083
activerecordstore |ActiveRecordStore ,0.5190902855518083
word |word ,0.5190902855518083
jeremy |Jeremy ,0.5190902855518083
precedence |precedence ,0.5190902855518083
desire |desire ,0.5190902855518083
sdtime |sdtimes ,0.5190902855518083
side |sides ,0.5190902855518083
enumerable |Enumerables ,0.5190902855518083
arkin |Arkin ,0.5190902855518083
workaround |workaround ,0.5190902855518083
railscast |Railscasts ,0.5190902855518083
bot |bot ,0.5190902855518083
box |box ,0.5190902855518083
historic |historic ,0.5190902855518083
startup |startup ,0.5190902855518083
intercepting |intercepting ,0.5190902855518083
primitive |primitives ,0.5190902855518083
omission |omission ,0.5190902855518083
copying |COPYING ,0.5190902855518083
tradeoff |tradeoff ,0.5190902855518083
tate |Tate ,0.5190902855518083
yellow |yellow ,0.5190902855518083
hunt |Hunt ,0.5190902855518083
bertel |Bertels ,0.5190902855518083
critic |critics ,0.5190902855518083
synonym |synonym ,0.5190902855518083
download |Download ,0.5190902855518083
meantime |meantime ,0.5190902855518083
exponential-format |exponential-format ,0.5190902855518083
possibility |possibility ,0.5190902855518083
scribd |Scribd ,0.5190902855518083
failure |failure ,0.5190902855518083
identifier |identifiers ,0.5190902855518083
burk |Burks ,0.5190902855518083
speed-up |speed-ups ,0.5190902855518083
hulu |Hulu ,0.5190902855518083
monkey-patching |monkey-patching ,0.5190902855518083
birthstone |birthstone ,0.5190902855518083
activeresource |ActiveResource ,0.5190902855518083
leonard |Leonard ,0.5190902855518083
curse |curses ,0.5190902855518083
rename |rename ,0.5190902855518083
submission |submission ,0.5190902855518083
majority |majority ,0.5190902855518083
patrick |Patrick ,0.5190902855518083
actionmailer |ActionMailer ,0.5190902855518083
semenatic |semenatics ,0.5190902855518083
binding |binding ,0.5190902855518083
modification |modification ,0.5190902855518083
readline |readlines ,0.5190902855518083
apis |APIs ,0.5190902855518083
chomp |chomp ,0.5190902855518083
standardization |Standardization ,0.5190902855518083
nagachika |nagachika ,0.5190902855518083
intro |Intro ,0.5190902855518083
grimmer |Grimmer ,0.5190902855518083
long |long ,0.5190902855518083
screencast |screencasts ,0.5190902855518083
run-time |run-time ,0.5190902855518083
future |future ,0.5190902855518083
opal |Opal ,0.5190902855518083
internet |Internet ,0.5190902855518083
edd |Edd ,0.5190902855518083
milestone |milestone ,0.5190902855518083
michael |Michael ,0.5190902855518083
tandem |tandem ,0.5190902855518083
cherokee |Cherokee ,0.5190902855518083
minimiz |minimizes ,0.5190902855518083
laurent |Laurent ,0.5190902855518083
null |null ,0.5190902855518083
retry |retry ,0.5190902855518083
alteration |alteration ,0.5190902855518083
actioncontroller |ActionController ,0.5190902855518083
cookiestore |CookieStore ,0.5190902855518083
tighter |tighter ,0.5190902855518083
-block |-BLOCK ,0.5190902855518083
metric |metrics ,0.5190902855518083
yaml |YAML ,0.5190902855518083
bugfix |bugfixes ,0.5190902855518083
hiawatha |Hiawatha ,0.5190902855518083
field |field ,0.5190902855518083
doc |docs ,0.5190902855518083
turbolink |Turbolinks ,0.5190902855518083
capitalization |capitalization ,0.5190902855518083
james |James ,0.5190902855518083
haml |HAML ,0.5190902855518083
daemon |daemons ,0.5190902855518083
success |success ,0.5190902855518083
aggregate |aggregate ,0.5190902855518083
tim |Tim ,0.5190902855518083
course |course ,0.5190902855518083
shopify |Shopify ,0.5190902855518083
smell |smell ,0.5190902855518083
launch |launch ,0.5190902855518083
lack |lack ,0.5190902855518083
summer |summer ,0.5190902855518083
existing class |existing class ,0.5178179325368437
erb file |erb file ,0.5170652383098907
library update |library updates ,0.5170652383098907
industry standard |industry standards ,0.5170652383098907
inheritance model |inheritance models ,0.5148808629990886
international standard |international standard ,0.5148808629990886
ruby-specific feature |Ruby-specific features ,0.5148808629990886
single instance |single instance ,0.5148808629990886
stable version |stable versions ,0.5138726897787185
case |cases ,0.5135375100532689
performance |performance ,0.5135375100532689
integer |integers ,0.5135375100532689
rake |Rake ,0.5135375100532689
related |related ,0.5135375100532689
caching |caching ,0.5135375100532689
human |humans ,0.5135375100532689
previous release |previous releases ,0.5129149252193668
programmer work |programmer work ,0.5129149252193668
open source |open source ,0.5127809377754864
initial |initial ,0.5123178846980395
discussion page |discussion page ,0.5120038808824224
conditional expression |conditional expressions ,0.5120038808824224
proc closure |proc closure ,0.5111362196091421
final variable |final variables ,0.5111362196091421
design philosophy |design philosophy ,0.5111362196091421
non-false value |non-false values ,0.5111362196091421
capitalized variable |capitalized variables ,0.5111362196091421
variable interpolation |variable interpolation ,0.509519214508938
following year |following years ,0.509519214508938
regular expression |regular expressions ,0.509519214508938
c programming |C programming ,0.5089224185577745
empty list |empty list ,0.5087646121288427
return number |return numbers ,0.5087646121288427
merb project |Merb project ,0.5087646121288427
queueing system |queueing system ,0.508042818547882
gemtalk system |GemTalk Systems ,0.508042818547882
values differ |values differs ,0.508042818547882
unix-like system |Unix-like systems ,0.508042818547882
database server |database server ,0.5073517395873878
rubygems org |RubyGems org ,0.5073517395873878
full-stack framework |full-stack framework ,0.5073517395873878
raw string |raw strings ,0.5066894555835808
slicing string |slicing strings ,0.5066894555835808
ruby-doc org |Ruby-Doc org ,0.5066894555835808
build system |build system ,0.5066894555835808
parameter variable |Parameter variables ,0.5066894555835808
open class |Open classes ,0.5062641060136196
private variable |private variable ,0.5060542035799291
lisp perl |Lisp Perl ,0.5054443616564236
following article |following articles ,0.5054443616564236
templating system |templating systems ,0.5054443616564236
ioke org |Ioke org ,0.5048584351024673
view file |view file ,0.5042950441852015
kernel put |Kernel puts ,0.5042950441852015
evaluated statement |evaluated statement ,0.5042950441852015
object-oriented design |object-oriented design ,0.5042950441852015
statement modifier |statement modifiers ,0.5042950441852015
systems matz |systems Matz ,0.5037529133025497
expression operator |expression operators ,0.5037529133025497
embedded system |embedded system ,0.5037529133025497
standard package |standard packages ,0.5032308613414774
similar list |similar list ,0.5027277930880806
notation statement |notation statement ,0.5022426915580194
practice first |Practice First ,0.501774611134276
object-oriented language |object-oriented language ,0.5016513273281751
first character |first character ,0.5008860516858142
examples section |Examples section ,0.5008860516858142
no exception |no exception ,0.5004639859477948
functions variable |functions variables ,0.5004639859477948
recent exception |recent exception ,0.500055758430694
professional first |Professional First ,0.500055758430694
runtime block |runtime Blocks ,0.500055758430694
extensive use |extensive use ,0.49966069954317727
handling exception |handling exceptions ,0.49966069954317727
alternative implementation |alternative implementations ,0.49966069954317727
exception handling |exception handling ,0.49966069954317727
promotional use |promotional use ,0.49966069954317727
simple example |simple example ,0.4992781822076451
first pass |first pass ,0.4992781822076451
skeleton application |skeleton application ,0.4992781822076451
application piece |application pieces ,0.49854845682909144
application logic |application logic ,0.49854845682909144
smalltalk implementation |Smalltalk implementation ,0.49854845682909144
module name |module names ,0.49854845682909144
end yielding |end Yielding ,0.498200178807509
ruby programming |Ruby Programming ,0.4972470466104997
first book |first book ,0.4972159148334717
front end |front end ,0.4969065747273457
c exclusively |C exclusively ,0.4969065747273457
ascii code |ASCII code ,0.49631367285727085
end setter |end setter ,0.49631367285727085
exception instance |exception instance ,0.49631367285727085
concise code |concise code ,0.49631367285727085
following example |following examples ,0.49631367285727085
object orientation |object orientation ,0.49602940483737196
systems design |systems design ,0.49602940483737196
non-const object |non-const object ,0.49602940483737196
java implementation |Java implementation ,0.49575281973692975
first article |first article ,0.49548361023916604
source comparison |source Comparison ,0.49496616860710074
code internal |code internal ,0.49496616860710074
code scalability |code scalability ,0.49471739859168473
procedural programming |procedural programming ,0.4944749265513425
programming nu |Programming Nu ,0.4937829941435367
ruby mri |Ruby MRI ,0.4933744443369491
c programmer |C programmer ,0.49334916350689656
category page |category page ,0.4929355110394025
methods wrap |methods wrap ,0.4925406609567945
singleton method |singleton methods ,0.4925406609567945
method missing |method missing ,0.49216335976674686
line end |line end ,0.49216335976674686
method invocation |method invocation ,0.49216335976674686
modifying method |modifying method ,0.4918024629762665
ruby license |Ruby License ,0.49159257720032296
code block |code block |code blocks ,0.49149473637129193
built-in method |built-in methods ,0.4914569234960194
ruby implementation |Ruby implementations ,0.49142656025569476
machine code |machine code ,0.4911257814941159
getter method |getter methods ,0.4911257814941159
end file |end file ,0.4911257814941159
programming ruby |Programming Ruby ,0.4910867988742966
interaction edit |Interaction edit ,0.49065415500655635
raise method |raise method ,0.4905032345305373
iterators edit |iterators edit ,0.48979175228644745
class sale |class Sale ,0.48965751035360033
trademarks edit |Trademarks edit ,0.48926956348344575
core class |core classes ,0.4891449502463658
built-in class |built-in classes ,0.4891449502463658
security edit |Security edit ,0.4889023994813352
object system |object system ,0.48855439186194344
class person |class Person ,0.4882240795452326
syntax edit |Syntax edit ,0.4881176764180008
exception object |exception object ,0.48791014635166446
references edit |References edit ,0.48791014635166446
software comparison |software Comparison ,0.48761140347391413
design edit |design edit ,0.48761140347391413
height |height ,0.48748294211960097
border |border ,0.48748294211960097
ror |RoR ,0.48748294211960097
tomdoc |TomDoc ,0.48748294211960097
mind |Mind ,0.48748294211960097
bluecloth |BlueCloth ,0.48748294211960097
oracle |Oracle ,0.48748294211960097
sqlite |SQLite ,0.48748294211960097
benefit |benefits ,0.48748294211960097
adhere |adhere ,0.48748294211960097
quantcast |Quantcast ,0.48748294211960097
creole |Creole ,0.48748294211960097
textile |Textile ,0.48748294211960097
latex |LaTeX ,0.48748294211960097
svg |SVG ,0.48748294211960097
visitor |visitor ,0.48748294211960097
graph |graphs ,0.48748294211960097
openbase |Openbase ,0.48748294211960097
firebird |Firebird ,0.48748294211960097
zip |zip ,0.48748294211960097
step |steps ,0.48748294211960097
stability |stability ,0.48748294211960097
rdoc |RDoc ,0.48748294211960097
totally |totally ,0.48748294211960097
demanding |demanding ,0.48748294211960097
mongel |Mongel ,0.48748294211960097
reply |reply ,0.48748294211960097
login |login ,0.48748294211960097
width |width ,0.48748294211960097
portability |portability ,0.48748294211960097
redcloth |RedCloth ,0.48748294211960097
tex |TeX ,0.48748294211960097
web framework |web frameworks ,0.48714437649448533
features edit |Features edit ,0.48714437649448533
application programming |application programming ,0.48638901111906135
examples edit |examples edit ,0.48615865146556325
exceptions edit |Exceptions edit ,0.4858663330087105
ruby faq |Ruby FAQ ,0.48453751310466153
beginning ruby |Beginning Ruby ,0.48450687495231437
mod ruby |mod ruby ,0.48449167681621585
s method |s method ,0.4844556354557738
rigid language |rigid languages ,0.48435100571399586
language maniac |language maniac ,0.48435100571399586
language expert |language experts ,0.48435100571399586
toy language |toy language ,0.48435100571399586
swift language |Swift language ,0.48429960864785937
modern language |modern languages ,0.48424880922202673
class object |Class object ,0.48419859707279334
object class |Object class ,0.48419859707279334
ruby matsumoto |Ruby Matsumoto ,0.48415620668198645
language specification |language specifications ,0.4841489620747006
similar language |similar languages ,0.48368228519045875
ruby language |Ruby language ,0.4835211577664053
class method |class methods ,0.4835095154503352
language syntax |language syntax ,0.48334394444938344
rails ruby |Rails Ruby ,0.48280005082020805
languages edit |languages edit ,0.48124314433464577
rails e-commerce |Rails E-Commerce ,0.4800624469003999
rails master |Rails master ,0.48003549875970675
rails community |Rails community ,0.48000887143021237
learning rail |Learning Rails ,0.48000887143021237
beginning rail |Beginning Rails ,0.4799308580262552
plugins rail |plugins Rails ,0.4799181211439764
rails support |Rails Support ,0.4795358114274931
rubinius ruby |Rubinius Ruby ,0.4775622582916505
bringing ruby |Bringing Ruby ,0.47755958429313844
ruby cookbook |Ruby Cookbook ,0.47755958429313844
pure ruby |pure Ruby ,0.47755958429313844
jilts ruby |jilts Ruby ,0.47755958429313844
ann ruby |ANN ruby ,0.47755958429313844
ruby martinfowler |Ruby martinfowler ,0.47755958429313844
re-open ruby |re-open Ruby ,0.47755958429313844
iron ruby |Iron Ruby ,0.47755958429313844
tutorial ruby |TUTORIAL ruby ,0.47755958429313844
ruby filename |ruby filename ,0.4775569174348094
ruby compared |Ruby compared ,0.4775542576881025
ruby vm |Ruby VM ,0.4775542576881025
ruby shell |Ruby shell ,0.4775332323552956
ruby help |Ruby help ,0.4775228852426938
ruby metaprogramming |Ruby metaprogramming ,0.4775228852426938
ruby package |Ruby package ,0.4775126461939312
ruby development |Ruby development ,0.4774899947757331
ruby file |Ruby file ,0.47748256076273404
ruby feature |Ruby features ,0.47747763652335434
ruby perl |Ruby Perl ,0.47747763652335434
ruby method |Ruby methods ,0.4773579159534354
ibm i |IBM i ,0.461769400020448
html |HTML ,0.4617197984802393
semantics |semantics ,0.46142237765064087
rbw |rbw ,0.4561804623689839
falcon |Falcon ,0.4561804623689839
reia |Reia ,0.4561804623689839
potion |potion ,0.4561804623689839
web page |web page |web pages ,0.4541290059555181
development process |development process ,0.450710259768231
navigation |navigation ,0.44435660018035145
lua |Lua ,0.44236566619081985
user |user ,0.43786504038869234
literal |literal ,0.43498690994337375
s poignant |s poignant ,0.4279370985652817
revision |revision ,0.4278651109052805
further |further ,0.4223360283486698
computer |computer ,0.4223360283486698
aspect |aspects ,0.4223360283486698
apache |Apache ,0.4223360283486698
core |core ,0.4223360283486698
series |series ,0.4223360283486698
alt |alt ,0.3945808928360892
extension |extension ,0.3945808928360892
power |power ,0.3945808928360892
green |green ,0.3919355344471368
author |author |authors ,0.3866107281142539
text |text ,0.3738453932434281
spam |spam ,0.3696479214244103
class definition |class definition |class definitions ,0.3668468283157261
development |development ,0.3593566548339532
sinatra |Sinatra ,0.353159475275849
package |packages ,0.3499228377132415
type |types ,0.34771663422672516
ability |ability ,0.34577328553601516
system |systems ,0.33984803733482916
paradigm |paradigms ,0.33232619647822964
haskell |Haskell ,0.33232619647822964
sam |Sam ,0.33232619647822964
construct |construct ,0.33232619647822964
sale |sales ,0.33232619647822964
yield |yield ,0.33232619647822964
algorithm |algorithms ,0.33232619647822964
artima |artima ,0.33232619647822964
installation |installation ,0.33232619647822964
facility |facility ,0.33232619647822964
respond |responds ,0.33232619647822964
master |masters ,0.33232619647822964
cgi |CGI ,0.33232619647822964
thomas |Thomas ,0.33232619647822964
commit |commit ,0.33036958119268006
contact |Contact ,0.33036958119268006
wikipedia |Wikipedia ,0.3301917191645159
link |links ,0.32514486191481223
philosophy |Philosophy ,0.31710354945874786
rubygem |RubyGems ,0.3050769804427568
home |home ,0.3050769804427568
value |values ,0.3026834140116258
run |runs ,0.2992054050990374
project |project ,0.29846432488266766
concept |Concepts ,0.2949733786635139
graphic |graphic ,0.2949733786635139
website |website ,0.2753799048682577
topic |topic ,0.27271272927589596
team |team ,0.27007150012037007
practice |practice ,0.27007150012037007
introduction |Introduction ,0.27007150012037007
map |maps ,0.27007150012037007
sample |samples ,0.27007150012037007
top |top ,0.2699413654515566
format |formats ,0.2675242368219117
tool |tools ,0.2581733612803916
web |Web |web ,0.2550410842676205
scalability |scalability ,0.2389441519414403
cooper |Cooper ,0.2389441519414403
parameter |parameters ,0.2389441519414403
title |title ,0.22856836921513038
move |Move ,0.22856836921513038
people |people ,0.22008259679447842
boolean |booleans ,0.20781680376251055
question |question ,0.20781680376251055
search |Search ,0.2030279809657521
service |service ,0.19892327571138774
day |days ,0.19892327571138774
trademark |trademarks ,0.19892327571138774
net |net ,0.19536586449093862
github |Github ,0.19536586449093862
name |names ,0.19340169672283963
comparison |comparisons ,0.19225312967304564
instance |instances ,0.179519214508938
foundation |foundation ,0.16631367285727083
released |Released ,0.16180246297626652
