design,100.0
design ,100.0
experience ,73.69127516778524
experience,73.69127516778524
persona ,50.738255033557046
persona,50.738255033557046
user ,44.80780964002441
user,44.80780964002441
learning ,28.993288590604028
learning,28.993288590604028
user experience,26.711409395973156
user experience ,26.711409395973156
user experience design,25.369127516778523
user experience design ,25.369127516778523
use case,20.536912751677853
use case ,20.536912751677853
usability,16.778523489932887
usability ,16.778523489932887
edit,16.308724832214764
edit ,16.308724832214764
system,15.946308724832214
system ,15.946308724832214
program ,15.704697986577182
problem ,15.704697986577182
problem,15.704697986577182
program,15.704697986577182
use ,15.532118887823588
use,15.532118887823588
case,14.496644295302014
material ,14.496644295302014
material,14.496644295302014
case ,14.496644295302014
character ,13.288590604026846
character,13.288590604026846
ucd ,12.080536912751679
research ,12.080536912751679
ucd,12.080536912751679
research,12.080536912751679
task ,11.114093959731543
task,11.114093959731543
web ,10.87248322147651
user assistance ,10.87248322147651
web,10.87248322147651
user assistance,10.87248322147651
information ,10.335570469798657
information,10.335570469798657
interaction,9.932885906040267
interaction ,9.932885906040267
world,9.664429530201343
design process,9.664429530201343
world ,9.664429530201343
design process ,9.664429530201343
cooper,9.664429530201343
cooper ,9.664429530201343
group,9.42281879194631
group ,9.42281879194631
process,9.261744966442953
process ,9.261744966442953
product ,8.456375838926174
product,8.456375838926174
stakeholder group,8.456375838926174
stakeholder group ,8.456375838926174
questionnaire ,8.21476510067114
questionnaire,8.21476510067114
designer ,8.053691275167786
work ,8.053691275167786
work,8.053691275167786
designer,8.053691275167786
guitar ,7.248322147651007
primary stakeholder group ,7.248322147651007
weblei ,7.248322147651007
guitar,7.248322147651007
weblei,7.248322147651007
factor,7.248322147651007
factor ,7.248322147651007
primary stakeholder group,7.248322147651007
document ,6.76510067114094
document,6.76510067114094
student ,6.442953020134228
student,6.442953020134228
chapman ,6.0402684563758395
brand ,6.0402684563758395
iso,6.0402684563758395
society,6.0402684563758395
jenkinson ,6.0402684563758395
brand,6.0402684563758395
learning environment ,6.0402684563758395
aspect,6.0402684563758395
situation ,6.0402684563758395
milham,6.0402684563758395
approach,6.0402684563758395
text ,6.0402684563758395
situation,6.0402684563758395
item,6.0402684563758395
iso ,6.0402684563758395
text,6.0402684563758395
jenkinson,6.0402684563758395
approach ,6.0402684563758395
interface,6.0402684563758395
interaction design ,6.0402684563758395
chapman,6.0402684563758395
pruitt,6.0402684563758395
milham ,6.0402684563758395
list ,6.0402684563758395
item ,6.0402684563758395
interaction design,6.0402684563758395
society ,6.0402684563758395
aspect ,6.0402684563758395
interface ,6.0402684563758395
pruitt ,6.0402684563758395
list,6.0402684563758395
learning environment,6.0402684563758395
user-centered design ,5.7382550335570475
user-centered design,5.7382550335570475
article,5.695110258868649
article ,5.695110258868649
element,5.63758389261745
element ,5.63758389261745
help ,5.436241610738255
help,5.436241610738255
scenario ,5.436241610738255
detail,5.436241610738255
detail ,5.436241610738255
scenario,5.436241610738255
term ,5.271507016473459
term,5.271507016473459
technology,5.23489932885906
goal ,5.23489932885906
goal,5.23489932885906
technology ,5.23489932885906
online,5.073825503355705
online ,5.073825503355705
event,4.832214765100671
instrument ,4.832214765100671
job,4.832214765100671
job ,4.832214765100671
instrument,4.832214765100671
link,4.832214765100671
sus ,4.832214765100671
rhetorical situation,4.832214765100671
solution ,4.832214765100671
actor,4.832214765100671
usability and user experience,4.832214765100671
use questionnaire ,4.832214765100671
sus,4.832214765100671
ethnographic research ,4.832214765100671
music ,4.832214765100671
music,4.832214765100671
usability and user experience ,4.832214765100671
ethnographic research,4.832214765100671
story,4.832214765100671
code ,4.832214765100671
event ,4.832214765100671
graphic design,4.832214765100671
tutor,4.832214765100671
actor ,4.832214765100671
use questionnaire,4.832214765100671
audience,4.832214765100671
usefulness ,4.832214765100671
code,4.832214765100671
tutor ,4.832214765100671
link ,4.832214765100671
solution,4.832214765100671
graphic design ,4.832214765100671
story ,4.832214765100671
rhetorical situation ,4.832214765100671
usefulness,4.832214765100671
audience ,4.832214765100671
context ,4.563758389261745
context,4.563758389261745
field ,4.348993288590604
field,4.348993288590604
marketing,4.228187919463087
needed ,4.228187919463087
action ,4.228187919463087
marketing ,4.228187919463087
action,4.228187919463087
needed,4.228187919463087
individual ,4.026845637583892
individual,4.026845637583892
software ,3.969319271332694
software,3.969319271332694
study,3.865771812080537
study ,3.865771812080537
description,3.6241610738255035
order ,3.6241610738255035
findability,3.6241610738255035
main character,3.6241610738255035
customerprint,3.6241610738255035
description ,3.6241610738255035
team ,3.6241610738255035
piece ,3.6241610738255035
emotion,3.6241610738255035
piece,3.6241610738255035
environment,3.6241610738255035
term user experience,3.6241610738255035
feeling ,3.6241610738255035
analysis,3.6241610738255035
team,3.6241610738255035
findability ,3.6241610738255035
term user experience ,3.6241610738255035
norman,3.6241610738255035
measuring usability,3.6241610738255035
specific ,3.6241610738255035
essential use case ,3.6241610738255035
usage ,3.6241610738255035
art,3.6241610738255035
specific,3.6241610738255035
edge case ,3.6241610738255035
chang ,3.6241610738255035
customerprint ,3.6241610738255035
chang,3.6241610738255035
norman ,3.6241610738255035
environment ,3.6241610738255035
measuring usability ,3.6241610738255035
product design ,3.6241610738255035
essential use case,3.6241610738255035
analysis ,3.6241610738255035
art ,3.6241610738255035
emotion ,3.6241610738255035
main character ,3.6241610738255035
edge case,3.6241610738255035
science ,3.6241610738255035
feeling,3.6241610738255035
science,3.6241610738255035
usage,3.6241610738255035
product design,3.6241610738255035
order,3.6241610738255035
website,3.2790028763183128
website ,3.2790028763183128
organization,3.221476510067114
page,3.221476510067114
organization ,3.221476510067114
development,3.221476510067114
development ,3.221476510067114
page ,3.221476510067114
ease,3.1409395973154366
ease ,3.1409395973154366
tool,3.0201342281879198
tool ,3.0201342281879198
information architecture,3.0201342281879198
manual,3.0201342281879198
focus ,3.0201342281879198
information architecture ,3.0201342281879198
characteristic ,3.0201342281879198
characteristic,3.0201342281879198
focus,3.0201342281879198
manual ,3.0201342281879198
easier,2.818791946308725
human-computer interaction ,2.818791946308725
human-computer interaction,2.818791946308725
easier ,2.818791946308725
satisfaction,2.818791946308725
satisfaction ,2.818791946308725
method ,2.684563758389262
method,2.684563758389262
real user ,2.4161073825503356
elrif ,2.4161073825503356
assistance,2.4161073825503356
proceeding ,2.4161073825503356
geneva appraisal questionnaire gaq,2.4161073825503356
sheet music ,2.4161073825503356
geneva appraisal questionnaire gaq ,2.4161073825503356
original ,2.4161073825503356
purdue usability,2.4161073825503356
source ,2.4161073825503356
feature ,2.4161073825503356
daniel k schneider,2.4161073825503356
visual design ,2.4161073825503356
average,2.4161073825503356
cooperative design,2.4161073825503356
communication,2.4161073825503356
lesson,2.4161073825503356
real user,2.4161073825503356
relation,2.4161073825503356
practitioner,2.4161073825503356
developer ,2.4161073825503356
human system interaction ,2.4161073825503356
communication ,2.4161073825503356
bit,2.4161073825503356
knowledge,2.4161073825503356
form ,2.4161073825503356
hci,2.4161073825503356
hcibib,2.4161073825503356
miller ,2.4161073825503356
user group ,2.4161073825503356
user interface usability evaluation,2.4161073825503356
r nkk,2.4161073825503356
hci ,2.4161073825503356
object ,2.4161073825503356
interaction designer ,2.4161073825503356
elrif,2.4161073825503356
alford ,2.4161073825503356
love ,2.4161073825503356
designing ,2.4161073825503356
product lifecycle management,2.4161073825503356
interaction designer,2.4161073825503356
requirement,2.4161073825503356
love,2.4161073825503356
course,2.4161073825503356
course ,2.4161073825503356
form,2.4161073825503356
purdue usability ,2.4161073825503356
fisher,2.4161073825503356
subject content,2.4161073825503356
object,2.4161073825503356
interactive,2.4161073825503356
error,2.4161073825503356
role,2.4161073825503356
user group,2.4161073825503356
developer,2.4161073825503356
designing,2.4161073825503356
web usability questionnaire,2.4161073825503356
relation ,2.4161073825503356
sheet music,2.4161073825503356
hcibib ,2.4161073825503356
error ,2.4161073825503356
requirement ,2.4161073825503356
feedback,2.4161073825503356
feature,2.4161073825503356
procedure,2.4161073825503356
purpose ,2.4161073825503356
thinking ,2.4161073825503356
email,2.4161073825503356
role ,2.4161073825503356
tobin,2.4161073825503356
web usability ,2.4161073825503356
branding ,2.4161073825503356
email ,2.4161073825503356
practitioner ,2.4161073825503356
feedback ,2.4161073825503356
discipline,2.4161073825503356
alford,2.4161073825503356
evaluation ,2.4161073825503356
standard,2.4161073825503356
web-based questionnaire ,2.4161073825503356
web-based questionnaire,2.4161073825503356
proceeding,2.4161073825503356
branding,2.4161073825503356
adlin,2.4161073825503356
user interface usability evaluation ,2.4161073825503356
interactive ,2.4161073825503356
daniel k schneider ,2.4161073825503356
standard ,2.4161073825503356
bit ,2.4161073825503356
subject content ,2.4161073825503356
source,2.4161073825503356
human system interaction,2.4161073825503356
web usability questionnaire ,2.4161073825503356
cooperative design ,2.4161073825503356
adlin ,2.4161073825503356
miller,2.4161073825503356
tobin ,2.4161073825503356
original,2.4161073825503356
assistance ,2.4161073825503356
procedure ,2.4161073825503356
product lifecycle management ,2.4161073825503356
lesson ,2.4161073825503356
fisher ,2.4161073825503356
visual design,2.4161073825503356
purpose,2.4161073825503356
evaluation,2.4161073825503356
discipline ,2.4161073825503356
web usability,2.4161073825503356
thinking,2.4161073825503356
principle,2.4161073825503356
average ,2.4161073825503356
knowledge ,2.4161073825503356
principle ,2.4161073825503356
r nkk ,2.4161073825503356
content ,2.3062843197071388
content,2.3062843197071388
people ,2.2435282837967403
people,2.2435282837967403
example,2.2435282837967403
example ,2.2435282837967403
testing ,2.013422818791946
function,2.013422818791946
interest ,2.013422818791946
book,2.013422818791946
testing,2.013422818791946
function ,2.013422818791946
interest,2.013422818791946
book ,2.013422818791946
application,1.9328859060402686
application ,1.9328859060402686
participatory design,1.8120805369127517
practice ,1.8120805369127517
finding,1.8120805369127517
ergonomics,1.8120805369127517
language ,1.8120805369127517
language,1.8120805369127517
customer,1.8120805369127517
finding ,1.8120805369127517
accessibility ,1.8120805369127517
customer ,1.8120805369127517
person ,1.8120805369127517
practice,1.8120805369127517
ergonomics ,1.8120805369127517
person,1.8120805369127517
participatory design ,1.8120805369127517
accessibility,1.8120805369127517
project,1.691275167785235
project ,1.691275167785235
structure ,1.6107382550335572
subject ,1.6107382550335572
structure,1.6107382550335572
subject,1.6107382550335572
human factor,1.5532118887823585
human factor ,1.5532118887823585
navigation,1.3178767541183647
navigation ,1.3178767541183647
journal ,1.2080536912751678
imaginary,1.2080536912751678
product system,1.2080536912751678
designing pleasurable product,1.2080536912751678
hcibib org ,1.2080536912751678
web based material,1.2080536912751678
column,1.2080536912751678
online learning ,1.2080536912751678
helpline ,1.2080536912751678
business,1.2080536912751678
edit cooper ,1.2080536912751678
user experience edit,1.2080536912751678
analysis tool,1.2080536912751678
perceived ease ,1.2080536912751678
interactive product,1.2080536912751678
alan ,1.2080536912751678
online service,1.2080536912751678
perception ,1.2080536912751678
ogilvyone ,1.2080536912751678
affective factor ,1.2080536912751678
branch,1.2080536912751678
imaginal ,1.2080536912751678
smaller bit ,1.2080536912751678
importance ,1.2080536912751678
inconsistency ,1.2080536912751678
practical implementation,1.2080536912751678
scenario-based design ,1.2080536912751678
product lifecycle management system ,1.2080536912751678
technical person ,1.2080536912751678
survey ,1.2080536912751678
product system or service ,1.2080536912751678
assignment,1.2080536912751678
user manual ,1.2080536912751678
style editing ,1.2080536912751678
song,1.2080536912751678
additional reference ,1.2080536912751678
lin ,1.2080536912751678
topic,1.2080536912751678
archetype user,1.2080536912751678
grudin ,1.2080536912751678
difficulty ,1.2080536912751678
clarification ,1.2080536912751678
paper,1.2080536912751678
fun ,1.2080536912751678
web site,1.2080536912751678
freedom,1.2080536912751678
consideration ,1.2080536912751678
product development ,1.2080536912751678
jim miller ,1.2080536912751678
script,1.2080536912751678
customer segment ,1.2080536912751678
constraint,1.2080536912751678
stub ,1.2080536912751678
level,1.2080536912751678
text messaging,1.2080536912751678
contextual design,1.2080536912751678
geneva emotion research group ,1.2080536912751678
user requirement,1.2080536912751678
ucd process ,1.2080536912751678
field research ,1.2080536912751678
traditional classroom approach ,1.2080536912751678
pruitt and adlin ,1.2080536912751678
business ,1.2080536912751678
external link,1.2080536912751678
daily life ,1.2080536912751678
unsourced statement ,1.2080536912751678
service,1.2080536912751678
draper ,1.2080536912751678
long-term,1.2080536912751678
graphic ,1.2080536912751678
stub,1.2080536912751678
truffle ,1.2080536912751678
extremely ,1.2080536912751678
mistake,1.2080536912751678
assumption ,1.2080536912751678
hcibib org,1.2080536912751678
mistake ,1.2080536912751678
dead external link ,1.2080536912751678
actor world,1.2080536912751678
level ,1.2080536912751678
part ,1.2080536912751678
physical,1.2080536912751678
response,1.2080536912751678
accessdate ,1.2080536912751678
f real ,1.2080536912751678
change ,1.2080536912751678
entire design process,1.2080536912751678
efficiency,1.2080536912751678
bad design ,1.2080536912751678
difficulty,1.2080536912751678
bill ,1.2080536912751678
objective ,1.2080536912751678
imaginal,1.2080536912751678
effectiveness,1.2080536912751678
influence ,1.2080536912751678
edit cooper,1.2080536912751678
product development,1.2080536912751678
inconsistency,1.2080536912751678
assignment ,1.2080536912751678
irish ergonomics society annual conference,1.2080536912751678
control,1.2080536912751678
localization,1.2080536912751678
reference,1.2080536912751678
mapping,1.2080536912751678
geneva emotion research group,1.2080536912751678
hassenzahl ,1.2080536912751678
survey,1.2080536912751678
chandra ,1.2080536912751678
small task ,1.2080536912751678
beginning,1.2080536912751678
navigational element ,1.2080536912751678
mapping ,1.2080536912751678
image,1.2080536912751678
creation ,1.2080536912751678
pragmatic,1.2080536912751678
shift ,1.2080536912751678
primary stakeholder user,1.2080536912751678
dublin,1.2080536912751678
column ,1.2080536912751678
paper ,1.2080536912751678
additional reference,1.2080536912751678
question ,1.2080536912751678
reference ,1.2080536912751678
web site ,1.2080536912751678
online learning,1.2080536912751678
note ,1.2080536912751678
limitation ,1.2080536912751678
topic ,1.2080536912751678
stage ,1.2080536912751678
strategy ,1.2080536912751678
flexibility ,1.2080536912751678
online service ,1.2080536912751678
child ,1.2080536912751678
act,1.2080536912751678
higher education ,1.2080536912751678
place,1.2080536912751678
education ,1.2080536912751678
technical person,1.2080536912751678
affective factor,1.2080536912751678
scenario-based design,1.2080536912751678
game design ,1.2080536912751678
helpline,1.2080536912751678
part,1.2080536912751678
product system or service,1.2080536912751678
journal,1.2080536912751678
entire design process ,1.2080536912751678
customer segment,1.2080536912751678
consideration,1.2080536912751678
importance,1.2080536912751678
york ,1.2080536912751678
product lifecycle management system,1.2080536912751678
stakeholder,1.2080536912751678
image ,1.2080536912751678
strategy,1.2080536912751678
practical implementation ,1.2080536912751678
similar ,1.2080536912751678
autonomy,1.2080536912751678
existence ,1.2080536912751678
short ,1.2080536912751678
user experience edit ,1.2080536912751678
download ,1.2080536912751678
f real,1.2080536912751678
dead external link,1.2080536912751678
change,1.2080536912751678
momentary emotion,1.2080536912751678
education,1.2080536912751678
smaller bit,1.2080536912751678
entire code ,1.2080536912751678
small task,1.2080536912751678
bad design,1.2080536912751678
social,1.2080536912751678
actor world ,1.2080536912751678
note,1.2080536912751678
smaller task ,1.2080536912751678
efficiency ,1.2080536912751678
flexibility,1.2080536912751678
clarification,1.2080536912751678
portigal ,1.2080536912751678
scale,1.2080536912751678
hassenzahl,1.2080536912751678
quantitative evaluation ,1.2080536912751678
chandra,1.2080536912751678
truffle,1.2080536912751678
script ,1.2080536912751678
jim miller,1.2080536912751678
game design,1.2080536912751678
freedom ,1.2080536912751678
engagement,1.2080536912751678
child,1.2080536912751678
question,1.2080536912751678
share ,1.2080536912751678
web based material ,1.2080536912751678
effect,1.2080536912751678
response ,1.2080536912751678
control ,1.2080536912751678
definition ,1.2080536912751678
attitude,1.2080536912751678
end,1.2080536912751678
computer ,1.2080536912751678
information structure,1.2080536912751678
presentation,1.2080536912751678
issue,1.2080536912751678
user manual,1.2080536912751678
physical ,1.2080536912751678
fact ,1.2080536912751678
pragmatic ,1.2080536912751678
computer,1.2080536912751678
accessdate,1.2080536912751678
quantitative evaluation,1.2080536912751678
momentary emotion ,1.2080536912751678
perceived ease,1.2080536912751678
assumption,1.2080536912751678
irish ergonomics society annual conference ,1.2080536912751678
designing pleasurable product ,1.2080536912751678
visual communication ,1.2080536912751678
creation,1.2080536912751678
contextual design ,1.2080536912751678
text messaging ,1.2080536912751678
influence,1.2080536912751678
similar,1.2080536912751678
issue ,1.2080536912751678
service ,1.2080536912751678
objective,1.2080536912751678
real life,1.2080536912751678
constraint ,1.2080536912751678
stage,1.2080536912751678
user requirement ,1.2080536912751678
external link ,1.2080536912751678
digital,1.2080536912751678
fact,1.2080536912751678
inclusive design ,1.2080536912751678
end ,1.2080536912751678
unsourced statement,1.2080536912751678
interactive product ,1.2080536912751678
fun,1.2080536912751678
learning approach,1.2080536912751678
entire code,1.2080536912751678
tasks and goal,1.2080536912751678
navigational element,1.2080536912751678
person s perception,1.2080536912751678
long-term ,1.2080536912751678
seven-point likert rating scale ,1.2080536912751678
social ,1.2080536912751678
daily life,1.2080536912751678
branch ,1.2080536912751678
york,1.2080536912751678
higher education,1.2080536912751678
inclusive design,1.2080536912751678
tasks and goal ,1.2080536912751678
ucd process,1.2080536912751678
song ,1.2080536912751678
bill,1.2080536912751678
law,1.2080536912751678
style editing,1.2080536912751678
stakeholder ,1.2080536912751678
real life ,1.2080536912751678
imaginary ,1.2080536912751678
traditional classroom approach,1.2080536912751678
short,1.2080536912751678
visual communication,1.2080536912751678
grudin,1.2080536912751678
act ,1.2080536912751678
presentation ,1.2080536912751678
primary stakeholder user ,1.2080536912751678
beginning ,1.2080536912751678
attitude ,1.2080536912751678
graphic,1.2080536912751678
empirical result ,1.2080536912751678
download,1.2080536912751678
field research,1.2080536912751678
person s perception ,1.2080536912751678
existence,1.2080536912751678
smaller task,1.2080536912751678
alan,1.2080536912751678
analysis tool ,1.2080536912751678
limitation,1.2080536912751678
communication design ,1.2080536912751678
pruitt and adlin,1.2080536912751678
ogilvyone,1.2080536912751678
definition,1.2080536912751678
lin,1.2080536912751678
engagement ,1.2080536912751678
product system ,1.2080536912751678
peter ,1.2080536912751678
effect ,1.2080536912751678
peter,1.2080536912751678
law ,1.2080536912751678
seven-point likert rating scale,1.2080536912751678
place ,1.2080536912751678
archetype user ,1.2080536912751678
extremely,1.2080536912751678
localization ,1.2080536912751678
portigal,1.2080536912751678
empirical result,1.2080536912751678
perception,1.2080536912751678
learning approach ,1.2080536912751678
shift,1.2080536912751678
scale ,1.2080536912751678
autonomy ,1.2080536912751678
digital ,1.2080536912751678
information structure ,1.2080536912751678
effectiveness ,1.2080536912751678
communication design,1.2080536912751678
dublin ,1.2080536912751678
share,1.2080536912751678
draper,1.2080536912751678
addition ,0.9664429530201343
addition,0.9664429530201343
organisation ,0.8053691275167786
behavior ,0.8053691275167786
behaviour,0.8053691275167786
member ,0.8053691275167786
organisation,0.8053691275167786
user interface ,0.8053691275167786
user interface,0.8053691275167786
behavior,0.8053691275167786
layout ,0.8053691275167786
citation ,0.8053691275167786
member,0.8053691275167786
citation,0.8053691275167786
layout,0.8053691275167786
behaviour ,0.8053691275167786
section ,0.7248322147651008
wikipedia,0.7248322147651008
section,0.7248322147651008
wikipedia ,0.7248322147651008
concept,0.6903163950143816
concept ,0.6903163950143816
following,0.6040268456375839
human face,0.6040268456375839
decision,0.6040268456375839
component ,0.6040268456375839
user research ,0.6040268456375839
benefit ,0.6040268456375839
fictional character,0.6040268456375839
donald,0.6040268456375839
design team ,0.6040268456375839
everyday thing,0.6040268456375839
component,0.6040268456375839
following ,0.6040268456375839
asylum,0.6040268456375839
human face ,0.6040268456375839
message ,0.6040268456375839
understanding ,0.6040268456375839
donald norman ,0.6040268456375839
inmate,0.6040268456375839
decision ,0.6040268456375839
asylum ,0.6040268456375839
donald norman,0.6040268456375839
everyday thing ,0.6040268456375839
inmate ,0.6040268456375839
design team,0.6040268456375839
benefit,0.6040268456375839
understanding,0.6040268456375839
message,0.6040268456375839
unit ,0.6040268456375839
industrial design ,0.6040268456375839
user research,0.6040268456375839
industrial design,0.6040268456375839
iso standard,0.6040268456375839
unit,0.6040268456375839
iso standard ,0.6040268456375839
donald ,0.6040268456375839
fictional character ,0.6040268456375839
set,0.483221476510067
result ,0.483221476510067
psychology ,0.483221476510067
thing ,0.483221476510067
thing,0.483221476510067
result,0.483221476510067
psychology,0.483221476510067
set ,0.483221476510067
support,0.4026845637583892
friend ,0.4026845637583892
interactive system ,0.4026845637583892
sense,0.4026845637583892
friend,0.4026845637583892
sense ,0.4026845637583892
table ,0.4026845637583892
interactive system,0.4026845637583892
information technology ,0.4026845637583892
number,0.4026845637583892
information technology,0.4026845637583892
table,0.4026845637583892
support ,0.4026845637583892
number ,0.4026845637583892
analyzing,0.0
traditional human-computer interaction hci design ,0.0
area ,0.0
use team ,0.0
v n nen-vainio-mattila,0.0
effective efficient and satisfying search,0.0
grudin j and pruitt ,0.0
technology resource ,0.0
uxdesign,0.0
brand pricing,0.0
feminist critique ,0.0
day ,0.0
fictional personal detail,0.0
leadership management methods pattern research science strategy ,0.0
abstract use case ,0.0
further imagination,0.0
regard,0.0
mcgraw hill,0.0
designer or developer,0.0
personal reflection or opinion essay ,0.0
design work ,0.0
intricate detail,0.0
carla willig,0.0
boston ,0.0
behavior or design graphic mockup ,0.0
no replication ,0.0
related concept ,0.0
web-based questionnaires author ,0.0
online and technology application ,0.0
design and evaluation ,0.0
aesthetic,0.0
unsourced material ,0.0
fictional persona ,0.0
command structure,0.0
mit press ,0.0
important element,0.0
active voice ,0.0
systems requirement,0.0
highly multi-disciplinary field ,0.0
common design pitfall ,0.0
word system ,0.0
l engaging personas and narrative scenario ,0.0
average-case scenario,0.0
environments research,0.0
original page,0.0
basis,0.0
key click,0.0
multidisciplinary skills and perspective,0.0
environments research ,0.0
regular user,0.0
targeting measurement,0.0
convenience ,0.0
austin henderson,0.0
search user experience ux,0.0
wording,0.0
search user-centered design ucd,0.0
criticism,0.0
final solution ,0.0
ux innovation ,0.0
noted pioneer software developer,0.0
north american term,0.0
behavior pattern ,0.0
brand s value ,0.0
ucd viewpoint ,0.0
similar bulk-text situation,0.0
individual but small detail ,0.0
basingstoke uk jenkinson ,0.0
perceived usefulness,0.0
george olsen usable persona academic tool ,0.0
no inactive link,0.0
expert ,0.0
strong brand ,0.0
single error ,0.0
google books further reading edit,0.0
momentary episodic ,0.0
delivery ,0.0
inference,0.0
key click ,0.0
contextual interface ,0.0
miramontes computing,0.0
legibility edit text,0.0
administrator email ,0.0
novice analyst,0.0
version tecfa links page ,0.0
pygmalion effect ,0.0
choong yee-yin and salvendy ,0.0
north american term ,0.0
verification,0.0
follow-up ,0.0
system usability scale sus,0.0
attributes e g,0.0
allaboutux org law,0.0
content inventory wireframes screen blueprints or storyboards prototype ,0.0
roi,0.0
development and validation ,0.0
engineering team ,0.0
design evaluation and implementation,0.0
drawback ,0.0
critical success factor ,0.0
connecting communities learning ccl,0.0
usability practitioner,0.0
ux design defined,0.0
critical success factor,0.0
service product ,0.0
construction,0.0
hcibib org perlman question cgi,0.0
italic word ,0.0
stetson,0.0
personas scenario ,0.0
computer software,0.0
recall,0.0
special kind ,0.0
aesthetics or look-and-feel ,0.0
life ,0.0
technical communication ad-hoc personas empathetic focus essay ,0.0
properly conceived guidelines incorporating business ,0.0
consequence ,0.0
verb ,0.0
designs feature,0.0
proposed solution,0.0
font style,0.0
different form,0.0
writer,0.0
tool tools intellectual property organization,0.0
affinity diagramming,0.0
clothes,0.0
great user experience,0.0
iso standard human-centred design ,0.0
crazy ,0.0
tutorial,0.0
online material,0.0
uxdesign ,0.0
actual user s reality,0.0
roi ,0.0
existing best practice ,0.0
multiple technical aspect ,0.0
responsibilities goal,0.0
no additional,0.0
workplace computer,0.0
purported flaw ,0.0
ucd principle,0.0
human s ability,0.0
important element ,0.0
similar user-centered design field,0.0
young child ,0.0
san francisco,0.0
efficiency effectiveness and basic subjective satisfaction,0.0
computer software ,0.0
hedonic aspect ,0.0
encyclopedia jump ,0.0
affective appeal ,0.0
michael jacob ,0.0
command structure ,0.0
emotion cpm ,0.0
expansion ,0.0
grudin and pruitt,0.0
jonas lowgren ,0.0
generic usability survey instrument,0.0
personas edit,0.0
advertising ,0.0
detailed and properly conceived guidelines incorporating business,0.0
product service or process,0.0
user-centric issue ,0.0
storyboards prototype ,0.0
focus group,0.0
comprehensibility ,0.0
screen design ,0.0
evangelo,0.0
platform ,0.0
pen portrait,0.0
aesthetics or look-and-feel,0.0
pleasure ,0.0
development project ,0.0
practical matter,0.0
sampling overall sample size,0.0
subject matter expert,0.0
proceedings western australian institute,0.0
user interface behavior ,0.0
valuable aspect ,0.0
existing best practice,0.0
designers edit,0.0
minimum,0.0
cad digital mockup,0.0
wider usage context,0.0
physical interaction ,0.0
brand product,0.0
actual customer,0.0
larger more complicated code,0.0
rules blog dks share ,0.0
life,0.0
end user ,0.0
sigma,0.0
five-point response item ,0.0
school empathic design frugal innovation kansei engineering,0.0
minor steps and detail ,0.0
strong focus,0.0
rsi,0.0
user experience architect,0.0
meaningful manner,0.0
conventional persona creation,0.0
questionnaire lin et al,0.0
facebookshare ,0.0
web-based questionnaires page,0.0
sanity,0.0
earlier work citation,0.0
encyclopedia jump,0.0
brand s value,0.0
fable ,0.0
traditional user interface ,0.0
personas references edit william lidwell,0.0
help main page recent change,0.0
labeled section ,0.0
brand product ,0.0
use questionnaire author ,0.0
commentary,0.0
use and understanding,0.0
explicit understanding ,0.0
simple step ,0.0
performance,0.0
learning environment instrument,0.0
higher importance ,0.0
palatable format ,0.0
different interpretation,0.0
strength,0.0
content management system,0.0
software application ,0.0
sue peer-reviewed online textbook ,0.0
techniques series type,0.0
explicit understanding,0.0
development project,0.0
creating persona ,0.0
google books further reading edit ,0.0
customer-centric technical publication ,0.0
evidence ,0.0
talk page,0.0
sam,0.0
consuming,0.0
no url wikipedia article ,0.0
coherent identity ,0.0
visitor ,0.0
alan cooper ,0.0
working,0.0
audience feedback,0.0
starting point ,0.0
website design ,0.0
extent ,0.0
further possible problem ,0.0
proliferation ,0.0
consumer product ,0.0
essential element ,0.0
type meaningful order,0.0
skill level ,0.0
learning-friendly environment,0.0
applied art,0.0
assembly,0.0
envisioning work ,0.0
common values attitude ,0.0
universal principle,0.0
circumstance,0.0
theory and method,0.0
skills required edit,0.0
virpi,0.0
year ,0.0
extreme environment,0.0
manufacturing planner,0.0
purported flaw,0.0
candid descriptor ,0.0
customizable web-based perl,0.0
personal human face ,0.0
citizen science,0.0
word ,0.0
job role and skill level ,0.0
www ibm com developerworks library w-berry ,0.0
empathy ,0.0
visibility edit visibility,0.0
freely available questionnaire ,0.0
gestalt psychology,0.0
ethnographic research edit ,0.0
user experience research ,0.0
ux matter,0.0
edutech wiki disclaimer ,0.0
affinity ,0.0
underlying logic ,0.0
influence user experience,0.0
site audit usability study,0.0
practical experiential affective meaningful and valuable aspect,0.0
specific consistent understanding,0.0
s persona non grata ,0.0
maidenhead ,0.0
explanation ,0.0
exact definition ,0.0
concern ,0.0
technology community ,0.0
human computer interaction user,0.0
tamara ,0.0
commentary ,0.0
successful experience,0.0
use case examples ratio group,0.0
hawthorne effect ,0.0
nominal ,0.0
primary focus,0.0
content design discipline ,0.0
cognitive science ,0.0
han x,0.0
software designer ,0.0
design aspect ,0.0
sample sizes tullis and stetson,0.0
recall ,0.0
full extent ,0.0
visual design edit,0.0
bad usability,0.0
chart ,0.0
visual design and layout,0.0
actual physical world,0.0
ornamental font ,0.0
effective user assistance development ,0.0
wizard,0.0
contextual inquiry,0.0
programming,0.0
qualitative persona,0.0
advanced skill ,0.0
questionnaire lin et al ,0.0
guided assistance,0.0
conventional persona creation ,0.0
interface element,0.0
specific web usability questionnaire,0.0
everyday life ,0.0
background,0.0
individual person,0.0
servicesshare,0.0
applied art ,0.0
kujala ,0.0
karapano ,0.0
market segmentation,0.0
salvendy ,0.0
response item ,0.0
quiz ,0.0
no clear relationship,0.0
edutech wiki usability,0.0
sub-optimal user experience ,0.0
internal characteristic,0.0
system virtual or physical,0.0
science education ,0.0
common values attitudes and assumption,0.0
physical characteristic ,0.0
larger task ,0.0
perl script,0.0
systems requirement ,0.0
recent connection,0.0
reliable result ,0.0
great user experience ,0.0
s heuristic evaluation nielsen,0.0
mental model,0.0
brand loyalty ,0.0
sum ,0.0
momentary episodic and long-term,0.0
hfes history,0.0
servicesshare ,0.0
localization external,0.0
age ,0.0
sinnel ,0.0
audience feedback ,0.0
examples and offers principle,0.0
dimension,0.0
page number,0.0
usable product,0.0
information architecture and user interface,0.0
interface define interaction pattern,0.0
equal footing ,0.0
concern,0.0
expectation effect,0.0
convenience,0.0
c n milham ,0.0
user-centered design edit,0.0
forms edit instruction manual edit,0.0
quality information,0.0
skill,0.0
user-centered evaluation,0.0
individual person ,0.0
delivery,0.0
system or application,0.0
hci design designing pleasurable product ,0.0
effectiveness efficiency,0.0
carla willig ,0.0
system or application ,0.0
electronic survey,0.0
multimedia technology eg animation,0.0
darrell l fisher ,0.0
interview,0.0
hci and usability ,0.0
behavior pattern,0.0
team politics,0.0
personal reflection or opinion essay,0.0
first thinking ,0.0
real life occurrence ,0.0
software application,0.0
reliability,0.0
non-digital device ,0.0
segmentation,0.0
people team,0.0
first ,0.0
complete song,0.0
gather,0.0
high-tech products drive ,0.0
different inputs mode ,0.0
pragmatic and hedonic aspect ,0.0
intersect,0.0
large ,0.0
don norman making personas more powerful,0.0
licencing status ,0.0
scope,0.0
en wikipedia ,0.0
richer scope,0.0
product ownership ,0.0
visibility accessibility legibility and language ,0.0
apple computer,0.0
no relation ,0.0
multidisciplinary design branch ,0.0
elsevier science,0.0
essential ,0.0
service product or interaction space,0.0
opinion essay ,0.0
morgan kaufmann,0.0
user behaviour,0.0
momentary experience ,0.0
real people,0.0
internal characteristic ,0.0
human factors and ergonomics society,0.0
sub-field,0.0
human computer interaction usability technical communication internet marketing terminology,0.0
guide,0.0
review ,0.0
usability attribute ,0.0
pdf printable version tool ,0.0
user-centered design process,0.0
waikoloa ,0.0
reliable source ,0.0
products and service,0.0
good overall user experience,0.0
ucd principle ,0.0
in-the-mind simulation written specification ,0.0
cognitive perspective,0.0
unsentimental honest and candid descriptor,0.0
edit buxton ,0.0
tamara,0.0
way ,0.0
main target ,0.0
first three aspect,0.0
humans gatherspace ,0.0
direct,0.0
no difficulty ,0.0
kluwer academic publisher ,0.0
screen size ,0.0
first three aspect ,0.0
tasks and environment,0.0
point ,0.0
artifact,0.0
mixture,0.0
generative method ,0.0
kuniavsky ,0.0
latest ui pattern ,0.0
customer-centered design ,0.0
learning curve,0.0
context incorporate user,0.0
root ,0.0
essential element,0.0
stetson ,0.0
learning-friendly environment ,0.0
strong focus ,0.0
don norman,0.0
actual person,0.0
gestalt psychology and visual perception,0.0
first six item,0.0
broad collection ,0.0
online interface,0.0
f d davis ,0.0
skill level,0.0
instance,0.0
skill ,0.0
in-the-mind simulation written specification,0.0
science education,0.0
affordance,0.0
personas scenario,0.0
cause-and effect scheme,0.0
model,0.0
sum,0.0
practically all area,0.0
actual customer ,0.0
no replication or sampling overall sample size,0.0
sue peer-reviewed online textbook,0.0
information architecture and user interface ,0.0
references or source,0.0
help system ,0.0
benefits edit user experience design,0.0
palgrave macmillan ,0.0
search ,0.0
effective efficient,0.0
reliability ,0.0
jenifer ,0.0
long-term user experience ,0.0
elements edit ,0.0
variety,0.0
questionnaire putq author,0.0
label ,0.0
examples and offers principle ,0.0
gestalt psychology and visual perception ,0.0
procedural ,0.0
gestalt psychology ,0.0
content inventory wireframes screen blueprint ,0.0
david travis ,0.0
everyday life,0.0
mere usability ,0.0
learning survey,0.0
motivation,0.0
software development ,0.0
no url wikipedia article,0.0
unsentimental honest and candid descriptor ,0.0
tribe ,0.0
peer-reviewed definition,0.0
system usability scale sus ,0.0
kritina holden,0.0
mode ,0.0
technology application,0.0
video game,0.0
researcher,0.0
scattered user group,0.0
system virtual ,0.0
small detail ,0.0
finding and managing edit ,0.0
pdf printable version tool,0.0
entire practice ,0.0
use davis ,0.0
user experience and usability navigation menu personal tool,0.0
ux innovation,0.0
online help edit,0.0
boston,0.0
deal ,0.0
soft metric,0.0
length,0.0
participatory design and product development ,0.0
different user type ,0.0
scanning ,0.0
learning process,0.0
designs feature ,0.0
job performance ,0.0
symbol ,0.0
don norman ,0.0
access,0.0
customize system ,0.0
dictionary ,0.0
chapman and milham,0.0
small body text,0.0
tasks and environment ,0.0
imaginal character,0.0
short sentence ,0.0
fictional story ,0.0
usability engineering,0.0
iceberg analogy,0.0
bold,0.0
netherlands ,0.0
full extent,0.0
intersect ,0.0
brainstorming ,0.0
berry ,0.0
online interface ,0.0
choice criticism edit ,0.0
common values attitudes and assumption ,0.0
dead external links article,0.0
administrator email,0.0
participatory design session,0.0
chief difference,0.0
ibm ease ,0.0
circumstance ,0.0
riders press ,0.0
broad range,0.0
rest,0.0
page number ,0.0
expectation ,0.0
kritina holden ,0.0
final aspect,0.0
positive user experience,0.0
tutorial information,0.0
tiny interaction,0.0
palatable format,0.0
mean,0.0
descriptive,0.0
partially controlled study,0.0
website design,0.0
writing editing task analysis ,0.0
satisfying search ,0.0
desire,0.0
branding people,0.0
gesture,0.0
affective appeal,0.0
special kind,0.0
entry,0.0
advanced skill,0.0
mean ,0.0
specific website,0.0
worst-case scenario,0.0
colour,0.0
bolding,0.0
distinctive ,0.0
referential design ,0.0
further possible problem,0.0
sound audience,0.0
encyclopedic style ,0.0
permission ,0.0
localization external ,0.0
constituent part,0.0
segmentation ,0.0
broader category ,0.0
customer-centric technical publication,0.0
online and technology application,0.0
human-computer interaction interaction design ,0.0
quality relationship,0.0
no assumption ,0.0
hypothesized group,0.0
scientific method,0.0
online marketing purpose ,0.0
side,0.0
understanding interaction design,0.0
learning survey ,0.0
user inputs proceeding ,0.0
background increases legibility ,0.0
edit moser ,0.0
create ,0.0
secondary school,0.0
define,0.0
short period ,0.0
online marketing purpose,0.0
product decision,0.0
multiple issue,0.0
sequence,0.0
usability practitioner ,0.0
geographical location ,0.0
client ,0.0
content object ,0.0
pragmatic and hedonic aspect,0.0
educational technology ,0.0
user satisfaction,0.0
first solution,0.0
specific website ,0.0
intricate details and interaction ,0.0
no inactive link ,0.0
pre-requisite behavioral concern ,0.0
software designer,0.0
motion graphics design,0.0
hci and usability,0.0
url ,0.0
envisioning work,0.0
large pool,0.0
extreme outliers or edge case,0.0
perspective,0.0
encyclopedic style,0.0
visual design and layout ,0.0
marketing branding visual design ,0.0
general characteristics uses and best practice,0.0
don norman user experience questionnaire ,0.0
statement ,0.0
high demand,0.0
iso definition,0.0
different stakeholder ,0.0
momentary experience,0.0
computing systems conference,0.0
psychology anthropology architecture sociology computer science ,0.0
usability engineering ,0.0
general characteristic ,0.0
product lifecycle management systems edit ,0.0
perceived usefulness ,0.0
constituent part ,0.0
exercise,0.0
granted,0.0
color ,0.0
aesthetic ,0.0
no replication or sampling overall sample size ,0.0
chapter,0.0
hypothetical user ,0.0
emotions help,0.0
ux design defined ,0.0
partially controlled study ,0.0
hawaii international conference ,0.0
information science reference ,0.0
product cycle,0.0
former example,0.0
effective efficient and satisfying search ,0.0
critical ,0.0
process and implementation,0.0
phd,0.0
user attitude,0.0
programmer,0.0
customizable web-based perl ,0.0
social or cultural issue ,0.0
vjollca ahmeti ,0.0
b pruitt john adlin ,0.0
practical matter ,0.0
humans gatherspace,0.0
pivotal role,0.0
s particular feeling ,0.0
needed part ,0.0
experience design software development process core activities requirement,0.0
orientation,0.0
vrije universiteit ,0.0
actual context ,0.0
contributing factor,0.0
pedagogy engagement ,0.0
momentary emotion or overall user experience edit,0.0
alan cooper,0.0
www ueq-online,0.0
typical user,0.0
latest ui pattern,0.0
effectiveness efficiency and satisfaction ,0.0
small detail,0.0
vol ,0.0
researcher and designer,0.0
scientific research method,0.0
defining persona,0.0
hierarchy,0.0
motivation ,0.0
difficult ,0.0
design aspect,0.0
gestalt ,0.0
large pool ,0.0
rating scale,0.0
technology community,0.0
typical stakeholder ,0.0
unsourced material,0.0
reasoning,0.0
fourth problem,0.0
effectiveness efficiency ,0.0
collaboration ,0.0
tiny interaction ,0.0
writing editing task analysis,0.0
effective user assistance development,0.0
usability evaluation perlman,0.0
social context,0.0
system development,0.0
type,0.0
scenario questionnaire lewis,0.0
interactive world,0.0
different form ,0.0
broad range ,0.0
bold ,0.0
interaction-design org ,0.0
investigative method ,0.0
day-in-the-life archetype description ,0.0
validation and application,0.0
database marketing,0.0
afke donker ,0.0
user-focused design discussion,0.0
color-coding ,0.0
occasional and regular user,0.0
pleasure,0.0
first column labelled actor second column labelled world,0.0
fictional story,0.0
edit moggridge ,0.0
final aspect ,0.0
communication skill,0.0
visual design edit ,0.0
wiktionary ,0.0
cad digital mockup ,0.0
christian,0.0
feature requirement ,0.0
design focus cooper,0.0
book download,0.0
affective aspect ,0.0
installation procedure ,0.0
traditional definition,0.0
complete song ,0.0
dimension ,0.0
validation,0.0
no replication,0.0
colorado,0.0
agreement,0.0
art and science ,0.0
focus group ,0.0
information architecture edit information architecture,0.0
designers design,0.0
l engaging persona,0.0
writer ,0.0
edit tidwell,0.0
different user type,0.0
real world test ,0.0
edutech wiki jump,0.0
series ,0.0
human performance ,0.0
online business ,0.0
look-and-feel,0.0
physical characteristic,0.0
laugwitz b schrepp m held ,0.0
interface element ,0.0
good design ,0.0
j l quantitative evaluation ,0.0
tasks motivation,0.0
surprise,0.0
critic,0.0
high figure-ground contrast,0.0
acting ,0.0
hcbib org ,0.0
product or service,0.0
existing asset,0.0
regular user ,0.0
latest ui patterns and component,0.0
short period,0.0
site,0.0
personality and characteristic,0.0
guidance ,0.0
personas scenarios and essential use case ,0.0
product service,0.0
different inputs mode,0.0
device ,0.0
electronic form perlman ,0.0
scenarios site map ,0.0
job role ,0.0
enterprise knowledge base ,0.0
colorado ,0.0
customer immersion ,0.0
empowerment ,0.0
non-random fashion,0.0
term persona,0.0
empathy,0.0
account ,0.0
afke donker,0.0
branding people ,0.0
instruction manual computer and video game,0.0
pleasurable end user experience ,0.0
integrated interaction,0.0
progress ,0.0
detailed ,0.0
motion graphics design ,0.0
small problem,0.0
short or insufficient piece ,0.0
sigma ,0.0
wide use ,0.0
no difficulty,0.0
construction and evaluation,0.0
edit user interface internationalization,0.0
future perspective ,0.0
quynh le,0.0
visibility edit visibility ,0.0
moderate skill ,0.0
web navigation,0.0
geographical location,0.0
begeistern ,0.0
rhetorical situation edit ,0.0
different software system,0.0
human ,0.0
attention,0.0
pruitt et al ,0.0
smaller interaction experience ,0.0
persona lifecycle ,0.0
reliable source,0.0
user interface behavior,0.0
ibm ,0.0
good usability ,0.0
content strategy,0.0
average-case scenario ,0.0
general characteristic,0.0
multiple technical aspect,0.0
committee ,0.0
private group,0.0
similar vein ,0.0
no clear relationship ,0.0
benefits edit user experience design ,0.0
www ibm com developerworks library w-berry,0.0
screen design,0.0
international handbook ,0.0
following section ,0.0
team member,0.0
mother tongue ,0.0
interaction plan,0.0
small piece ,0.0
garrett ,0.0
design documentation ,0.0
pedagogy engagement and empowerment ,0.0
bolding ,0.0
ieee internet computing ,0.0
final bigger task ,0.0
best-case scenario,0.0
pleasurable end user experience,0.0
actual interaction episode,0.0
important concern,0.0
success ,0.0
growth ,0.0
actual person ,0.0
skills required edit ,0.0
v n nen-vainio-mattila ,0.0
albert ,0.0
card sorting ,0.0
unsentimental honest,0.0
given period,0.0
site ,0.0
goals capabilities and context ,0.0
gender ,0.0
respective column,0.0
sound ,0.0
degree,0.0
self-evaluation ,0.0
design engineer,0.0
real life occurrence,0.0
nominal,0.0
insufficient piece,0.0
common design pitfall,0.0
designing website ,0.0
minor steps and detail,0.0
software user assistance resources microsoft ,0.0
similar buying behaviour,0.0
temporal level ,0.0
hawthorne effect,0.0
satisfying search,0.0
language edit ,0.0
guided assistance ,0.0
product ownership,0.0
b chapman,0.0
product decision ,0.0
michael jacob,0.0
orientation ,0.0
consuming ,0.0
boredom,0.0
original link ,0.0
originality and creativity,0.0
unnecessary product feature ,0.0
usability navigation menu personal tool ,0.0
peer-evaluation,0.0
written instruction ,0.0
emotional design,0.0
acceptance,0.0
retrieved,0.0
electronic survey ,0.0
database marketing ,0.0
design consideration ,0.0
s attribute ,0.0
typical stakeholder,0.0
intelligent design new product development philosophy,0.0
short questionnaire,0.0
metadata ,0.0
traditional definition ,0.0
design evaluation ,0.0
case specification,0.0
references or source ,0.0
thought process,0.0
main contributor,0.0
clothes ,0.0
multi-stage problem solving process,0.0
personality,0.0
strategic segmentation,0.0
mother tongue,0.0
richer scope ,0.0
front end ,0.0
purpose edit ucd ,0.0
day-in-the-life archetype description,0.0
sme interviewing,0.0
hfes history ,0.0
government,0.0
research agenda,0.0
instance ,0.0
originality ,0.0
grammar ,0.0
mit erlebniszentrierter softwareentwicklung zu produkten,0.0
ibm,0.0
context edit ,0.0
direct ,0.0
stereotypical user,0.0
user acceptance,0.0
effective visual communication ,0.0
instruction manual computer,0.0
verbal report,0.0
task goal,0.0
imaginal or fictional character ,0.0
usability nielsen,0.0
idea,0.0
rapid technological advancement ,0.0
momentary emotion or overall user experience edit ,0.0
candid descriptor,0.0
service product,0.0
proposed index,0.0
broader category,0.0
contextual interface,0.0
learning goal,0.0
private group ,0.0
wide range ,0.0
required adjustments audience applause ,0.0
practical experiential affective meaningful and valuable aspect ,0.0
term persona ,0.0
c n milham,0.0
tool tools intellectual property organization ,0.0
web-based usability evaluation questionnaire ,0.0
sample sizes tulli ,0.0
deal,0.0
exercise ,0.0
basic smaller part,0.0
capital letter,0.0
capture,0.0
wider knowledge,0.0
usability and findability ,0.0
long-term relation ,0.0
hand ,0.0
accessibility edit accessibility,0.0
target user ,0.0
extension ,0.0
real interface behaviour and attitude,0.0
affective interaction ,0.0
jonas lowgren,0.0
labeled section,0.0
thrive,0.0
related concept,0.0
former example ,0.0
implementation ,0.0
essential guide,0.0
real article,0.0
information medium ,0.0
riders press,0.0
integration,0.0
frequently asked question ,0.0
managing edit ,0.0
careful analysis,0.0
specific persona,0.0
affinity diagramming and participatory design session ,0.0
methodology,0.0
user-centered design and marketing,0.0
color,0.0
growth,0.0
no additional ,0.0
specific emotional episode,0.0
benefits edit ,0.0
chicago good design award ,0.0
help system,0.0
stereotypical archetype ,0.0
typical output,0.0
suitable place ,0.0
equal footing,0.0
privacy policy ,0.0
commitment,0.0
citizen science ,0.0
light background,0.0
pedagogy engagement and empowerment,0.0
fictional persona,0.0
committee,0.0
representative ,0.0
research methods education ,0.0
expert,0.0
term usability pre-date,0.0
typical feature,0.0
information edit,0.0
usability including pragmatic aspect,0.0
arnold m lund,0.0
tutor respond ,0.0
asynchronous nature ,0.0
different designer ,0.0
validity and or reliability ,0.0
similar vein,0.0
usage context situation,0.0
satisfaction and achievement ,0.0
market segmentation ,0.0
cloak ,0.0
traditional form ,0.0
extension,0.0
computing systems conference ,0.0
drag-drop selections mouse ,0.0
account,0.0
tangible interaction,0.0
design portal action research activity-centered design chief experience officer ,0.0
non-digital device,0.0
perl script ,0.0
ergonomics society ,0.0
italic,0.0
usability and findability,0.0
persona edit,0.0
age,0.0
features definition ,0.0
facet ,0.0
quote ,0.0
personas method,0.0
glance,0.0
scenario edit,0.0
basingstoke uk jenkinson,0.0
narrative ,0.0
target user population ,0.0
quality assurance ,0.0
virpi ,0.0
recent connection ,0.0
theory,0.0
quynh le ,0.0
jenifer,0.0
computing use case market segment personalization dave ,0.0
noun string,0.0
website unnecessarily complex,0.0
further imagination ,0.0
sequence ,0.0
user-centered evaluation ,0.0
crazy,0.0
workplace computer ,0.0
human-computer interaction interaction design,0.0
usability navigation menu personal tool,0.0
analyzing ,0.0
grudin j ,0.0
anticipated use ,0.0
christian ,0.0
shared understanding,0.0
ux definition,0.0
real world test,0.0
technology resource,0.0
substantial attention,0.0
extreme outliers or edge case ,0.0
intricate detail ,0.0
garrett,0.0
b chapman ,0.0
development and design ,0.0
visual element,0.0
easy navigation,0.0
research method,0.0
meaningful manner ,0.0
no control ,0.0
background information section,0.0
disclaimer ,0.0
technology-rich learning environment ,0.0
usability edit usability,0.0
cad cam and cax process,0.0
evangelo ,0.0
typical life,0.0
mcgraw hill ,0.0
given period ,0.0
usage context situation ,0.0
interaction space ,0.0
original page ,0.0
forms edit instruction manual edit ,0.0
introduction page ,0.0
usability testing,0.0
linkedin software user assistance group,0.0
screen size,0.0
product appreciation ,0.0
blended web-based learning environment,0.0
ucd viewpoint,0.0
single archetypal user ,0.0
common values attitude,0.0
human factors and ergonomics ,0.0
case specification ,0.0
user assistance professional,0.0
critical,0.0
subject matter expert ,0.0
stc usability sig newsletter ,0.0
key step,0.0
proposed solution ,0.0
influence user experience ,0.0
ability,0.0
ethnographic study,0.0
acceptance ,0.0
don norman user experience questionnaire,0.0
history edit,0.0
goals and behavior ,0.0
front,0.0
boredom ,0.0
phone ,0.0
klaus r scherer ,0.0
social context ,0.0
b pruitt john adlin,0.0
proliferation,0.0
user interface text,0.0
simple step,0.0
individual system ,0.0
generalized user ,0.0
recall and verbal report ,0.0
scenarios site map,0.0
small problem ,0.0
stereotypical archetype,0.0
extensive attention ,0.0
reason ,0.0
construction ,0.0
design principle ,0.0
reality check,0.0
key factor ,0.0
goals and behavior,0.0
use or anticipated use ,0.0
content inventory wireframes screen blueprints or storyboards prototype,0.0
usability addresses aspect,0.0
human face and existence ,0.0
nature ,0.0
simplified average ,0.0
similar bulk-text situation ,0.0
hand,0.0
reach,0.0
recent advance,0.0
karapano,0.0
diversified and scattered user group,0.0
generalized perception,0.0
position paper,0.0
design documentation,0.0
instruction manual computer and video game ,0.0
subfield ,0.0
hawaii international conference,0.0
performer assess performance,0.0
software development,0.0
website wireframe intellectual property community design design,0.0
provider,0.0
experience level ,0.0
scientific research edit,0.0
important concern ,0.0
tutorials print export,0.0
edutechwiki unige ch mediawiki index php,0.0
responsibilities goal ,0.0
precise visual ,0.0
disclaimer,0.0
human-computer interaction further reading edit norman,0.0
performer assess performance ,0.0
coherent identity,0.0
basic building unit ,0.0
typical output ,0.0
specific consistent understanding ,0.0
human-computer interaction edit,0.0
interactive computing system,0.0
facebookshare,0.0
retrieved ,0.0
regular web based lesson,0.0
help main page recent change ,0.0
well-written text ,0.0
soft metric ,0.0
collecting ,0.0
licencing status,0.0
reality check ,0.0
referential design,0.0
human user ,0.0
search user-centered design ucd ,0.0
scope ,0.0
mode,0.0
motion graphics design and animation,0.0
designing interaction ,0.0
gather ,0.0
higher importance,0.0
interaction design edit ,0.0
rules blog dks share,0.0
active voice,0.0
point,0.0
use and efficiency ,0.0
gestalt,0.0
user interface satisfaction chin et al,0.0
bi-annual participatory design conference ,0.0
ethnicity,0.0
pedagogy engagement,0.0
diversified and scattered user group ,0.0
pace,0.0
web-based questionnaires author,0.0
contributing factors or expectation effect,0.0
related detail,0.0
contextual inquiry customer experience design,0.0
designing interaction,0.0
online help ,0.0
extreme outlier,0.0
worst-case scenario ,0.0
broad collection,0.0
attention ,0.0
emotion cpm,0.0
search function ,0.0
edutech wiki disclaimer,0.0
follow-up,0.0
chandra vinesh,0.0
starting point,0.0
instruction manual computer ,0.0
chapter ignored use dmy date,0.0
large or small body text ,0.0
subject matter,0.0
component-based usability ,0.0
subject-matter expert sme ,0.0
easy navigation and findability ,0.0
popular questionnaire ,0.0
secondary issue,0.0
wider knowledge ,0.0
ux definition ,0.0
use or anticipated use,0.0
event or action,0.0
scientific logic,0.0
installation procedure,0.0
interprets performance ,0.0
palgrave macmillan,0.0
persona user experience ,0.0
affinity diagramming and participatory design session,0.0
s learning curve,0.0
freely available questionnaire,0.0
short questionnaire ,0.0
easy navigation and findability,0.0
application development ,0.0
director eduction element,0.0
nielsen,0.0
essential,0.0
usability methods and techniques series type ,0.0
actual user ,0.0
colour ,0.0
chandra vinesh ,0.0
complicated task,0.0
kort,0.0
design evaluation and implementation ,0.0
language edit,0.0
design consideration,0.0
adaptive path,0.0
term usability pre-date ,0.0
first step ,0.0
extreme outlier ,0.0
socio-political and organization,0.0
scenario questionnaire lewis ,0.0
small variant ,0.0
conversation,0.0
well-written text,0.0
sweden,0.0
consumer ,0.0
actual physical world ,0.0
tribe,0.0
system virtual,0.0
qualitative research,0.0
laugwitz b schrepp m held,0.0
investigative method,0.0
design principle,0.0
phd ,0.0
information edit ,0.0
minor step ,0.0
persona fictitious user ,0.0
exact definition,0.0
root,0.0
brand buyer,0.0
self-evaluation,0.0
edit user interface internationalization ,0.0
consumer,0.0
content inventory wireframes screen blueprint,0.0
customer base,0.0
learning goal ,0.0
user experience and usability ,0.0
outcome ,0.0
satisfaction and achievement,0.0
descriptive ,0.0
average joe,0.0
product appreciation,0.0
interactive world ,0.0
educational software ,0.0
label,0.0
given ,0.0
usability addresses aspect ,0.0
digital and non-digital device,0.0
edutech wiki jump ,0.0
opinion essay,0.0
use case edit ,0.0
pruitt et al,0.0
design experience,0.0
creativity,0.0
main research question,0.0
human-computer interaction further reading edit norman ,0.0
tasks motivation ,0.0
development and validation,0.0
presenting usability metric,0.0
ability ,0.0
sari ,0.0
universe ,0.0
holzinger ,0.0
ethnicity ,0.0
wording ,0.0
novice analyst ,0.0
george olsen usable persona academic tool,0.0
information architecture edit information architecture ,0.0
human-computer interaction edit ,0.0
personas method ,0.0
acronym instrument reference institution example quis questionnaire,0.0
cognitive perspective ,0.0
roto,0.0
stereotypical user ,0.0
validation ,0.0
hci design designing pleasurable product,0.0
contextual inquiry design thinking empathic design human-centered computing ,0.0
managing edit,0.0
user experience questionnaire ,0.0
sufficient usability ,0.0
prototype testing ,0.0
technical library,0.0
contributing factors or expectation effect ,0.0
validation and application ,0.0
report,0.0
primary stakeholder user group,0.0
experience design uxd,0.0
visual perception ,0.0
understanding interaction design ,0.0
persona fictitious user,0.0
jurek kirakowski ,0.0
intelligent design new product development philosophy ,0.0
scientific method ,0.0
hypothesis ,0.0
paper form,0.0
efficiency effectiveness ,0.0
personal reflection,0.0
additional citation,0.0
organizational issue,0.0
usability people ,0.0
opinion ,0.0
contextual inquiry design thinking empathic design human-centered computing,0.0
peer ,0.0
user experience and product appreciation,0.0
software product,0.0
labeling,0.0
detailed and properly conceived guidelines incorporating business ,0.0
visual perception,0.0
type meaningful order or hierarchy,0.0
information and feature,0.0
working ,0.0
interactive computing system ,0.0
sweden ,0.0
anti-persona,0.0
pen portrait ,0.0
single archetypal user,0.0
performance ,0.0
improvement,0.0
technical communication ad-hoc personas empathetic focus essay,0.0
united kingdom ,0.0
finding and managing edit,0.0
iso definition ,0.0
world wide web,0.0
search user experience ux ,0.0
creator ,0.0
publication ,0.0
fable,0.0
positive attitude,0.0
open-ended positive negative comment,0.0
procedural and tutorial information ,0.0
guide ,0.0
v s chang ,0.0
wide use,0.0
content management system ,0.0
simplified average,0.0
web-based questionnaires page ,0.0
product service ,0.0
user interface text ,0.0
group project ,0.0
recent advance ,0.0
large or small body text,0.0
external links edit ,0.0
single experience ,0.0
acting,0.0
basic smaller part ,0.0
multidisciplinary skills and perspective ,0.0
expansion,0.0
usability people,0.0
main target,0.0
fourth problem ,0.0
computer system,0.0
edit buxton,0.0
user acceptance ,0.0
art and science,0.0
persona edit ,0.0
guitar display sheet music ,0.0
system user ,0.0
edit tidwell ,0.0
netherlands,0.0
grammar,0.0
infancy,0.0
user experience and usability navigation menu personal tool ,0.0
implementation,0.0
identification,0.0
personality and characteristic ,0.0
professor and student ,0.0
linkedin software user assistance group ,0.0
technique,0.0
process and implementation ,0.0
real article ,0.0
s attribute,0.0
generalized user,0.0
qualitative research ,0.0
website user experience,0.0
user experience questionnaire ueq,0.0
year,0.0
artifact ,0.0
respective column ,0.0
entire practice,0.0
pace ,0.0
distinct group,0.0
conversation ,0.0
usability nielsen ,0.0
careful analysis ,0.0
bad usability ,0.0
fictional personal detail ,0.0
validity ,0.0
visibility accessibility legibility,0.0
mobile ubiquitous social,0.0
originality,0.0
adventure,0.0
denver,0.0
cc by-nc-sa licence ,0.0
usability methods and techniques series type,0.0
use case edit,0.0
contextual inquiry ,0.0
key step ,0.0
hawthorne effect or pygmalion effect,0.0
basic subjective satisfaction,0.0
user experience design edit ,0.0
pdf equivalent ,0.0
cad cam and cax process ,0.0
chart,0.0
progress,0.0
chief difference ,0.0
design edit user experience design,0.0
choong yee-yin,0.0
different stakeholder,0.0
usability and design ,0.0
approaches edit,0.0
socio-political and organization ,0.0
online help edit ,0.0
bi-annual participatory design conference,0.0
logical sequence,0.0
stubs ergonomics ,0.0
thrive ,0.0
target population,0.0
designing website,0.0
structuring ,0.0
phrase word ,0.0
reproducible research ,0.0
long-term relation,0.0
rest ,0.0
austin henderson ,0.0
tangible interaction ,0.0
proper context,0.0
ogilvyone cooper ,0.0
reasoning ,0.0
cloak,0.0
imaginal character ,0.0
design and development ,0.0
no assumption,0.0
darrell l fisher,0.0
verb,0.0
different design constraint,0.0
human s ability ,0.0
ornamental font,0.0
engineer,0.0
representative,0.0
font style ,0.0
device,0.0
morgan kaufmann publisher,0.0
peer-reviewed definition ,0.0
four core aspect,0.0
jargon ,0.0
infrastructure ,0.0
practically all area ,0.0
traditional user interface,0.0
industry,0.0
verbal report ,0.0
no problem,0.0
distinct group ,0.0
research methods education and instruction,0.0
imprecise meaning,0.0
manufacturability,0.0
instructional design ,0.0
typical feature ,0.0
emotions help ,0.0
engineering team,0.0
short analysis,0.0
programming ,0.0
product lifecycle management systems edit,0.0
brand pricing ,0.0
expected end result ,0.0
light background ,0.0
choong yee-yin and salvendy,0.0
helander s handbook ,0.0
product cycle ,0.0
color-coding,0.0
use davis,0.0
roto ,0.0
affordance ,0.0
diversified ,0.0
mind,0.0
hypothesized group ,0.0
key factor,0.0
emotional ,0.0
igi global,0.0
human computer interaction usability technical communication internet marketing terminology ,0.0
valuable aspect,0.0
interprets performance,0.0
small piece,0.0
real interface behaviour,0.0
questionnaire putq author ,0.0
participatory design session ,0.0
text message ,0.0
legibility edit text ,0.0
enough information ,0.0
system development ,0.0
standard user interface evaluation questionnaire form,0.0
design edit user experience design ,0.0
ued ,0.0
user attitude ,0.0
sufficient usability,0.0
metadata,0.0
achievement,0.0
chapman and milham ,0.0
system science ,0.0
typical life ,0.0
general term,0.0
permission,0.0
position paper ,0.0
epub big brother new pages contribution scores popular page,0.0
design and evaluation,0.0
elastic user ,0.0
representation,0.0
reach ,0.0
participation ,0.0
england jenkinson,0.0
samfundslitteratur,0.0
specific persona ,0.0
design evaluation,0.0
state,0.0
salvendy,0.0
quote,0.0
use questionnaire author,0.0
originality and creativity ,0.0
pdf equivalent,0.0
related detail ,0.0
user experience and usability,0.0
usability evaluation perlman ,0.0
l engaging persona ,0.0
user interfaces root draper,0.0
grudin j,0.0
socio-political,0.0
end user,0.0
fundamental,0.0
first six item ,0.0
secondary school ,0.0
italic ,0.0
nielsen ,0.0
location ,0.0
structuring,0.0
search,0.0
affinity diagramming ,0.0
pre-requisite behavioral concern,0.0
complicated task ,0.0
text message,0.0
web-based usability evaluation questionnaire,0.0
basic concept ,0.0
email fax bulletin board,0.0
editor,0.0
malmo ,0.0
design work,0.0
screen design and command structure,0.0
human activity ,0.0
strong brand,0.0
storyboards prototype,0.0
adventure ,0.0
enough information,0.0
holistic perspective,0.0
primary focus ,0.0
content object,0.0
product development cf ,0.0
actual user s reality ,0.0
affective interaction,0.0
persona user experience,0.0
low level task ,0.0
usability professional,0.0
draft interaction design,0.0
substantial attention ,0.0
physical interaction,0.0
type ,0.0
grudin and pruitt ,0.0
side ,0.0
copyright ,0.0
opinion,0.0
industry ,0.0
picture demographics role ,0.0
desire ,0.0
interaction design ixd ,0.0
end-user,0.0
devices edit ,0.0
privacy policy,0.0
ergonomics society,0.0
minimum ,0.0
scandinavian tradition,0.0
machine ,0.0
job role and skill level,0.0
technique ,0.0
user experience questionnaire,0.0
empirical study,0.0
sub-field ,0.0
sam ,0.0
area,0.0
specific emotional episode ,0.0
use and understanding ,0.0
tutorials print export ,0.0
hypothesis,0.0
best-case scenario ,0.0
key research finding,0.0
user experience architect ,0.0
personas scenarios and essential use case,0.0
graphic treatment ,0.0
scientific logic ,0.0
widespread use,0.0
waikoloa,0.0
emerging field,0.0
cc by-nc-sa licence,0.0
system aspect,0.0
kort ,0.0
sample sizes tulli,0.0
design focus cooper ,0.0
personal reflection ,0.0
ethnographic research edit,0.0
earlier work citation ,0.0
user satisfaction ,0.0
learning curve ,0.0
organizational objective ,0.0
feedback completes performance use case,0.0
user interfaces root draper ,0.0
offers principle ,0.0
different design constraint ,0.0
key role ,0.0
edutechwiki unige ch mediawiki index php ,0.0
main contributor ,0.0
human factors and ergonomics society ,0.0
perspective ,0.0
detailed,0.0
individual perception,0.0
vjollca ahmeti,0.0
usability edit usability ,0.0
secondary issue ,0.0
designers edit ,0.0
version tecfa links page,0.0
application development,0.0
short or insufficient piece,0.0
design measure ,0.0
arnold m lund ,0.0
default ,0.0
location,0.0
tinier task,0.0
early user experience publication ,0.0
campus class attendance,0.0
l engaging personas and narrative scenario,0.0
individual user persona,0.0
insufficient piece ,0.0
usage circumstance,0.0
maidenhead,0.0
context incorporate user ,0.0
high-tech products drive,0.0
sound audience ,0.0
transgenerational design ubiquitous computing usability ,0.0
machine,0.0
statement,0.0
mit erlebniszentrierter softwareentwicklung zu produkten ,0.0
design and development,0.0
field research process ,0.0
way,0.0
typical user ,0.0
personas edit ,0.0
programmer ,0.0
strength ,0.0
define ,0.0
subset ,0.0
rise,0.0
international standard,0.0
practical experiential affective meaningful,0.0
wide range,0.0
occasional and regular user ,0.0
mental model ,0.0
criticism edit criticism,0.0
design engineer ,0.0
iceberg analogy ,0.0
expansion and extension,0.0
qualititative perception ,0.0
sari,0.0
hedonic aspect,0.0
edit moser,0.0
design portal action research activity-centered design chief experience officer,0.0
klaus r scherer,0.0
brand product or service ,0.0
suitable place,0.0
software user assistance resources microsoft,0.0
glance ,0.0
technical term ,0.0
system science,0.0
copyright,0.0
psychology anthropology architecture sociology computer science,0.0
professor ,0.0
anticipated use,0.0
different interpretation ,0.0
system user,0.0
job performance,0.0
ornamental fonts and text ,0.0
behavior or design graphic mockup,0.0
rockport publisher ,0.0
use team,0.0
ibm ease,0.0
drawback,0.0
persona lifecycle,0.0
noun string ,0.0
interactive or in-the-mind simulation written specification ,0.0
small variant,0.0
target population ,0.0
future perspective,0.0
designers design ,0.0
scientific research edit ,0.0
affinity,0.0
products and service ,0.0
san francisco ,0.0
occasional ,0.0
phrase word,0.0
representation ,0.0
report ,0.0
facet,0.0
human use ,0.0
universally recognized definition ,0.0
audience group,0.0
validity,0.0
gender,0.0
granted ,0.0
chunking ,0.0
surprise ,0.0
tutorial information ,0.0
special content,0.0
choong yee-yin ,0.0
external links edit,0.0
interface define interaction pattern ,0.0
design experience ,0.0
online help,0.0
customize system,0.0
human user,0.0
rockport publisher,0.0
john m making use,0.0
research methods education and instruction ,0.0
ui design ,0.0
human use,0.0
edit scenario,0.0
quality assurance,0.0
unsentimental honest ,0.0
practical experiential affective meaningful ,0.0
construction and evaluation ,0.0
apple computer ,0.0
instructional design,0.0
provider ,0.0
touching,0.0
customer base ,0.0
cambridge ,0.0
server,0.0
kuniavsky,0.0
user-centered design and marketing ,0.0
emotional or physical characteristic,0.0
ui design,0.0
edit scenario ,0.0
england jenkinson ,0.0
easy navigation ,0.0
ux curve,0.0
travelling,0.0
d fisher ,0.0
scattered user group ,0.0
user assistance professional ,0.0
phrase ,0.0
mind ,0.0
usability attribute,0.0
history edit ,0.0
create,0.0
occasional,0.0
traditional form,0.0
user multitasking ,0.0
interview ,0.0
experience design uxd ,0.0
system aspect ,0.0
user persona ,0.0
search function,0.0
f d davis,0.0
additional citation ,0.0
email fax bulletin board ,0.0
software product ,0.0
research methods education,0.0
industries association design council international forum design,0.0
elements edit,0.0
narrative scenario ,0.0
inference ,0.0
emotional or physical characteristic ,0.0
relative usability,0.0
browsing ,0.0
visitor,0.0
special content ,0.0
genre,0.0
user-focused design discussion ,0.0
specific web usability questionnaire ,0.0
multidisciplinary design branch,0.0
existing asset ,0.0
use and efficiency,0.0
criticism edit criticism ,0.0
single error,0.0
following question ,0.0
different software system ,0.0
albert,0.0
people team ,0.0
stubs ergonomics,0.0
user experience and product appreciation ,0.0
technical library ,0.0
epub big brother new pages contribution scores popular page ,0.0
effective visual communication,0.0
simply a small action,0.0
s particular feeling,0.0
individual user persona ,0.0
company,0.0
online material ,0.0
word,0.0
s heuristic evaluation nielsen ,0.0
fleming,0.0
successful experience ,0.0
secondary persona ,0.0
principal ,0.0
usable product ,0.0
vol,0.0
audience group ,0.0
young child,0.0
jurek kirakowski,0.0
event or action ,0.0
marketer ,0.0
date ,0.0
no control,0.0
publication,0.0
early user experience publication,0.0
fewest step,0.0
qualia,0.0
connecting communities learning ccl ,0.0
key research finding ,0.0
participatory design pd ,0.0
research agenda ,0.0
video ,0.0
qualitative persona ,0.0
shared understanding ,0.0
following question,0.0
en wikipedia,0.0
assembly ,0.0
cultural issue ,0.0
empirical study ,0.0
distinctive and meaningful manner,0.0
malmo,0.0
video,0.0
company ,0.0
animation,0.0
pivotal role ,0.0
unnecessary product feature,0.0
first thinking,0.0
no problem ,0.0
touching ,0.0
researcher and designer ,0.0
required adjustments audience applause,0.0
mobile ubiquitous social ,0.0
reliable result,0.0
edutech wiki usability ,0.0
integration ,0.0
comprehensibility,0.0
customer-centered design,0.0
random page ,0.0
project organization,0.0
content design discipline,0.0
vermeeren ,0.0
jargon,0.0
social or cultural issue,0.0
international handbook,0.0
user interface satisfaction chin et al ,0.0
emphasis,0.0
guitar display sheet music,0.0
introduction page,0.0
sub-optimal user experience,0.0
simple sentence structure,0.0
five-point response item,0.0
secondary persona,0.0
precise visual,0.0
utility ,0.0
attributes e g ,0.0
non-random fashion ,0.0
genre ,0.0
resources perform,0.0
utility,0.0
hypothetical user,0.0
use case examples ratio group ,0.0
matches user expectation,0.0
fewest step ,0.0
client,0.0
designing interface ,0.0
human computer interaction ,0.0
engineer ,0.0
design graphic mockup ,0.0
begeistern,0.0
greenbaum kyng ed,0.0
transgenerational design ubiquitous computing usability,0.0
minor step,0.0
distinctive and meaningful manner ,0.0
usage circumstance ,0.0
background increases legibility,0.0
proposed index ,0.0
actual interaction episode ,0.0
basis ,0.0
asynchronous nature,0.0
cultural issue,0.0
day,0.0
achievement ,0.0
qualititative perception,0.0
general characteristics uses and best practice ,0.0
large,0.0
guidance,0.0
vermeeren,0.0
devices edit,0.0
evidence,0.0
mere usability,0.0
creator,0.0
presenting usability metric ,0.0
open-ended positive negative comment ,0.0
effectively ,0.0
ethnographic study ,0.0
labeling edit structuring ,0.0
cause-and effect scheme ,0.0
user-centered design process ,0.0
real interface behaviour ,0.0
diversity ,0.0
essential guide ,0.0
regular web based lesson ,0.0
final bigger task,0.0
targeting measurement and analysis,0.0
b j fraser k g tobin,0.0
actual context,0.0
drag-drop selections mouse,0.0
average joe ,0.0
digital and non-digital device ,0.0
italic word,0.0
reason,0.0
rating scale ,0.0
cax process ,0.0
intricate details and interaction,0.0
methodology ,0.0
given,0.0
effective efficient ,0.0
basic concept,0.0
identification ,0.0
scandinavian tradition ,0.0
widespread use ,0.0
front end,0.0
usability professional ,0.0
home,0.0
edit moggridge,0.0
experience design software development process core activities requirement ,0.0
proceedings western australian institute ,0.0
basic subjective satisfaction ,0.0
feminist critique,0.0
quiz,0.0
pygmalion effect,0.0
sample sizes tullis and stetson ,0.0
dead external links article ,0.0
relative usability ,0.0
diversity,0.0
human computer interaction,0.0
user multitasking,0.0
end-user ,0.0
smug customer-centricity ,0.0
choice criticism edit,0.0
segment,0.0
narrative,0.0
helander s handbook,0.0
qualia ,0.0
elastic user,0.0
computer system ,0.0
low level task,0.0
short analysis ,0.0
user-centred designer ,0.0
logical sequence ,0.0
segment ,0.0
emphasis ,0.0
expected end result,0.0
cambridge,0.0
tutorial ,0.0
cad cam ,0.0
iso standard human-centred design,0.0
different designer,0.0
chapter ,0.0
length ,0.0
user assistance profession,0.0
professor and student,0.0
generative method,0.0
creativity ,0.0
interaction-design org,0.0
participatory design and product development,0.0
subset,0.0
front ,0.0
high figure-ground contrast ,0.0
thao le ,0.0
state ,0.0
expectation effect ,0.0
sinnel,0.0
designer or developer ,0.0
website wireframe intellectual property community design design ,0.0
ux curve ,0.0
general term ,0.0
product service or process ,0.0
user assistance profession ,0.0
handful ,0.0
procedural and tutorial information,0.0
actual low level process,0.0
demographic,0.0
anecdotal feedback,0.0
empowerment,0.0
service product or interaction space ,0.0
information and feature ,0.0
video game ,0.0
multidisciplinary skill ,0.0
industries association design council international forum design ,0.0
target user,0.0
procedural,0.0
human face and existence,0.0
no relation,0.0
scanning,0.0
tinier task ,0.0
website user experience ,0.0
team politics ,0.0
affective aspect,0.0
card sorting,0.0
buzzword ,0.0
improved user experience,0.0
imprecise meaning ,0.0
professor,0.0
picture demographics role,0.0
participatory design pd,0.0
rapid technological advancement,0.0
first column labelled actor second column labelled world ,0.0
website unnecessarily complex ,0.0
chapter ignored use dmy date ,0.0
v s chang,0.0
electronic form perlman,0.0
advertising,0.0
framework ,0.0
model ,0.0
difficult,0.0
united kingdom,0.0
accessibility edit user ,0.0
s persona non grata,0.0
manufacturability ,0.0
fleming ,0.0
background information section ,0.0
regard ,0.0
handful,0.0
temporal level,0.0
user needs and goal,0.0
b j fraser k g tobin ,0.0
interaction plan ,0.0
multimedia technology eg animation ,0.0
prototype testing,0.0
thought process ,0.0
draft interaction design ,0.0
understood,0.0
approaches edit ,0.0
kaisa ,0.0
j persona ,0.0
generalized perception ,0.0
acronym instrument reference institution example quis questionnaire ,0.0
explanation,0.0
leadership management methods pattern research science strategy,0.0
agreement ,0.0
url,0.0
efficiency effectiveness and basic subjective satisfaction ,0.0
learning process ,0.0
sound,0.0
animation ,0.0
moderate skill,0.0
real people ,0.0
expectation,0.0
context edit,0.0
wiktionary,0.0
simple sentence structure ,0.0
patrick w jordan ,0.0
ux matter ,0.0
subject matter ,0.0
smug customer-centricity,0.0
quality relationship ,0.0
online business,0.0
interaction space,0.0
paper form ,0.0
emotional design ,0.0
consumer product,0.0
reproducible research,0.0
enterprise knowledge base,0.0
look-and-feel ,0.0
grudin j and pruitt,0.0
marketing branding visual design,0.0
simple story,0.0
actual user,0.0
mit press,0.0
cognitive science,0.0
designing interface,0.0
aid navigation,0.0
hawthorne effect or pygmalion effect ,0.0
o reilly associate ,0.0
stc usability sig newsletter,0.0
technology-rich learning environment,0.0
resources perform ,0.0
wiley ,0.0
platform,0.0
user experience design edit,0.0
variety ,0.0
expansion and extension ,0.0
product development cf,0.0
sampling overall sample size ,0.0
dark text,0.0
contributing factor ,0.0
user needs and goal ,0.0
interaction design ixd,0.0
improvement ,0.0
framework,0.0
interaction design edit,0.0
imaginal or fictional character,0.0
popular questionnaire,0.0
simply a small action ,0.0
hcbib org,0.0
benefits edit,0.0
positive attitude ,0.0
contextual environment ,0.0
holzinger,0.0
phone,0.0
scenario edit ,0.0
multiple issue ,0.0
individual system,0.0
important task,0.0
effectively,0.0
user experience research,0.0
original link,0.0
ieee internet computing,0.0
structured approach,0.0
dark text ,0.0
article or section ,0.0
schuler namioka,0.0
larger more complicated code ,0.0
validity and or reliability,0.0
thao le,0.0
offers principle,0.0
no procedure,0.0
igi global ,0.0
brand buyer ,0.0
accessibility edit accessibility ,0.0
david travis,0.0
article or section,0.0
higher course evaluation ,0.0
user behaviour ,0.0
infancy ,0.0
aid navigation ,0.0
hierarchy ,0.0
experience level,0.0
high demand ,0.0
anti-persona ,0.0
good overall user experience ,0.0
technology application ,0.0
first,0.0
browsing,0.0
type meaningful order or hierarchy ,0.0
project organization ,0.0
long-term user experience,0.0
required information,0.0
principal,0.0
similar user-centered design field ,0.0
educational technology,0.0
schuler namioka ,0.0
holistic perspective ,0.0
universe,0.0
emerging field ,0.0
capital letter ,0.0
introduction,0.0
review,0.0
designers and user,0.0
type meaningful order ,0.0
universally recognized definition,0.0
standard user interface evaluation questionnaire form ,0.0
berry,0.0
team member ,0.0
essence ,0.0
extensive attention,0.0
improved user experience ,0.0
effectiveness efficiency and satisfaction,0.0
user-centred designer,0.0
structured approach ,0.0
understood ,0.0
school empathic design frugal innovation kansei engineering ,0.0
information science reference,0.0
ued,0.0
common shared understanding ,0.0
features definition,0.0
information medium,0.0
techniques series type ,0.0
access ,0.0
brand product or service,0.0
travelling ,0.0
d fisher,0.0
future,0.0
user-centered approach,0.0
o reilly associate,0.0
personas references edit william lidwell ,0.0
sme interviewing ,0.0
product or service ,0.0
consequence,0.0
rhetorical situation edit,0.0
future ,0.0
cax process,0.0
basic building unit,0.0
peer-evaluation ,0.0
motion graphics design and animation ,0.0
higher course evaluation,0.0
print simple persona ,0.0
real interface behaviour and attitude ,0.0
vrije universiteit,0.0
chat line ,0.0
organizational objective,0.0
task goal ,0.0
momentary episodic and long-term ,0.0
human-centered design ,0.0
capture ,0.0
good usability,0.0
critic ,0.0
user-centered design edit ,0.0
human factors and ergonomics,0.0
contextual environment,0.0
adaptive path ,0.0
scientific research method ,0.0
elsevier science ,0.0
traditional human-computer interaction hci design,0.0
development and design,0.0
emotional,0.0
mixture ,0.0
larger task,0.0
marketer,0.0
efficiency effectiveness,0.0
short sentence,0.0
momentary episodic,0.0
human-centered design,0.0
human computer interaction user ,0.0
simple story ,0.0
actual low level process ,0.0
design graphic mockup,0.0
morgan kaufmann publisher ,0.0
user inputs proceeding,0.0
chat line,0.0
text and background increases legibility,0.0
chicago good design award,0.0
angus jenkinson ,0.0
job role,0.0
j persona,0.0
research method ,0.0
user-centered approach ,0.0
interactive or in-the-mind simulation written specification,0.0
idea ,0.0
first solution ,0.0
don norman making personas more powerful ,0.0
frequently asked question,0.0
series,0.0
purpose edit ucd,0.0
organizational issue ,0.0
gesture ,0.0
socio-political ,0.0
matches user expectation ,0.0
communication skill ,0.0
usability method ,0.0
brand loyalty,0.0
ornamental fonts and text,0.0
usability including pragmatic aspect ,0.0
campus class attendance ,0.0
outcome,0.0
subject-matter expert sme,0.0
design measure,0.0
power ,0.0
no procedure ,0.0
participation,0.0
phrase,0.0
important task ,0.0
visibility accessibility legibility ,0.0
word system,0.0
print simple persona,0.0
labeling ,0.0
positive user experience ,0.0
theory and method ,0.0
samfundslitteratur ,0.0
smaller interaction experience,0.0
needed part,0.0
kujala,0.0
home ,0.0
blended web-based learning environment ,0.0
human performance,0.0
extent,0.0
denver ,0.0
system virtual or physical ,0.0
interaction designers critical ,0.0
labeling edit structuring,0.0
small body text ,0.0
contextual inquiry customer experience design ,0.0
noted pioneer software developer ,0.0
wider usage context ,0.0
peer,0.0
feedback completes performance use case ,0.0
recall and verbal report,0.0
verification ,0.0
learning environment instrument ,0.0
human,0.0
s learning curve ,0.0
editor ,0.0
similar buying behaviour ,0.0
following section,0.0
respect ,0.0
audience edit ,0.0
degree ,0.0
hcibib org perlman question cgi ,0.0
talk page ,0.0
feature requirement,0.0
content strategy ,0.0
nature,0.0
response item,0.0
written instruction,0.0
director eduction element ,0.0
group project,0.0
specific segment,0.0
rsi ,0.0
introduction ,0.0
targeting measurement ,0.0
background ,0.0
component-based usability,0.0
commitment ,0.0
date,0.0
buzzword,0.0
usability and design,0.0
specific segment ,0.0
manufacturing planner ,0.0
site audit usability study ,0.0
four core aspect ,0.0
sanity ,0.0
server ,0.0
usability testing ,0.0
quality information ,0.0
instruction ,0.0
infrastructure,0.0
respect,0.0
personal human face,0.0
essence,0.0
demographic ,0.0
customer immersion,0.0
designers and user ,0.0
strategic segmentation ,0.0
required information ,0.0
collecting,0.0
human activity,0.0
diversified,0.0
random page,0.0
kluwer academic publisher,0.0
user persona,0.0
single experience,0.0
narrative scenario,0.0
personality ,0.0
primary stakeholder user group ,0.0
angus jenkinson,0.0
computing use case market segment personalization dave,0.0
graphic treatment,0.0
j l quantitative evaluation,0.0
world wide web ,0.0
multi-stage problem solving process ,0.0
proper context ,0.0
instruction,0.0
rise ,0.0
text and background increases legibility ,0.0
visibility accessibility legibility and language,0.0
success,0.0
interaction designers critical,0.0
people teams or organisation,0.0
www ueq-online ,0.0
international standard ,0.0
distinctive,0.0
highly multi-disciplinary field,0.0
screen design and command structure ,0.0
government ,0.0
criticism ,0.0
defining persona ,0.0
creating persona,0.0
entry ,0.0
extreme environment ,0.0
good design,0.0
people teams or organisation ,0.0
subfield,0.0
goals capabilities and context,0.0
integrated interaction ,0.0
latest ui patterns and component ,0.0
properly conceived guidelines incorporating business,0.0
usability method,0.0
multidisciplinary skill,0.0
collaboration,0.0
final solution,0.0
wizard ,0.0
user-centric issue,0.0
individual perception ,0.0
visual element ,0.0
theory ,0.0
book download ,0.0
dictionary,0.0
patrick w jordan,0.0
educational software,0.0
morgan kaufmann ,0.0
ogilvyone cooper,0.0
tutor respond,0.0
miramontes computing ,0.0
abstract use case,0.0
cad cam,0.0
user experience questionnaire ueq ,0.0
individual but small detail,0.0
fundamental ,0.0
web navigation ,0.0
power,0.0
john m making use ,0.0
symbol,0.0
allaboutux org law ,0.0
brainstorming,0.0
common shared understanding,0.0
targeting measurement and analysis ,0.0
target user population,0.0
default,0.0
universal principle ,0.0
chunking,0.0
technical term,0.0
audience edit,0.0
underlying logic,0.0
anecdotal feedback ,0.0
researcher ,0.0
han x ,0.0
generic usability survey instrument ,0.0
wiley,0.0
field research process,0.0
accessibility edit user,0.0
key role,0.0
greenbaum kyng ed ,0.0
main research question ,0.0
first step,0.0
kaisa,0.0
