project |Projects |project |projects |Project ,400.0
no no |No No ,326.0
software |Software |software ,268.0
proprietary |Proprietary ,228.0
no no no |No No No ,178.0
project management |project management |Project Management ,120.0
management |management ,120.0
project management software |project management software |Project Management Software |Project management software ,58.0
edit |edit ,54.0
unknown unknown unknown |Unknown Unknown Unknown ,50.0
issue |Issue |Issues |issue |issues ,44.0
tool |tools |Tools ,42.0
system |system ,40.0
software project management |software project management |Software project management |Software Project Management ,34.0
process |process |processes ,34.0
user |users |user ,34.0
no unknown |No Unknown ,34.0
java |Java ,30.0
no yes no yes no |No Yes No Yes No ,30.0
risk |risk |risks ,28.0
open |Open ,28.0
team |Teams |team |Team ,26.0
software project |software project |software projects ,24.0
category |category ,22.0
feature |features |Features ,22.0
no no yes no yes no |No No Yes No Yes No ,22.0
no unknown unknown proprietary |No Unknown Unknown Proprietary ,20.0
production |Production |production ,20.0
information |Information |information ,20.0
article |articles |article |Articles ,20.0
change |change |changes ,18.0
plan |plan ,16.0
archived |Archived ,16.0
original |original ,16.0
management software |management software ,16.0
conceptdraw |ConceptDraw ,16.0
requirement |requirements ,16.0
software development |software development ,16.0
net |NET ,14.0
task |task |Tasks |tasks ,14.0
list |list ,14.0
sciforma |Sciforma ,12.0
analysis |analysis ,12.0
control |control ,12.0
citation |citation |citations ,12.0
release |releases |release ,12.0
resource |resources |Resources ,12.0
projectmanager |ProjectManager ,12.0
testing |testing ,10.0
zoho |Zoho ,10.0
encyclopedia jump |encyclopedia Jump ,10.0
navigation |navigation ,10.0
matchware |MatchWare ,10.0
planning |planning ,10.0
scheduling |Scheduling ,10.0
example |Examples |example ,10.0
teambox |Teambox ,10.0
wikipedia |Wikipedia ,10.0
design |design ,10.0
aceproject |AceProject |Aceproject ,10.0
impact |impact ,10.0
work |work ,10.0
developer |developer |developers ,8.0
client |client |clients ,8.0
identifying |identifying ,8.0
zoho project |Zoho Projects ,8.0
method |method ,8.0
risk management |Risk management |risk management ,8.0
problem |problems |Problems |problem ,8.0
relevant stakeholder |relevant stakeholders ,8.0
customer |customers ,8.0
inloox |InLoox ,8.0
imanageproject |iManageProject ,8.0
general |general ,8.0
bug |bug ,8.0
project net |Project net ,8.0
monitoring |monitoring ,8.0
additional reference |additional references ,8.0
communication |communication ,8.0
product |products ,8.0
comparison |comparison |Comparison ,8.0
project planning |project planning |Project planning ,8.0
scope |scope ,8.0
content |contents |Contents ,8.0
easy |Easy ,8.0
celoxi |Celoxis ,8.0
environment |environments ,8.0
software production |software production ,8.0
twproject |Twproject ,8.0
desktop |desktop ,6.0
planta project |PLANTA Project ,6.0
isbn |ISBN ,6.0
phpgroupware |phpGroupWare ,6.0
help |help ,6.0
odoo |Odoo ,6.0
eworkplace apps issue tracker |eWorkplace Apps Issue Tracker ,6.0
manufacturing |manufacturing ,6.0
scheduling tool |Scheduling tools |scheduling tool ,6.0
schedule |schedules |schedule ,6.0
limited |limited ,6.0
central desktop |Central Desktop ,6.0
kayako helpdesk software |Kayako helpdesk software ,6.0
estimation |estimation ,6.0
workspace |workspace ,6.0
status |status ,6.0
purpose |purpose ,6.0
project plan |project plan ,6.0
software project management method |software project management methods ,6.0
altered |altered ,6.0
communicating |communicating ,6.0
software development process |software development processes |software development process ,6.0
experience |Experience ,6.0
manager |manager ,6.0
operation |operation ,6.0
deltek open plan |Deltek Open Plan ,6.0
release schedule |release schedule ,6.0
application |application ,6.0
project manager |project manager |project managers ,6.0
severity level |severity levels |severity level ,6.0
eclipse ppm software |Eclipse PPM software ,6.0
financialforce |FinancialForce ,6.0
agreeing |agreeing ,6.0
access |access ,6.0
workplan enterprise |WorkPLAN Enterprise ,6.0
en wikipedia |en wikipedia ,4.0
business analysts or software developer |business analysts or software developers ,4.0
release management |Release management |release management ,4.0
no trackersuite net |No TrackerSuite Net ,4.0
business |business ,4.0
following |following ,4.0
waterfall model |waterfall model ,4.0
support |support ,4.0
project schedule |project schedule |project schedules ,4.0
verification |verification ,4.0
additional citation |additional citations ,4.0
home |home ,4.0
construction |construction ,4.0
unsourced material |Unsourced material ,4.0
proprietary c |Proprietary C ,4.0
software tool |software tools ,4.0
no ceiton |No Ceiton ,4.0
subset |subset ,4.0
project monitoring and control |Project monitoring and control |project monitoring and control ,4.0
no macproject no |No MacProject No ,4.0
manage |Manage ,4.0
copy |copy ,4.0
business analyst |business analysts ,4.0
no hall |No Hall ,4.0
correctness |correctness ,4.0
practice |Practices |practice ,4.0
requirements analysis |Requirements analysis ,4.0
collaborate |Collaborate ,4.0
no ganttproject no |No GanttProject No ,4.0
software developer |software developers ,4.0
attention |attention ,4.0
no no openproject |No No OpenProject ,4.0
unit |unit ,4.0
reliable source |reliable sources ,4.0
recent change |recent changes ,4.0
actual |actual |Actuals ,4.0
wikimedia common |Wikimedia Commons ,4.0
person |person ,4.0
saa |SaaS ,4.0
people |people ,4.0
industry |industry ,4.0
platform |Platform ,4.0
team member |team members ,4.0
planio |Planio ,4.0
wikidata |Wikidata ,4.0
specialised tool |specialised tools ,4.0
no gpl ruby |No GPL Ruby ,4.0
limitation |limitation ,4.0
solution |solution ,4.0
requirements management |Requirements management ,4.0
no calligra plan |No Calligra Plan ,4.0
en wikipedia org w index php title category |en wikipedia org w index php title Category ,4.0
project monitoring |project monitoring |Project monitoring ,4.0
workplan enterprise no |WorkPLAN Enterprise No ,4.0
no phprojekt |No PHProjekt ,4.0
managing editor |managing editor ,4.0
issue tracker |issue tracker ,4.0
software engineering process |software engineering process ,4.0
similar |similar ,4.0
account |Account ,4.0
network |network ,4.0
john c reynolds |John C Reynolds ,4.0
no netpoint no |No NetPoint No ,4.0
sophistication |sophistication ,4.0
guide |guide ,4.0
common |common ,4.0
date |date ,4.0
estimate |estimates ,4.0
ability |ability ,4.0
local link |local link ,4.0
documentation |documentation ,4.0
unsourced statement |unsourced statements ,4.0
external link |External links ,4.0
document management |Document Management ,4.0
complete |complete ,4.0
rail |Rails ,4.0
non-central requirement |non-central requirement ,4.0
form |form ,4.0
software environment |software environment |software environments ,4.0
no no projecturf |No No Projecturf ,4.0
art |art ,4.0
position |position ,4.0
web browser |web browser ,4.0
important part |important part ,4.0
positive |positive ,4.0
large project |large projects ,4.0
program |program ,4.0
no copper project |No Copper Project ,4.0
order |order ,4.0
minor part |minor part ,4.0
realization |Realization ,4.0
bugzilla issuezilla |BugZilla IssueZilla ,2.0
no onepager pro no |No OnePager Pro No ,2.0
search free software portal |search Free software portal ,2.0
party |party ,2.0
no apache |No Apache ,2.0
project deviate |project deviates ,2.0
contributor |contributors ,2.0
no no prolog yes yes yes quickbase no |No No Prolog Yes Yes Yes QuickBase No ,2.0
current trend |current trend ,2.0
term issue |term issue ,2.0
f cont |F cont ,2.0
webfusion |Webfusion ,2.0
no mantisbt no yes no |No MantisBT No Yes No ,2.0
no teamdynamixhe |No TeamDynamixHE ,2.0
regard |regard ,2.0
evans |Evans ,2.0
aspect |aspects ,2.0
no kayako |No Kayako ,2.0
proprietary mavenlink |Proprietary Mavenlink ,2.0
no talygen no |No Talygen No ,2.0
unknown yes unknown hansoft no |Unknown Yes Unknown Hansoft No ,2.0
sub-discipline |sub-discipline ,2.0
software web-based hosted on-premises saas license programming language |Software Web-based Hosted On-Premises SaaS License Programming language ,2.0
use dmy date |Use dmy dates ,2.0
jargon |jargon ,2.0
identifying documenting prioritizing and agreeing |identifying documenting prioritizing and agreeing ,2.0
production system |production system ,2.0
no no inloox yes yes yes no |No No InLoox Yes Yes Yes No ,2.0
production aspect |production aspect ,2.0
no bontq no |No Bontq No ,2.0
english usage |English usage ,2.0
gpl open workbench |GPL Open Workbench ,2.0
software manager |software manager ,2.0
no unknown unknown proprietary netpoint |No Unknown Unknown Proprietary NetPoint ,2.0
system requirements poor reporting |system requirements Poor reporting ,2.0
unique object |unique objects ,2.0
development team |development teams ,2.0
collaboration software |collaboration software ,2.0
proprietary basecamp |Proprietary Basecamp ,2.0
no no merlin |No No Merlin ,2.0
sub-products and change |sub-products and changes ,2.0
no launchpad no |No Launchpad No ,2.0
spin-off project |spin-off projects ,2.0
top-down project planning |top-down project planning ,2.0
no proprietary swiftkanban |No Proprietary SwiftKanban ,2.0
proprietary traction teampage |Proprietary Traction TeamPage ,2.0
proprietary planner suite |Proprietary Planner Suite ,2.0
grallla |Grallla ,2.0
projectlibre r redmine |ProjectLibre R Redmine ,2.0
software development process edit |Software development process edit ,2.0
data stub |data stubs ,2.0
proprietary projectplace |Proprietary Projectplace ,2.0
common cause |common causes ,2.0
no unknown unknown gpl c |No Unknown Unknown GPL C ,2.0
fast |Fast ,2.0
cost maintenance |Cost maintenance ,2.0
evidence |Evidence ,2.0
no doolphy no |No Doolphy No ,2.0
proprietary features edit |Proprietary Features edit ,2.0
shift date |Shift Dates ,2.0
sub-product |sub-products ,2.0
estimation estimation |Estimation Estimation ,2.0
teaching programming and programming language |teaching programming and programming languages ,2.0
project time management |Project Time Management ,2.0
calendar |calendars ,2.0
proprietary asp net contactizer |Proprietary ASP NET Contactizer ,2.0
andrew |Andrew ,2.0
rich client |rich client ,2.0
software product underway |software product underway ,2.0
project management tool |Project management tools ,2.0
proper resource |proper resources ,2.0
eclipse public license python talygen |Eclipse Public License Python Talygen ,2.0
expected |expected ,2.0
proprietary testtrack |Proprietary TestTrack ,2.0
integrated edit |Integrated edit ,2.0
calendaring software comparison |Calendaring software Comparison ,2.0
optimum utilization |Optimum utilization ,2.0
appearance |appearance ,2.0
apache bloodhound yes yes no no no no |Apache Bloodhound Yes Yes No No No No ,2.0
programmer |programmers ,2.0
business concern |business concerns ,2.0
proprietary groupiful |Proprietary Groupiful ,2.0
collaborator |collaborators ,2.0
main article |main article ,2.0
big mainframe computer |big mainframe computers ,2.0
wrong color |wrong colors ,2.0
crucial part |crucial part ,2.0
no project team builder no |No Project Team Builder No ,2.0
features project management tool |features project management tool ,2.0
e setiawan |e Setiawan ,2.0
thin client |thin client ,2.0
job |Job ,2.0
gpl php droptask |GPL PHP DropTask ,2.0
no unknown unknown proprietary omniplan no |No Unknown Unknown Proprietary OmniPlan No ,2.0
hardware production |hardware production ,2.0
business software project management software |business software Project management software ,2.0
ceiton workflow system celoxis clarizen clickhome clicktime |Ceiton workflow system Celoxis Clarizen ClickHome ClickTime ,2.0
no unknown ubidesk yes yes yes no no |No Unknown Ubidesk Yes Yes Yes No No ,2.0
no projektron bcs no |No Projektron BCS No ,2.0
proprietary ceiton |Proprietary Ceiton ,2.0
unknown proprietary phpgroupware |Unknown Proprietary phpGroupWare ,2.0
newspaper |newspaper ,2.0
no jira no |No JIRA No ,2.0
no programming skill |no programming skills ,2.0
t taskjuggler |T TaskJuggler ,2.0
thought |thoughts ,2.0
no no imanageproject |No No iManageProject ,2.0
correct method |correct method ,2.0
available resource |available resource ,2.0
proprietary software project management method |proprietary software project management methods ,2.0
no proprietary priority matrix no |No Proprietary Priority Matrix No ,2.0
proprietary goodwerp |Proprietary Goodwerp ,2.0
incorrect font |incorrect font ,2.0
lower importance |lower importance ,2.0
no calligra plan no no yes no yes no |No Calligra Plan No No Yes No Yes No ,2.0
business application |business applications ,2.0
b c d vanhoucke m and a shtub |b c d Vanhoucke M and A Shtub ,2.0
improvement |improvement ,2.0
analyzing prioritizing and agreeing |analyzing prioritizing and agreeing ,2.0
type |type ,2.0
quality management |quality management ,2.0
murali chemuturi |Murali Chemuturi ,2.0
unrealistic |Unrealistic ,2.0
action |action ,2.0
proprietary version |Proprietary version ,2.0
gpl php workgroups davinci |GPL PHP Workgroups DaVinci ,2.0
microsoft r |Microsoft r ,2.0
java copper project |Java Copper Project ,2.0
proprietary ganttproject |Proprietary GanttProject ,2.0
no ganttic no |No Ganttic No ,2.0
critical high |Critical High ,2.0
imitate |imitates ,2.0
manage and collaborate |Manage and Collaborate ,2.0
cvs software |CVS software ,2.0
tracing prioritizing |tracing prioritizing ,2.0
j ross publishing |J Ross Publishing ,2.0
projects management tool |Projects management tools ,2.0
additional references commons category |additional references Commons category ,2.0
no feng office community edition no |No Feng Office Community Edition No ,2.0
cincinnati |Cincinnati ,2.0
lightweight self hosting web |Lightweight self hosting web ,2.0
hubstaff |Hubstaff ,2.0
normal operation |normal operation ,2.0
grinnell |Grinnell ,2.0
phprojekt |Phprojekt ,2.0
no microsoft project |No Microsoft Project ,2.0
art and science |art and science ,2.0
software industry |software industry ,2.0
common project management software tool type |common project management software tool types ,2.0
project team member |project team members ,2.0
database |database ,2.0
increase communication collaboration |Increase Communication Collaboration ,2.0
specific software project management tool |Specific software project management tools ,2.0
typo |typos ,2.0
no yes onepoint project |No Yes Onepoint Project ,2.0
mozilla public license php tom |Mozilla Public License PHP Tom ,2.0
proprietary clinked |Proprietary Clinked ,2.0
no brightpod no |No Brightpod No ,2.0
technique |Techniques ,2.0
effective project planning |Effective Project Planning ,2.0
budget management |budget management ,2.0
cyclic project delivery model |cyclic project delivery model ,2.0
proprietary ruby binfire |Proprietary Ruby Binfire ,2.0
business case |business case ,2.0
control edit |control edit ,2.0
xiii |XIII ,2.0
test release schedule |test release schedule ,2.0
single-user application |single-user applications ,2.0
project management institute |Project Management Institute ,2.0
img height |img height ,2.0
contingency plan |contingency plan ,2.0
apollo integrated project |Apollo integrated project ,2.0
test run |test runs ,2.0
subject matter expert |subject matter expert ,2.0
contribution edit project engineer |Contribution edit Project Engineer ,2.0
development estimation software references edit baioni |development estimation software References edit Baioni ,2.0
low |Low ,2.0
release schedule and communicating |release schedule and communicating ,2.0
chisel fossil scm hosting |CHISEL FOSSIL SCM HOSTING ,2.0
no concerto projects yes yes yes contactizer no |No Concerto Projects Yes Yes Yes Contactizer No ,2.0
style display inline |style display inline ,2.0
distributed team |distributed teams ,2.0
use |use ,2.0
repeated construction |repeated construction ,2.0
identifying documenting prioritizing |identifying documenting prioritizing ,2.0
web-based edit project management software |Web-based edit Project management software ,2.0
greene |Greene ,2.0
collaborators and customer |collaborators and customers ,2.0
multiple user |multiple users ,2.0
historical information |Historical information ,2.0
different section |different sections ,2.0
change control |change control ,2.0
typical requirement |Typical requirements ,2.0
general project management process |general project management processes ,2.0
project planning software |Project Planning Software ,2.0
medium |Medium ,2.0
project cost |project cost ,2.0
risk-benefit analysis |risk-benefit analysis ,2.0
online tool teambox |Online Tool Teambox ,2.0
synonym |synonym ,2.0
science |science ,2.0
newpaper sic |newpaper sic ,2.0
steve mcconnell resource |Steve McConnell Resources ,2.0
no collabtive no |No Collabtive No ,2.0
bug-tracking software |bug-tracking software ,2.0
computer-aided project management |Computer-Aided Project Management ,2.0
belief |belief ,2.0
no yes proprietary aceproject |No Yes Proprietary AceProject ,2.0
scheduler |scheduler ,2.0
products jira jira service desk confluence confluence question |Products JIRA JIRA Service Desk Confluence Confluence Questions ,2.0
email |emails ,2.0
freely |Freely ,2.0
case |cases ,2.0
personal project management application |personal project management application ,2.0
probability-based simulation activity |probability-based simulation Activity ,2.0
software archival agreement |software archival agreements ,2.0
feng office community edition yes no yes yes no |Feng Office Community Edition Yes No Yes Yes No ,2.0
openlab |OpenLab ,2.0
no eylean board |No Eylean Board ,2.0
john c reynolds rebut |John C Reynolds rebuts ,2.0
cory |Cory ,2.0
people or stakeholder |people or stakeholders ,2.0
no no teamcenter |No No Teamcenter ,2.0
system issue tracker |system Issue Tracker ,2.0
project customer |project customers ,2.0
approval |approval ,2.0
community |Community ,2.0
delivered product |delivered products ,2.0
no ubidesk no |No Ubidesk No ,2.0
instant messenger |instant messengers ,2.0
tablet |tablet ,2.0
internet scout project |Internet Scout Project ,2.0
source core |source core ,2.0
project management best software |Project Management Best Software ,2.0
no intellinote no |No Intellinote No ,2.0
risk manager |risk manager ,2.0
specialized software |specialized software ,2.0
non-specialised tool |non-specialised tools ,2.0
working |Working ,2.0
confusion |confusion ,2.0
resource allocation |resource allocation ,2.0
traction teampage yes yes yes yes no |Traction TeamPage Yes Yes Yes Yes No ,2.0
customer relationship management module |customer relationship management module ,2.0
tracing prioritizing and agreeing |tracing prioritizing and agreeing ,2.0
rails teamdynamixhe |Rails TeamDynamixHE ,2.0
proprietary in-step blue |Proprietary in-Step BLUE ,2.0
programming language |programming languages ,2.0
proprietary java tactic |Proprietary Java TACTIC ,2.0
fossil scm |Fossil SCM ,2.0
no open workbench no |No Open Workbench No ,2.0
first three item |first three items ,2.0
status meeting |status meetings ,2.0
pm world |PM World ,2.0
proprietary milestones professional no |Proprietary Milestones Professional No ,2.0
data management |Data Management ,2.0
no fasttrack schedule no |No FastTrack Schedule No ,2.0
no yes proprietary ruby lisaproject |No Yes Proprietary Ruby LisaProject ,2.0
bsd license python trackersuite net |BSD license Python TrackerSuite Net ,2.0
common delivery model |common delivery model ,2.0
defect tracking system |Defect Tracking Systems ,2.0
capacity |capacity ,2.0
lifestyle or home project |lifestyle or home projects ,2.0
techcrunch |Techcrunch ,2.0
unarticulated project goal |unarticulated project goals ,2.0
unit testing |unit testing ,2.0
no tom |No Tom ,2.0
providing information edit project planning software |Providing information edit Project planning software ,2.0
considerable overlap |considerable overlap ,2.0
philosophy edit |Philosophy edit ,2.0
appendix a project management |Appendix A Project Management ,2.0
expense tracking software |Expense Tracking Software ,2.0
clippod cloudforge computer-aided management |ClipPod CloudForge Computer-aided management ,2.0
no conceptdraw project |No ConceptDraw Project ,2.0
resource estimate |resource estimates ,2.0
no spider project yes yes yes tactic no |No Spider Project Yes Yes Yes TACTIC No ,2.0
hardware production and circuitry |hardware production and circuitry ,2.0
successful project management p |Successful Project Management p ,2.0
timeline and budget |timeline and budget ,2.0
simpler interface |simpler interfaces ,2.0
software budget management time tracking invoicing |Software Budget Management Time Tracking Invoicing ,2.0
c fusionforge yes yes unknown gpl php ganttic |C FusionForge Yes Yes Unknown GPL PHP Ganttic ,2.0
scheduling edit |Scheduling edit ,2.0
multiple small project |Multiple Small Projects ,2.0
client server architecture |client server architecture ,2.0
decision-making |decision-making ,2.0
software software |Software Software ,2.0
proprietary teamlab yes unknown yes gpl asp net twproject |Proprietary TeamLab Yes Unknown Yes GPL ASP NET Twproject ,2.0
preston |Preston ,2.0
no yes planisware |No Yes Planisware ,2.0
b c d vanhoucke m |b c d Vanhoucke M ,2.0
no no collabtive yes no no no no |No No Collabtive Yes No No No No ,2.0
web-based tool |Web-based tools ,2.0
shtub |Shtub ,2.0
general jalote |General Jalote ,2.0
company life |company life ,2.0
spacing |spacing ,2.0
no clippod no |No ClipPod No ,2.0
entrevista |Entrevista ,2.0
multi-project schedule |Multi-Project Schedule ,2.0
central desktop yes yes no no no |Central Desktop Yes Yes No No No ,2.0
definition |definition ,2.0
mantis bug tracker |Mantis Bug Tracker ,2.0
term opportunity |term opportunity ,2.0
subdiscipline |subdiscipline ,2.0
management-specific |management-specific ,2.0
applied software project management |Applied Software Project Management ,2.0
planio simple web-based project management |Planio Simple Web-Based Project Management ,2.0
politics |politics ,2.0
assign date |assign dates ,2.0
proper project goal |proper project goals ,2.0
timeduty timetac tmw systems tom |Timeduty TimeTac TMW Systems Tom ,2.0
no huddle no |No Huddle No ,2.0
similar method |similar methods ,2.0
long task |long tasks ,2.0
central desktop no yes no clarizen |Central Desktop No Yes No Clarizen ,2.0
software license |software license ,2.0
teambox launches web-based collaboration tool |Teambox Launches Web-Based Collaboration Tool ,2.0
number |number ,2.0
project management information system pmis |Project Management Information System PMIS ,2.0
estimation and planning scheduling cost control |estimation and planning scheduling cost control ,2.0
detail and sophistication |detail and sophistication ,2.0
design work |design work ,2.0
improved collaboration |Improved Collaboration ,2.0
service saa |Service SaaS ,2.0
fossil repository hosting |Fossil repository hosting ,2.0
anderson |Anderson ,2.0
windows mac linux |Windows Mac Linux ,2.0
given risk register |given risk register ,2.0
requested feature |requested feature ,2.0
software collaborative software issue |Software Collaborative software Issue ,2.0
unknown proprietary workplan enterprise |Unknown Proprietary WorkPLAN Enterprise ,2.0
established project management method |established project management methods ,2.0
nevogt |Nevogt ,2.0
project management software feature |Project Management Software Features ,2.0
scheduling method |scheduling methods ,2.0
open-source software |open-source software ,2.0
workload |workload ,2.0
newtown square |Newtown Square ,2.0
max |Max ,2.0
no genius project yes yes yes goodwerp no |No Genius Project Yes Yes Yes Goodwerp No ,2.0
no yes unknown asana |No Yes Unknown Asana ,2.0
altered needs or requirement |altered needs or requirements ,2.0
volume |Volume ,2.0
open source java eylean board no |Open source Java Eylean Board No ,2.0
emergency operation |emergency operations ,2.0
development effort |development efforts ,2.0
completion |completion ,2.0
technical aspect |technical aspect ,2.0
project and task information |project and task information ,2.0
screencast |Screencasts ,2.0
scout report archive |Scout Report Archives ,2.0
proprietary redbooth |Proprietary Redbooth ,2.0
consequence |consequences ,2.0
convention programming |convention programming ,2.0
integration testing |integration testing ,2.0
no mindgenius no |No MindGenius No ,2.0
track project plan |Track Project Plan ,2.0
proprietary java trello |Proprietary Java Trello ,2.0
e morochove |e Morochove ,2.0
proprietary clippod |Proprietary ClipPod ,2.0
holiday |holidays ,2.0
desktop software |desktop software ,2.0
edit project management project |edit Project management Project ,2.0
thing |thing ,2.0
proprietary realisor no |Proprietary Realisor No ,2.0
counter-productive design pattern |counter-productive design patterns ,2.0
desktop application |Desktop applications ,2.0
older version |older versions ,2.0
fasttrack schedule yes no yes yes yes no |FastTrack Schedule Yes No Yes Yes Yes No ,2.0
resource pool |resource pools ,2.0
leveling critical path activity duration estimation |leveling Critical path Activity duration estimation ,2.0
area |areas ,2.0
magazine article |magazine article ,2.0
proprietary java journyx |Proprietary Java Journyx ,2.0
further reading edit eric uyttewaal |Further reading edit Eric Uyttewaal ,2.0
task information |task information ,2.0
no endeavour software project management no no |No Endeavour Software Project Management No No ,2.0
administration system |administration systems ,2.0
no project kickstart |No Project KickStart ,2.0
s ruttloff |S Ruttloff ,2.0
extranets |extranets ,2.0
low cost |low cost ,2.0
needed resource |needed resources ,2.0
test environment |test environments ,2.0
gigaom |Gigaom ,2.0
project management tools feature |Project Management Tools Features ,2.0
negative term risk |negative term risk ,2.0
no unknown unknown proprietary easy |No Unknown Unknown Proprietary Easy ,2.0
smartphone or tablet |smartphone or tablet ,2.0
projects external |Projects External ,2.0
assumption |assumption ,2.0
project management institute italy |Project Management Institute Italy ,2.0
personal project management software |personal project management software ,2.0
early system |early systems ,2.0
no yes yes fogbugz no |No Yes Yes FogBugz No ,2.0
matching user requirement |matching user requirements ,2.0
gray zone |gray zone ,2.0
planned performance |planned performance ,2.0
true art |true art ,2.0
different definition |different definitions ,2.0
no projectplace no |No Projectplace No ,2.0
unknown unknown wrike |Unknown Unknown Wrike ,2.0
nnpp net-negative-producing-programmer |NNPP Net-Negative-Producing-Programmer ,2.0
cosmetic the system |Cosmetic The system ,2.0
single-user system |single-user system ,2.0
identical object |identical objects ,2.0
web application |web application ,2.0
project management methodology |project management methodology ,2.0
live internet access |live Internet access ,2.0
scott |Scott ,2.0
development |Development ,2.0
teammate |teammates ,2.0
no yes proprietary axosoft |No Yes Proprietary Axosoft ,2.0
project management software construction collaboration technology program evaluation |project management software Construction collaboration technology Program Evaluation ,2.0
practical cost management |Practical cost management ,2.0
no trello no |No Trello No ,2.0
src |src ,2.0
early day |early days ,2.0
change level |change level ,2.0
personal edit |Personal edit ,2.0
no no libreplan yes no yes no yes no |No No LibrePlan Yes No Yes No Yes No ,2.0
lowest severity issue |lowest severity issue ,2.0
positive outcome |positive outcomes ,2.0
pc world |PC World ,2.0
task management |Task Management ,2.0
no workgroups davinci |No Workgroups DaVinci ,2.0
source code |source code ,2.0
basecamp com help faq tech-requirement |basecamp com help faq tech-requirements ,2.0
complex environment |complex environments ,2.0
planning scheduling cost control |planning scheduling cost control ,2.0
anti-patterns ineffective |anti-patterns ineffective ,2.0
computing |computing ,2.0
openoffice org |OpenOffice org ,2.0
level |level ,2.0
entire process |entire process ,2.0
proprietary kayako |Proprietary Kayako ,2.0
b stellman |b Stellman ,2.0
professional |Professionals ,2.0
single user system |single user systems ,2.0
single executable |single executable ,2.0
concept |concepts ,2.0
computer consulting firm |computer consulting firms ,2.0
proprietary quickbase |Proprietary QuickBase ,2.0
change impact analysis |Change impact analysis ,2.0
simpler project-managing app |Simpler Project-Managing Apps ,2.0
central server |central server ,2.0
project management body |project management body ,2.0
system yes yes yes proprietary celoxi |system Yes Yes Yes Proprietary Celoxis ,2.0
software release schedule |software release schedule ,2.0
shared workspace |Shared Workspace ,2.0
modified version |modified version ,2.0
no hp project portfolio software no |No HP Project Portfolio Software No ,2.0
user specification |user specifications ,2.0
messaging functionality |messaging functionality ,2.0
b zaliznyak |b Zaliznyak ,2.0
no hyperoffice no |No Hyperoffice No ,2.0
no omniplan no |No OmniPlan No ,2.0
dataset |datasets ,2.0
no pivotal tracker no |No Pivotal Tracker No ,2.0
no planta project |No PLANTA Project ,2.0
no onepoint project no |No Onepoint Project No ,2.0
dan galorath retrieved |Dan Galorath Retrieved ,2.0
development estimation software capital program |development estimation software Capital program ,2.0
apollohq |Apollohq ,2.0
cvs software and bug-tracking software |CVS software and bug-tracking software ,2.0
scheduler or risk manager |scheduler or risk manager ,2.0
altered scope |altered scope ,2.0
gpl java project-open |GPL Java Project-Open ,2.0
task list |task lists ,2.0
concerto software |Concerto Software ,2.0
linux journal |Linux Journal ,2.0
piece |piece ,2.0
no lisaproject no |No LisaProject No ,2.0
addison-wesley |Addison-Wesley ,2.0
issue edit |Issue edit ,2.0
anti-patterns ineffective and or counter-productive design pattern |anti-patterns ineffective and or counter-productive design patterns ,2.0
pmi italy |PMI Italy ,2.0
teammates and customer |teammates and customers ,2.0
saas redmine hosting plan |SaaS Redmine Hosting Plans ,2.0
system user |system users ,2.0
proprietary projectlibre no unknown yes cpal java project kickstart |Proprietary ProjectLibre No Unknown Yes CPAL Java Project KickStart ,2.0
software manufacturer |software manufacturers ,2.0
no yes proprietary jira |No Yes Proprietary JIRA ,2.0
no binfire no |No Binfire No ,2.0
negative impact |negative impact ,2.0
user acceptance testing uat phase |User Acceptance Testing UAT phase ,2.0
chiselapp changeover complete |ChiselApp ChangeOver Complete ,2.0
track task |Track Tasks ,2.0
activities resource assignment |activities Resource assignment ,2.0
project failure |project failure ,2.0
bug tracking issue |bug tracking issues ,2.0
software project management failure |software project management failures ,2.0
no yes unknown brightpod |No Yes Unknown Brightpod ,2.0
computer hard |Computer Hard ,2.0
windfall |windfalls ,2.0
home project |home projects ,2.0
numerous pc browser based project management software |numerous PC browser based project management software ,2.0
instant communication |Instant communication ,2.0
assign dates and resource |assign dates and resources ,2.0
detail |detail ,2.0
opportunity management |Opportunity Management ,2.0
system testing |system testing ,2.0
project portfolio management software-sciforma-netherland |Project Portfolio Management Software-Sciforma-Netherlands ,2.0
no milestones professional no |No Milestones Professional No ,2.0
version control |version control ,2.0
lifestyle |lifestyle ,2.0
o dell |O Dell ,2.0
targetprocess no |TargetProcess No ,2.0
mantisbt org |Mantisbt org ,2.0
commons category |Commons category ,2.0
effort |effort ,2.0
planner suite no no |Planner Suite No No ,2.0
gpl projector psa |GPL Projector PSA ,2.0
james |James ,2.0
single user edit |Single user edit ,2.0
grovesite no no |GroveSite No No ,2.0
software afterword |Software Afterword ,2.0
no axosoft no |No Axosoft No ,2.0
overview information |Overview information ,2.0
collaborative edit |Collaborative edit ,2.0
en wikipedia org w index php |en wikipedia org w index php ,2.0
severity levels edit issue |Severity levels edit Issues ,2.0
analyzing prioritizing |analyzing prioritizing ,2.0
proprietary prolog |Proprietary Prolog ,2.0
garcia |Garcia ,2.0
software configuration management |Software configuration management ,2.0
test |Test ,2.0
early warning |Early warning ,2.0
no no planisware yes yes yes planner suite no |No No Planisware Yes Yes Yes Planner Suite No ,2.0
web based task management system |Web based task management system ,2.0
proprietary clickhome |Proprietary ClickHome ,2.0
page |Pages ,2.0
quality assurance analyst |Quality Assurance Analysts ,2.0
team and management |team and management ,2.0
computerized management |Computerized Management ,2.0
source control |source control ,2.0
proprietary conceptdraw project no |Proprietary ConceptDraw Project No ,2.0
delivered software |delivered software ,2.0
unrealistic or unarticulated project goal |Unrealistic or unarticulated project goals ,2.0
obtain |obtains ,2.0
monitoring and control edit |monitoring and control edit ,2.0
software or open-source software |software or open-source software ,2.0
no microsoft team foundation server no |No Microsoft Team Foundation Server No ,2.0
south-western college pub |South-Western College Pub ,2.0
no libreplan no |No LibrePlan No ,2.0
no no mavenlink yes yes yes merlin |No No Mavenlink Yes Yes Yes Merlin ,2.0
sourceforge integrate project management software |SourceForge integrate project management software ,2.0
budget |budget ,2.0
collaboration |Collaboration ,2.0
timeline |timeline ,2.0
mistaken view |mistaken view ,2.0
agilo |Agilo ,2.0
contact management |contact management ,2.0
project-management software comparison |project-management software Comparison ,2.0
word issue |word issue ,2.0
no gpl ruby teamcenter |No GPL Ruby Teamcenter ,2.0
user acceptance testing |User acceptance testing ,2.0
smartphone |smartphone ,2.0
no trac no |No Trac No ,2.0
timely fashion |timely fashion ,2.0
teaching programming |teaching programming ,2.0
circuitry |circuitry ,2.0
documentation or administration system |documentation or administration systems ,2.0
types edit desktop edit project management software |Types edit Desktop edit Project management software ,2.0
easy projects rating |Easy Projects Rating ,2.0
ticbeat |TicBeat ,2.0
no planbox no |No Planbox No ,2.0
negative effect |negative effect ,2.0
fallback option |fallback options ,2.0
no deltek welcomhome no |No Deltek WelcomHome No ,2.0
no redmine no |No Redmine No ,2.0
projector psa no |Projector PSA No ,2.0
und it-dienstleistungen |und IT-Dienstleistungen ,2.0
online collaboration tool |Online collaboration tool ,2.0
techopedia |Techopedia ,2.0
scope project management |scope project management ,2.0
potential risk outcome |potential risk outcome ,2.0
office productivity tool |office productivity tools ,2.0
actual and planned performance |actual and planned performance ,2.0
project management faq |Project Management FAQ ,2.0
featured paper |featured paper ,2.0
vol |Vol ,2.0
project portfolio management ppm |Project Portfolio Management PPM ,2.0
unknown yes unknown fmyi |Unknown Yes Unknown FMYI ,2.0
unknown proprietary launchpad |Unknown Proprietary Launchpad ,2.0
no yes dotproject |No Yes dotProject ,2.0
immature technology inability |immature technology Inability ,2.0
sigplan notice |SIGPLAN Notices ,2.0
stakeholder |stakeholders ,2.0
dynamicwp |Dynamicwp ,2.0
change management |Change management ,2.0
cost-benefit analysis |cost-benefit analysis ,2.0
non-specialized tools edit |Non-specialized tools edit ,2.0
extra resource |extra resources ,2.0
term |terms ,2.0
book |Book ,2.0
management skill |management skills ,2.0
php compuware changepoint |PHP Compuware Changepoint ,2.0
right |rights ,1.0
bitbucket stash |Bitbucket Stash ,1.0
atlassian products jira jira service desk confluence confluence question |Atlassian Products JIRA JIRA Service Desk Confluence Confluence Questions ,1.0
valid email address |valid email address ,1.0
newsletter |newsletter ,1.0
legal term |Legal Terms ,1.0
facebook twitter google youtube pinterest |Facebook Twitter Google YouTube Pinterest ,1.0
dead link |dead link ,1.0
div div style display inline |div div style display inline ,1.0
feed |Feeds ,1.0
quote downloads ondemand learn git company overview |quote Downloads OnDemand Learn Git Company Overview ,1.0
oop |Oops ,1.0
buy log |Buy Log ,1.0
